0.0,0.0423608484770541,0.0,0.06174245496198527,0.02471309204907758,0.0,0.027169059745939857,0.0,0.0,0.0,0.8031573795579343,0.8202759648474558,0.9020744262549947,0.9128528696344714,0.0211197636873993,0.03040792875239194,0.04239673892602046,0.1118175153047928,0.0,0.020027964663656753,0.0578297892550878,0.0,0.9034043321308741,0.0,0.0,0.044423875939095754,0.0,0.0,0.7381217034427555,1.0,0.9095702799439661,0.0,0.014099495423768402,0.0,0.0,0.0,0.06819768556900481,0.0,0.9275495720261389,0.022374973757841553,0.08164313641565593,0.011889811726920399,0.057977850065090514,0.0,0.0,0.047438811362993494,0.9041456983577935,0.18751639611228535,0.03587886011288865,0.04448767002632602,0.7030281560934903,0.8802754706194645,0.812583875794039,1.0,0.0,0.0023158413673819303,0.0,0.0,0.04594367423408896,0.0,0.0,0.0,0.03443250371496178,0.08394137444503187,3.0
0.05737169504919394,0.012945152762041218,0.0,0.0,0.0,0.0,0.018722632201479687,0.0,0.0229948677523331,0.22491993743040245,0.9271750570084251,0.9236225547206749,0.8772845442628725,0.8846907827303002,0.0,0.0,0.0,0.03072656101118807,0.017059398538314622,0.0,0.0003019531184555073,0.04705796642868219,0.85813283534255,0.06720551827610413,0.014926767627908614,0.0,0.18814615587856356,0.3117917189701101,0.8373397552107447,0.9108467515053288,0.8438626840216722,0.059228221099904436,0.0,0.045501035320752115,0.0,0.007584101417201595,0.05660835960293055,0.013104220413810562,0.9528763795278448,0.0,0.013821654108539333,0.01368532698803659,0.06316166934552209,0.0,0.0,0.0,0.7573212746902988,0.014837108766583701,0.0,0.001084427508581182,0.9273271215951479,0.9462334119408535,0.8752554616994594,0.9326912758134382,0.0,0.0,0.00011512342008022942,0.016201115987339348,0.0,0.011236054043954845,0.05431823547637469,0.016084196679439507,0.0,0.0,3.0
0.0,0.020526084028678084,0.0,0.7948314629171759,0.0,0.0,0.0,0.0,0.0,0.09937553852893939,0.0,0.8956677006953959,0.051796678637333775,0.0,0.0,0.07532107321282798,0.02136724388871325,0.02524244950947493,0.03299384815923291,0.9156563269321917,0.0,0.10014611451785896,0.05075300953923513,0.015081272631044682,0.007492596514902303,0.0,0.07297690173849464,0.8046762105311446,0.0,0.0,0.0,0.026799651545903382,0.0,0.0320404043229062,0.0,0.7860654305511331,0.0,0.0,0.0,0.01321787795069607,0.003125555360404176,0.05409504761767456,0.05712445232752938,0.8129896822577387,0.0,0.10734066924723361,0.002236678990111165,0.055095293826360595,0.0,0.0,0.0,0.7095461535489477,0.028933218482295006,0.0,0.3275553205491467,0.0,0.004030607466663282,0.0,0.0,0.7109532880792127,0.0743896893876026,0.2950128190393844,0.020389612523848046,0.0,1.0
0.03225385394561909,0.015254346167070719,0.0,0.05208484987467128,0.0,0.0,0.0,0.0,0.08496829285554872,0.03578987790210497,0.6803748697459386,0.6870912897863777,1.0,1.0,0.0,0.0,0.0,0.0,0.9405119802553716,0.0,0.023062905589622255,0.0,0.0660797828283366,0.025281659007709185,0.0,0.04921795663050938,0.6692267373552525,0.9156823472896946,1.0,0.6768622785698075,0.050418955799719084,0.0,0.0,0.044047354480954155,0.056843942998776556,0.02787260533706499,0.05994772794990114,0.028672550990512427,1.0,0.0,0.04248835487875022,0.0,0.06077372283995604,0.0027508829365738945,0.0,0.0,0.7777966541132706,0.0,0.06837651068454881,0.023800951890970368,0.7898588412865404,0.8986135333369191,1.0,0.9302697881660348,0.014164536184070726,0.04259213633650613,0.1395492012796815,0.005117427210533841,0.0,0.03799815446954496,0.011120257891722241,0.0,0.0,0.0,5.0
0.0,0.9118205556282033,0.0,0.047396644469991395,0.0,0.0,0.0,0.0,0.0,0.9790723639643505,0.057846053332231785,0.028750476977860685,0.03587378518495304,0.0,0.0,0.0018791066074343996,0.025892300563755535,0.8348659849215412,0.016114295910432678,0.0,0.0,0.07399235510291441,0.7996202503420239,0.0,0.089193463771907,1.0,0.981542269352795,0.9656767702145499,0.9921737830649385,0.7043369098875905,0.7503532141370484,0.0,0.06373349720654146,0.0,0.0,0.0,0.0,0.0,0.9272231937540716,0.04683637013780498,0.0,0.14141704841447172,0.0,0.0,0.0,0.0076671975755339215,0.7529144564043372,0.06562640736051682,0.01213250478210375,0.0,0.0,0.33178463464021685,0.0,0.07714148842140013,0.7917092243784692,0.011630801464333679,0.015236361926856483,0.00851744032103952,0.0,0.0,0.0,0.03318734927446619,0.030036799810134848,0.0,4.0
0.0,0.0,0.0,0.9326135038426073,0.0,0.10771584946442488,0.0,0.0,0.0,0.0,0.020100984597803833,0.9056970183394785,0.041298619862926794,0.0,0.0,0.0,0.03547775350902435,0.045433133848827766,0.0,0.7275258038977748,0.0,0.0,0.0,0.02501382123891474,0.0,0.046478920115323494,0.0,1.0,0.0,0.0,0.0,0.0,0.10211376570433671,0.0,0.1540991223480353,0.7780389859304464,0.005765295728136294,0.0,0.0,0.0,0.07812043027779689,0.07951411447016303,0.0,0.7902329035626335,0.0,0.0,0.040378008227183855,0.0321647531585316,0.0,0.010520761538612363,0.0,0.7902112646812957,0.0,0.0,0.009356696272905304,0.0,0.0,0.0,0.0,1.0,0.0,0.0005777613071934908,0.03390969291515263,0.012809355817628605,1.0
0.0,0.07080873694300875,0.0,0.007935446688476237,0.016811039659443014,0.04684169456926927,0.0,0.012609780404510051,0.0,0.0005172426273175047,0.03232969252819991,0.05558180437802812,0.1581878426079899,0.008021540451008183,0.0,0.008053765658047501,0.0,0.045482067787200986,1.0,0.9575228817727421,0.8159846260461179,1.0,0.0,0.04839249309490745,0.09226309047285475,0.7397092818695953,0.0,0.0,0.0,0.06408322362848076,0.9662222867297169,0.0,0.11060187512905634,0.00874274660575407,0.767876411201175,0.7812160406361571,0.9894195102167671,0.9177755967609619,0.0,0.06701998070108735,0.0,0.8209007906573623,0.0,0.0,0.05982617751836242,0.0,0.7563155088988388,0.0,0.0,0.932580629153444,0.06644119416267362,0.0,0.029429890877541193,0.044053783514490824,0.9504864338832678,0.014186240433244776,0.013392535231524953,0.022657360066872783,0.7643048407156121,0.7958682287933349,0.748420860618961,0.8756228171474687,0.0,0.07559436965736445,8.0
0.0015465144446642344,0.0,0.016668762462353964,0.0,0.0,0.0,0.0,0.0,0.019977055060142725,0.0,0.0,0.03218326426923101,0.13828277105707795,0.0,0.018344373779328193,0.00842251274737219,0.0023503012736710524,0.0,0.8987460566618407,0.9286845129584207,0.9133024263497904,0.879026287296089,0.013134066571280203,0.0,0.0,0.7862896255479731,0.22102915417525174,0.03776004808754361,0.0,0.032137899065433455,0.8269832700971367,0.0009751918577422359,0.0,0.01638831854657504,0.7766183171487939,0.7036646551139656,0.6897571876083944,0.8081023746092377,0.0,0.0,0.0,0.7583234175575292,0.026713184413769287,0.052689790865259746,0.0,0.0,0.9237091603744498,0.0,0.0,0.9350768566678316,0.03778720733369351,0.009238427048362844,0.0,0.0,0.8648401543003298,0.018033161014197264,0.03387405132267517,0.0,1.0,0.9009587542013704,0.9456629582847852,0.9319673933440555,0.0,0.010738405906708229,8.0
0.0,0.0024099307760509334,0.0,0.0,0.015378195491478511,0.0,0.004407304712813066,0.0,0.0,0.07048557993183302,0.03665715880665584,0.0,0.0,0.0,0.016143835898587474,0.04171258777041134,0.009862509359611468,0.06800007114371744,1.0,0.7716356921225006,1.0,0.8985653755560579,0.0,0.02830185861603851,0.0,0.9065844630372409,0.0,0.02944012918915381,0.05859515894296957,0.012547054450441245,0.077333719952943,0.0,0.037888832832422996,0.8428781677946264,0.8758819280640139,0.9577433260620879,0.8008619085260306,0.9286403885682328,0.0290745652043308,0.0,0.06169188308188163,1.0,0.0,0.0,0.057411206635956696,0.0,0.8530373910966034,0.0416131295461341,0.0,0.9290609555416464,0.0434026724738674,0.05472815868855355,0.0422669812898383,0.0,0.9708143808672626,0.07286208818437016,0.0,0.00884956980125175,0.8428428662375667,0.8526861156224056,0.7265652304901464,0.6948407695446628,0.12164640986232174,0.0,6.0
0.0,0.04665316060830815,0.0,0.0,0.005655150384636899,0.0,0.0,0.0,0.0,0.0,0.0003827007792800144,0.026412994006191987,0.04221394577272752,0.0,0.0,0.0,0.0,0.09993088543975538,0.8681847915853693,1.0,0.7552407190895236,0.7312318840807852,0.0,0.1436761248713504,0.0,0.8357539320190639,0.0,0.0,0.0,0.0,0.10692408899731172,0.0,0.0,0.9125261447151174,0.956751249301822,0.9740727513835179,0.7758320254335149,0.9650423305869841,0.0,0.0,0.0,0.6689919335107287,0.0,0.03355884709692205,0.014237598718557478,0.0,0.9727142877671027,0.04406815166759121,0.06353320399125349,0.6865815656259352,0.0,0.0013529930811814262,0.04125470046938476,0.006561764693397707,0.9872370689933652,0.0,0.0,0.04911357032255928,1.0,0.6901876637734132,0.8544995546049086,0.8027139173994134,0.0,0.0,6.0
0.014654403690421501,0.0,0.08203641801914789,0.03468551574419009,0.03993129073779274,0.0,0.0,0.0,0.0,0.06613044021918017,0.0,0.05019558005975573,0.02705357978326945,0.0,0.0,0.0,0.03741168484856055,0.0,1.0,0.9621695067368665,0.7446395792027438,0.6750428813427716,0.014361741745381905,0.0,0.04424916048137498,0.7076571261562338,0.0,0.04272747800952672,0.0,0.0,0.0,0.0,0.0,1.0,0.8976968076704341,0.8201145198676529,0.841977285767792,0.7748931871306051,0.01600809394865028,0.0,0.0,0.7662030480699391,0.04655320491609892,0.0,0.047086132316851714,0.004303972310962824,0.8399384140256582,0.07630044662596974,0.0,0.8764525440277215,0.012619623628258959,0.05635904625822158,0.01808651176186847,0.0,0.8336467444343647,0.0,0.013001671941919205,0.0,0.6865455886684239,0.8967923096668962,0.9435676602515639,0.8294929962428035,0.03129718797615613,0.0,6.0
0.0,0.19188277570444986,0.0,0.0,0.047128299099610825,0.0,0.0,0.0,0.025340257731563676,0.0,0.0,0.03218077662078639,0.06666037562498367,0.012585666794419668,0.039910265466137455,0.0026807315458609454,0.0,0.0,1.0,0.9390437684266827,0.9812933338917709,0.9511084614671906,0.0,0.08283723949839934,0.0,0.8865231583178778,0.0,0.0,0.0,0.09017655279979285,0.967028899316232,0.0,0.06210942178445721,1.0,0.0,0.0,0.0,0.0,0.7959738445305993,0.055207288932061276,0.0,0.8529706561140614,0.08842692787327493,0.0,0.0,0.0,0.8832909047613434,0.0,0.016208579911259624,0.8525412644553606,0.0,0.0,0.024806432856593064,0.0013870629751906072,0.9996126294441445,0.03028943027635657,0.07875061806493602,0.0,0.8972797144606931,0.8545691490050447,0.7709019494378069,0.906003600870708,0.0,0.0,0.0
0.007597861808776513,0.035257445278670196,0.06138125726797311,0.0,0.18597708304269306,0.0,0.0,0.041998001820061415,0.004781313277188744,0.03242849852564112,0.0,0.0,0.0657261117002798,0.0,0.020329100574699426,0.0,0.0,0.31207518145965635,0.783397741897543,0.9411721314196108,0.6938721616806387,0.8916802509430625,0.017146673551768736,0.06374088022012009,0.04341692217117489,0.702204300207827,0.046189933521789045,0.0,0.03222528046832134,0.01418649990664616,0.0,0.0,0.0,0.9892038346642557,0.792710535817842,0.8951570099968014,0.6477477552254283,1.0,0.336806173603522,0.001573028215106176,0.0,0.686275179171359,0.0,0.0,0.0,0.055480909723230644,1.0,0.0,0.0,0.874471158874453,0.10689580457893284,0.0369828448888865,0.009478397077355557,0.0,0.7466890073499667,0.0,0.0,0.0,0.7523367121468538,0.9682639688511809,0.7886018957176706,0.7847461245327533,0.022163713723714975,0.0,6.0
0.0,0.05324023263568855,0.0,0.029373583669583394,0.0378907956435425,0.0,0.0,0.0,0.0,0.0,0.0,0.0,0.0,0.0,0.10145241343429488,0.0,0.03388174882582941,0.0,0.7663953178699937,0.9940381209420039,0.9870467888480204,0.8229126589445219,0.03101078189018427,0.025624211893577192,0.0,0.818157009256083,0.0,0.0,0.04217237166124823,0.048246052494823125,0.7501800535925904,0.018273755632534767,0.0,0.0308114460461338,0.9841664530435063,1.0,0.7034315634119959,0.9529423990908965,0.7322041006424753,0.019641601373939388,0.01364110129340346,0.0,0.0,0.04321165419184414,0.02036660577491606,0.00619388451356632,0.9544090584906237,0.031976079753807445,0.09484678267124912,0.053334743120216,0.0,0.2211225301021982,0.03773475115370514,0.04374494489011187,0.7665828374062507,0.0,0.0,0.01629718337968746,0.03470354708307543,0.03662758447173747,0.03780857160246036,0.16278211095884343,0.0,0.01548799970453056,9.0
0.0,0.010914232770515203,0.0,0.0,0.0199270939804579,0.025450837788180043,0.09117600012327604,0.0,0.02494423805368536,0.0,0.9379341426535146,0.8185930882447391,0.7825636462155219,0.880735710347024,0.060755070846964035,0.07454377972083008,0.0510387309936472,0.0,1.0,0.11907600022712378,0.021571340706111927,0.07663188289375406,0.016513952066808925,0.035474179780046265,0.09136429674886581,0.07551906851779161,0.6767032917073241,0.8365985961694405,0.7233718547127297,0.9225025680026596,0.0,0.04953265864136398,0.0135208912159471,0.0887129981638655,0.014741729981446908,0.0615793384601721,0.06147055307875776,0.0,0.6748326469815941,0.0,0.006069053455879034,0.046798230352657656,0.12358760538020704,0.0,0.0,0.042158900066101845,0.6748600489951421,0.0,0.0,0.03890897135991425,0.8133369977367273,0.8718775246704048,0.9864760061875049,1.0,0.0,0.020628013638986087,0.0,0.0,0.0,0.004202334959275334,0.0031717161362718373,0.0,0.047787363186814376,0.0,5.0
0.0,0.2847611490322254,0.0,0.189081894302792,0.023744759927828957,0.02460695458094478,0.03764684700201356,0.07758610751290496,0.0,0.0003492842223303003,0.9951218466301942,0.9230345250852595,0.9071946718282351,0.9673932047995616,0.0,0.0,0.0057255754440181245,0.0,0.05213665714589179,0.04044053428234927,0.0066970233233260654,0.0,0.690099726276806,0.0,0.0,0.0,0.018349318415281504,0.0,0.031310486954055965,0.8604511669301933,0.0,0.04047902140016986,0.025920910211888356,0.0,0.0,0.0244200263900983,0.8588058481351936,0.0,0.03436024148431591,0.017644156421571248,0.0,0.0009094247687442162,0.11389777180449984,0.9601830359844618,0.0,0.0,0.0,0.0,0.016992758685882157,0.039690885902914474,0.8108189764722811,0.7705052741911356,0.9600492621609074,1.0,0.8229884253665914,0.08123921619206065,0.0,0.0,0.0,0.018934052686155636,0.05748091723464659,0.0,0.0,0.0,2.0
0.0,0.04423219399105635,0.016029589072710307,0.0,0.014345163358343955,0.03040490464743835,0.02748084974360106,0.0,0.0,0.0,0.9183678787963188,0.88025373931522,1.0,0.7515212291561821,0.0,0.07524941446209199,0.0,0.0,0.020293848887991087,0.060169179684143696,0.18621259038985882,0.0,0.9410552558874826,0.025533050486068326,0.0,0.036150875533191205,0.0,0.03559316119374995,0.07937996191073687,0.9533227091174751,0.0,0.0,0.0,0.010337207211476707,0.0,0.0,0.8813212104078996,0.02956975286746479,0.0,0.048760237400543444,0.0,0.0,0.0,0.909569036483304,0.0,0.0,0.02587165859008271,0.0,0.0,0.07532907575529324,0.9263270106857951,0.9798581160594265,0.7617033444985771,1.0,0.6952297941370633,0.02916103812275647,0.0,0.004557844340590165,0.0,0.011924246580750503,0.0,0.0,0.2248046247714395,0.07844402090687469,2.0
0.0,0.0,0.0,0.8094634907960725,0.0,0.040343091832704216,0.0,0.006494517615103112,0.03514263573465418,0.0,0.019817744323487863,0.960762789635093,0.0,0.0,0.03223956030209149,0.057795124314696904,0.04355744041468665,0.038147080019994256,0.008293878424857596,0.716206474422008,0.00749646400426706,0.0,0.10557003277168778,0.0,0.009698754998746345,0.006956020968569715,0.0,0.8591216383566936,0.0,0.08536877199277494,0.050010224995233554,0.012484437958655864,0.019990593077402485,0.0,0.019546467489599175,0.9396156638539199,0.028518135184920954,0.21195915787618966,0.0,0.0,0.0,0.0,0.06521344096271602,0.7490044634803341,0.0,0.11214677256598844,0.0,0.07492043175502154,0.0790302841250941,0.0,0.0,0.8432390095615871,0.0,0.04264030448076986,0.0,0.1033522710330316,0.05551100701190406,0.08644133484055729,0.2056891958240169,0.8619448055125688,0.0757272201882818,0.14485641659732865,0.06074355574334065,0.0,1.0
0.0,0.0,0.03500512669313698,0.031208683926738364,0.0,0.006043419110713878,0.025373648161285085,0.0,0.0,0.0,0.8815587053996924,0.8180019091461422,1.0,0.988537043599354,0.06644920062417589,0.07356201563664215,0.0,0.004171485659472773,0.9668801569135588,0.036206940102382824,0.0334596276804353,0.24483488309745088,0.0,0.04218135218746352,0.0,0.03488401683432509,0.8183165643354667,0.9111145419636725,0.6885271780073101,0.7066571457352508,0.0,0.03499617937539069,0.0,0.0,0.0,0.0,0.024301616486407867,0.0,0.9078573815391875,0.0,0.0,0.06617384458894203,0.01816191840859742,0.0,0.0,0.0,0.7933185047393567,0.0,0.01716862058217494,0.0,1.0,0.8897806183998799,0.7170244064086155,0.8869366049219898,0.0,0.0,0.03732057239690385,0.0569988186240665,0.09871930637198378,0.004355510813823402,0.04336973027768344,0.04824902600380765,0.0,0.06964759738664315,5.0
0.04569832811097289,0.01177189326194979,0.03840581576491122,0.08047137035568927,0.035557423517348974,0.0,0.0,0.0,0.02336849186844209,0.02359723994734054,0.03107885613882938,0.11592518165293536,0.08203593061164989,0.03169335889419002,0.0,0.012951747153569022,0.0195515798289766,0.00015738767747079484,0.9511596546333939,0.856041233708666,0.845574385976216,0.6619547918391402,0.0,0.0013299990131966609,0.0,0.9161333706150787,0.021263940277730292,0.0,0.0016212989514651317,0.05453335303005266,1.0,0.012917802933775577,0.0,0.0,0.714123859886854,0.7550444848298402,0.95865048812329,0.889969161372609,0.7361636819475199,0.0,0.0,0.0021108870561123215,0.07585977142618733,0.0,0.0,0.08727312532826514,0.9674436186791205,0.0,0.0,0.0229331961252954,0.02599890767443437,0.0,0.06578481230658721,0.0,0.9192273971724805,0.05662472493414911,0.0,0.0,0.0002733007864946343,0.0016308094778555258,0.0,0.16984777307711865,0.05162248201940852,0.0,9.0
0.0,0.0,0.03865234669006166,0.027549442986631395,0.023684816405817023,0.0,0.0946035824221912,0.0,0.0,0.04276418729725143,0.8653596360894892,0.830506334303492,0.9417620669919242,0.7769433658100943,0.040347833446101704,0.03010388052643205,0.005364746796333279,0.02773004148294177,0.0,0.0,0.013369981762203755,0.0,0.9655880291394852,0.04022330688999842,0.0,0.0,0.0,0.07632287756258876,0.9903021938685813,0.7869388335704601,0.8357074195347227,0.048213826496622314,0.18542909265338609,0.0010671821623785321,0.0,0.0,0.04659281711418905,0.012907999278094882,0.7139737997014677,0.0,0.12382877082398072,0.0,0.0,0.0,0.0,0.0,0.9990060954638478,0.0,0.28969938022229264,0.0,0.90475899507438,0.730317889173647,0.8158457301134305,0.8214747268994317,0.0,0.0,0.030051549261836775,0.024194143796121923,0.0,0.09316269001954698,0.004243923689672755,0.0,0.0,7.67151059275705e-05,3.0
6.810714152307453e-05,0.0026192791996499415,0.006464817687574448,0.017991703120546338,0.0,0.0,0.08707259696352179,0.045894865761252554,0.0,0.0,0.9960702676030315,0.9908651761285194,0.7969584258848768,0.6898843968332915,0.0,0.0800204952647693,0.07781888693075258,0.03323681134911181,0.056523175375804625,0.007526035918573055,0.0,0.006829985273316977,0.911025198850004,0.0,0.0,0.0,0.0,0.04491966488706845,0.8677739812619657,0.9592552778427077,0.7679221064102801,0.0,0.017382633874264388,0.0739584671048376,0.032873646161095296,0.022970424233073137,0.0,0.0,0.9272951975563283,0.04318926920638201,0.053328979124148704,0.0,0.0,0.0,0.0,0.0,0.8160345961130117,0.0,0.06352893221496173,0.0,1.0,0.8568211164962198,0.8465985619411438,0.8226009600060362,0.0,0.010328450615819136,0.0,0.03371448502168844,0.0036145186056371972,0.05531535441877471,0.010046809412129123,0.0,0.019046597097518894,0.002230296255806398,3.0
0.02826721631842731,1.0,0.0,0.027124002761906255,0.0,0.0,0.10200248431819386,0.06265912560313085,0.0,0.7960694560046769,0.0,0.06510044722111696,0.07675359737091964,0.0,0.0,0.028074757802738045,0.0,0.983942204728324,0.009640614811693912,0.0,0.0,0.0,0.8855063361765928,0.0,0.039330889932957074,0.8313278615896613,0.7580058583939766,0.7820497084350917,0.8832607429405104,0.893555300642581,0.8362385512527262,0.0,0.08305805243260395,0.22147232518375462,0.006757844800526972,0.03522086198785236,0.0,0.0,0.8031333527445631,0.0,0.0,0.0,0.06048591113811244,0.03639658079723592,0.03663936143626491,0.0,0.7126336241772224,0.04307060048712612,0.04835694833043364,0.05267992248355922,0.049573946489300025,0.0,0.0,0.0,0.9280293104526267,0.08314090171611044,0.03527933876293412,0.055781236319772526,0.10046483968615057,0.0,0.02980490217606027,0.0009290877531164052,0.012652840570825883,0.0496658262815216,4.0
0.0,0.0,0.04110365866632852,0.0,0.0,0.017898918826234272,0.0011494136953134726,0.0,0.07033177573182534,0.0,0.9403809779163932,1.0,0.9215013051712252,0.749594518687027,0.0,0.0,0.08012350244624199,0.0,0.01094069227523424,0.0,0.0,0.05034071385771112,0.8170000259999901,0.0,0.0,0.20937934443211315,0.049135016565934365,0.038108741275155567,1.0,0.8511518630820699,1.0,0.0,0.003632147446752651,0.052024152645826494,0.03363910419677349,0.0,0.0,0.0,0.7846675253673134,0.0,0.024984918090099152,0.025992722527830255,0.014075793216456156,0.005419961948036842,0.0,0.0,0.8493376778935944,0.08424732570517812,0.0,0.0,0.7984763113929129,1.0,0.9596162277860281,0.7633275152877091,0.028535607299126478,0.0,0.0,0.0,0.009053083674457766,0.0,0.0,0.0,0.018225823691289608,0.013342378859697496,3.0
0.0,0.0,0.0012982784425566115,0.10013187330754565,0.05070005700826538,0.0,0.0815149392944693,0.0,0.0,0.06807623414910806,0.01632936203497262,0.0,0.03362074624996214,0.0925647577264694,0.0,0.0,0.08173168445689709,0.01742230657650837,0.8819208547090758,0.9590131714609366,0.875603631584616,0.8734656583857028,0.023277558316498283,0.0,0.0,0.8391015550868944,0.0,0.0,0.0,0.003503884212764397,0.7079847168581048,0.0653590005073537,0.08013493304518265,0.04760252607540264,0.931678034336475,0.8625583986197181,0.9635422988406659,0.8358485752532474,0.0033423648788178995,0.04643637345103692,0.04070966252741631,0.8849137366599509,0.0,0.0,0.33049305723346856,0.01924846227482005,1.0,0.11408177626311254,0.0,0.7815571603574273,0.0,0.01992520303629082,0.08185076831982573,0.0,0.7552553849797654,0.0627495482169131,0.0,0.037267535329935195,0.9190623615798497,0.8245073388237901,0.8559243373108552,0.7466890780094746,0.03868905609517395,0.04174014076098311,8.0
0.0,0.9424761662046922,0.0,0.0,0.0,0.0,0.0,0.0,0.0,0.7670955791452316,0.028690126618068103,0.0468550187702724,0.0004204165429758697,0.08609978369124877,0.011951453916907988,0.002943361921372306,0.0,0.8435611025910766,0.07819388319114792,0.03918387139482386,0.11642001282698886,0.05224326089175301,0.9867153665997708,0.0,0.0,0.799076146470985,0.8825262158663041,0.9858177563574045,0.7260463325850646,0.7948242285911213,0.936622906755722,0.0,0.08493216666562045,0.039695161754760795,0.04857872069231411,0.06401802194534512,0.0,0.049389550313880606,0.8289894643510842,0.0,0.08826625543092903,0.029936255728475053,0.28466786122791937,0.09279530108338102,0.0,0.00470747127624313,0.9713979962649263,0.08995242634495698,0.0,0.0,0.0,0.0,0.0,0.015678136056382384,0.8438494105636044,0.01645057508201628,0.0,0.0,0.014248062009489672,0.0,0.1344993922849439,0.0,0.017352642514222055,0.0,4.0
0.05674320756600768,0.11698802040454505,0.06736468594374646,0.0,0.017435598969068943,0.0025685092733564014,0.04799763324972281,0.0,0.0,0.14178837015297302,0.6324392988008453,0.9252293649915191,0.9070606048850536,0.8717343478430282,0.025129882189176875,0.0,0.0,0.053610568768363676,0.05162561059383465,0.009668708476809666,0.0,0.025830505990088765,0.9919123065256301,0.0,0.00041439439543110627,0.0,0.0,0.0,0.007204995904059083,0.8719277600539048,0.04542197492032746,0.07115696598218199,0.04239916087785457,0.0,0.047781002570101906,0.014623746419563006,0.9511483038029203,0.012193027185442348,0.10738038936762657,0.0,0.03340032729943712,0.13386499885095546,0.06813783235786945,0.7719602696895587,0.0,0.0,0.0,0.0,0.0,0.0,1.0,0.732236477002319,0.7855870666411714,0.8600169042818346,0.8781447245272871,0.0,0.026575216050257408,0.08388497202215742,0.0,0.11896743022322823,0.0,0.027922627796445373,0.0,0.0,2.0
0.0,0.8006107133547795,0.09069255087211753,0.05385280497257225,0.0,0.03712401741658414,0.05201845997031447,0.0,0.039549478910130026,0.7967879418698077,0.051885738541958576,0.003001131911141401,0.0,0.004800157681507525,0.08309287556508077,0.0,0.0,1.0,0.0,0.016137854672102395,0.23034152329023044,0.017112927741538792,0.7185383754926125,0.0,0.0,0.9629401942040875,0.8178904842773064,0.9116925717111984,1.0,0.9204520206427248,0.9194349385018203,0.0,0.0,0.03913214848868778,0.0,0.07698216930826157,0.12492338968928869,0.02960367841765465,0.8663826867967784,0.08785046878495155,0.0,0.0,0.08208697950983074,0.0,0.04008933977278855,0.0,0.8976687636291039,0.020065942369406477,0.015113302565417576,0.009795543071446006,0.00927380512433596,0.046873272741613126,0.027200877761571547,0.030682699815123296,0.8437128123559401,0.0,0.06247614950698286,0.010863712467956015,0.09609640801482122,0.0,0.0,0.05546803684584023,0.0,0.0,4.0
0.029984671334775573,0.03541371481731476,0.08078665278822963,0.8425198041942763,0.0,0.039126112545583284,0.09302798485186403,0.02881046271486803,0.0,0.03072501516793953,0.0035455540821735503,0.9970340104084907,0.0,0.007844072172613658,0.0,0.0,0.0,0.0,0.04874709955547712,1.0,0.010032864932724843,0.0,0.007325998554367198,0.0,0.027053848266647675,0.0,0.04737177104206314,0.6928889646815324,0.01504404469033839,0.0,0.0,0.050096246345808795,0.01012449343029379,0.07469369644797313,0.10515469033380816,0.8873810435930054,0.0,0.06287630604101502,0.0,0.004185635436587043,0.016179487957554677,0.0,0.0,0.8922751825295949,0.0,0.0,0.0,0.0,0.047660694906272956,0.0,0.009929688935499089,0.8208043946984015,0.14746015810315147,0.0625596951055462,0.08220271772124152,0.0,0.0165571570353097,0.014959360376873752,0.0,0.807312505085656,0.006866130588627642,0.0,0.0,0.0,1.0
0.048263690020958656,0.0,0.05516648767613455,0.0,0.04783928998704904,0.0,0.0,0.016759973536557487,0.0,0.0968224419711757,0.0,0.04154414246074282,0.009000043524169233,0.2601569867253008,0.0,0.0,0.05149724576228104,0.12628661425275017,0.7256124920665288,0.6858198594112801,0.8100383929414312,0.9496650843694366,0.0,0.0,0.12170281487102125,1.0,0.06027649171733168,0.0262211125683282,0.005906439845364819,0.05394673342051786,0.0,0.0,0.0,0.7387793487577222,0.8472303779691579,0.9179269512004441,0.8482027285258517,0.7347984548632688,0.06238199317800979,0.0,0.010567912440505726,0.9074150730906266,0.05758589425537494,0.0,0.0,0.0,0.7941294611675527,0.0,0.02945895077841435,1.0,0.01729858386596523,0.07852368384901809,0.020682551275140435,0.07659064503839462,0.8131181720811486,0.02722978257120895,0.020840911851550323,0.03447311070988532,0.8778405087867506,0.9206044586590015,0.9620825398299818,0.7980209266009382,0.0,0.006383307796461664,6.0
0.0,0.9498874953023917,0.6631553644222717,0.8848596602147533,0.9789681063521372,1.0,0.9243810425216571,0.01763360032333804,0.010548023783021575,0.016095784311587338,0.014613535704977441,0.0,0.07824420211593366,0.00695522624118764,0.7348902953299533,0.0,0.02249166365964318,0.023028757067145175,0.0,0.013419806166962584,0.0,0.8382357877672815,0.006461985920018146,0.20536439942432017,0.0,0.027802290034900413,0.0,0.0,0.9210650201275049,0.0,0.01798858709906701,0.09172058703204543,0.007869822049671973,0.1099914702009221,0.0,1.0,0.0,0.0,0.0,0.03541818428826424,0.0,0.0,0.7849404631687492,0.12046161524802912,0.11989802771831393,0.0004899765922139195,0.0,0.0,0.0,0.7708648319359791,0.0,0.06606980008882868,0.016964632414664168,0.0,0.0,0.0,0.0,0.154082001534608,0.0033216808661277845,0.0,0.0,0.0,0.0,0.0,7.0
0.02462636948901476,0.054071778556008955,0.011841784129983381,0.0,0.01349855168359786,0.0,0.008094818065037446,0.0,0.0,0.0,0.30457707931675543,0.0,0.06275530716698229,0.09126151853298844,0.05664522381402298,0.0,0.0,0.010178526592859002,0.7956895129106694,0.8596518839055801,0.9977167152312074,0.7460050424342607,0.0,0.05735466581664211,0.04431925474543737,0.9766781418526772,0.0,0.06855130327691802,0.28669088282983674,0.04112105242503078,0.8853614329432046,0.049906636045158465,0.0,0.9455873671862479,0.0,0.0,0.0,0.0,0.6958413930928768,0.039837365139259354,0.0,0.9664183714918535,0.010489366989201226,0.02130216832843416,0.05470598186002843,0.0,0.8710586817074205,0.0,0.0,0.8069752623817471,0.006699015132637046,0.0,0.0,0.0,0.8618650498002302,0.03342400897030296,0.03442599720708877,0.0,0.7822285271856612,0.8160963068532566,0.8521460737265516,0.8476982215591383,0.0021438948952221216,0.010283707334088529,0.0
0.0,0.0,0.0,0.030687491481582597,0.09152269404870535,0.0,0.005430662788490472,0.05693807950045154,0.07426448178911298,0.035497044365246665,0.04071936479630927,0.0,0.0,0.0,0.0,0.02411860442852211,0.07163526016127035,0.0,0.8301130396014518,1.0,0.8157090371101952,0.85270481628062,0.0,0.0,0.0,0.9531331615562415,0.0,0.002234627203768034,0.0,0.0,0.0,0.0,0.0,0.9986900945405646,0.7636463396505588,0.9349505427155993,1.0,0.8318059768996997,0.0006891223640611677,0.0,0.06549308291073144,0.6657352879589095,0.0,0.0,0.037147279810137955,0.009527830639350332,0.7666921700846732,0.023756918990509204,0.050193088674508335,1.0,0.0,0.0,0.03845311584594395,0.0,0.9943912134852945,0.01806062547755283,0.0,0.13568535263020085,0.8097512225228822,0.7737188208154478,0.9997891358365688,0.961243285365591,0.013396928428985787,0.0,6.0
0.04735225769030646,0.09692062571388396,0.05566284063405619,0.0,0.0,0.0,0.03723260410497158,0.03162572903764551,0.0459500486814235,0.09548553699851224,0.9110876588117047,0.7323463293746213,0.7891124613581726,0.860803154423208,0.0,0.0,0.023314373655948895,0.0,1.0,0.05647089986100369,0.0,0.007634457365502757,0.0060802704662537245,0.0,0.0,0.23090917978741332,1.0,0.7980914547893604,0.7449683688761565,0.9560870807154305,0.0,0.0,0.0,0.0,0.0,0.051520003039909806,0.020570448786339433,0.0,0.9197137514457475,0.012641041318042749,0.0,0.0,0.09485344238533791,0.023743000163326616,0.0,0.07854485013741924,0.6216435147238378,0.0,0.03865369869100409,0.0,0.8925912202810968,0.8377181667828524,0.7257733148536901,0.8355730126161522,0.0,0.0,0.046166937249684875,0.0,0.05430697479921106,0.0,0.03943993401486323,0.0,0.07784648865455324,0.032171899370852325,5.0
0.0,0.20566080443612403,0.0,0.0,0.0,0.1861768218502604,0.0,0.0,0.0,0.06492475364132343,0.971889180490901,1.0,1.0,0.9159454743279439,0.0,0.0,0.0,0.12723252693257525,0.05370950462379496,0.024567082804229746,0.0,0.0,0.9312644087965783,7.203877709039106e-05,0.0,0.0,0.009637743757588739,0.005590893109555488,0.0,0.9543871013999631,0.0,0.0,0.03085743250686799,0.06259964692518008,0.018370286291929674,0.014893831160958437,0.906175774921984,0.04630451433666002,0.09600189730153408,0.0,0.0,0.020479928464108184,0.03241641553888915,1.0,0.06631657763952098,0.0,0.004534892931064706,0.0,0.0,0.0,0.694498003477611,0.9968948473447312,0.7805530159823993,1.0,0.9104610134995128,0.06292349491898541,0.056692422668489596,0.0,0.0,0.03504828228087359,0.0,0.0,0.017111339768267005,0.035591364503468774,2.0
0.0,0.0,0.03649093049977114,0.07359045201873055,0.0,0.054594501379255506,0.048257464903244555,0.0,0.07618532426089009,0.025082586913381368,1.0,0.7608618179812854,0.9331632792437773,0.8670522232877933,0.0,0.0,0.0,0.0,0.0,0.056484728361315,0.05844952690234276,0.0,0.9557548086557444,0.024129068618153154,0.02969577716275176,0.0,0.0,0.0,0.9451681123359468,0.9277062552496355,0.8867562565044064,0.0,0.03801403934977472,0.0382284188601354,0.0,0.0272714078782549,0.27185267769961485,0.0,0.9995195032159876,0.0,0.233980584494327,0.0,0.0,0.0064647514578584685,0.0,0.040347788131673244,0.9035485872265668,0.0,0.0,0.0,0.9626602767431153,0.7149380226581961,0.9410450355318294,0.7805853025585191,0.0,0.044981202373892665,0.0,0.02961834305376156,0.0,0.05633360205367793,0.0,0.060843427182132856,0.029440554395756387,0.0,3.0
0.0,0.06280584361872274,0.11338919916293543,0.11818459369024673,0.10645085468689841,0.0,0.0,0.07614706471335922,0.07430667522077665,0.025426741584046064,0.9309579440967051,0.8474373474484037,0.9637963292472463,0.7253036279557386,0.0,0.0,0.07980993380527016,0.0,1.0,0.019198249796463195,0.0029989295946270308,0.06596619432601325,0.018454334656885556,0.043193466979669276,0.06453066879420098,0.060682760616653814,0.7771590323947827,0.7392272400867528,0.8800764274573374,0.889599245290231,0.014107256054293289,0.016693125578611197,0.019326622144216377,0.0,0.0,0.0,0.011007319457564245,0.06653920592919528,0.6974993866010454,0.0,0.07497709811664154,0.0,0.0,0.010987154476458372,0.0888639964099176,0.0,0.9055767843671154,0.0,0.0,0.0,0.9095543283427879,0.9615520878958068,0.9561592105959373,0.9006056870333875,0.0,0.03587319236985181,0.0,0.0041120350647856395,0.0,0.18478577733201715,0.0,0.08721715577676192,0.07177943336998772,0.04719724772527576,5.0
0.043880523368301325,0.9930019913801608,0.0,0.0,0.04206239506176909,0.0,0.04453853094575511,0.0,0.0474720970284262,0.8885156668653865,0.0,0.0,0.0,0.0,0.04127759305530748,0.02103133641273724,0.0,0.7072537141633619,0.0,0.05543439588066416,0.059346492209782324,0.040161024761085226,1.0,0.0,0.05507948554358724,0.9231682836540077,0.7331065610768508,0.8597039643852386,0.6942061176889567,0.8217593568718393,0.8424969812904819,0.0,0.0,0.025771823410541562,0.0,0.0,0.0,0.0,0.950228704374001,0.0,0.0,0.0,0.0,0.09285122289899103,0.0545432711412458,0.03227944048484261,0.8247446132391458,0.0,0.0,0.0,0.07382684362635827,0.03748087608076329,0.0,0.04964448398360032,0.9356734276840796,0.0,0.046425392149391294,0.0,0.05077335110076171,0.0,0.017277392592663036,0.0,0.039402371348302226,0.03129988693437751,4.0
0.0,0.0,0.0,0.01584323778100257,0.016179717066532328,0.0,0.0545446464926868,0.06869335704779632,0.0036506287349805395,0.02631115443211628,0.0,0.0,0.0,0.0,0.0,0.025854911812076956,0.020578699325008606,0.03261864868995539,0.7732944375741838,0.7764266540219018,0.8033035772705482,0.90716634318092,0.09701770069143094,0.009129216241515923,0.0,1.0,0.26326715609252005,0.0,0.0,0.0,0.0,0.0,0.057275506611769104,0.8045787920848776,0.8608703768981133,0.9342471476183138,0.8301329031948154,1.0,0.0,0.0,0.0,0.700144118799438,0.0,0.0,0.0,0.007479838109195478,0.7649757658403101,0.06454512441098191,0.0,1.0,0.0,0.0,0.04690633572272978,0.0,0.8347698298371227,0.0,0.0,0.04922770637347468,0.9560889316704224,0.8756120328156239,0.8820350312594993,0.8633485960890321,0.04174233844962048,0.027650220725950636,6.0
0.0,0.9827137950479694,0.9781399636973255,0.7641780321018622,0.9400092405670433,0.6955813246452852,0.9320829546155424,0.01776765942522377,0.0,0.0,0.09562775369281265,0.027666222696584676,0.06614032103247329,0.0,0.9417899694112434,0.0,0.02064724961909825,0.0,0.062104209431793456,0.08710737258593312,0.058649391300229115,0.6636092392510907,0.0,0.09041834502456753,0.0,0.034698976161625726,0.19472054144232653,0.02723631258430594,0.6453537432290387,0.0,0.0,0.007378399564967506,0.0032790119936047784,0.08380940732190365,0.0,0.747066104029115,0.0,0.07600834658255587,0.0,0.007520714735133587,0.014701907193304182,0.0,0.8095905615610237,0.006028375159012785,0.0,0.0,0.011018153263958472,0.05022247586752874,0.06720219161442652,0.9511917427545855,0.0,0.02073018538873772,0.03267351946050156,0.0,0.0,0.0,0.0,0.0,0.0215474552480538,0.10440914415200085,0.0,0.0,0.013462551362935874,0.0,7.0
0.0,0.0,0.06753080652676206,0.0,0.14222448508665717,0.08878635915187337,0.04694343150976305,0.0,0.0,0.02621697560573956,0.9516570657687452,0.9457987505653499,0.7353622220948625,0.8106141948850726,0.07977716899505735,0.0,0.0,0.14407115310341742,0.0,0.016919904200308436,0.015078165204984338,0.11118677997362787,0.9603966491223527,0.0,0.007427870052819048,0.09195827481206811,0.04754211300286544,0.007184847250257878,0.7866004620731756,0.6589923015257603,0.8403980163950835,0.05119499791267899,0.0,0.0,0.015589468643547509,0.032694554099299,0.0742985220255059,0.04786716845693939,0.8784692821346413,0.08177845101189146,0.07601816131475121,0.02060426958232501,0.0,0.3290968855808977,0.010908236857135012,0.002205145124210097,0.7928653012789225,0.006459841386414292,0.0,0.0,0.8003465987439347,0.7675540137087734,0.9556040259762228,1.0,0.029338677622327447,0.0,0.0,0.008605051668389643,0.09508413780822933,0.0,0.06550843800982419,0.01404922110061719,0.0,0.009747507221968989,3.0
0.04313808687889173,0.0,0.0,0.09158009221623072,0.05612061474162447,0.0,0.02642363173777478,0.1774582037896153,0.08242606435566396,0.0,0.07641431377909771,0.0,0.07531711546200938,0.08763062499655722,0.029206298764863876,0.0,0.01386941149722314,0.0,0.9235647498161457,0.7481991594578719,0.867049461280366,1.0,0.0,0.0,0.004760559133464837,0.963327007823169,0.02634796425970669,0.10740247030203309,0.0,0.040270364237239356,0.6985540089069288,0.15864422469699138,0.0,0.7886652867235234,0.0,0.0,0.0,0.0,0.6972751680092193,0.14670279769460204,0.0,0.7094799122753962,0.30651889687746003,0.0,0.07981677793131625,0.0,0.7919853772895257,0.04161356870962312,0.0015283111360009996,0.8217583777870742,0.0,0.0,0.014993938944092991,0.0,0.7930014578300667,0.10086132795373773,0.0,0.0,0.8989205697453184,0.6667652287245022,0.7546575062375914,0.7442378912370752,0.0,0.0445311078058252,0.0
0.08659719104105097,0.04251441010204844,0.03432111972301242,0.0,0.03749654570483016,0.0,0.0,0.002522145113163931,0.0,0.061976152906070184,0.6670107046403029,0.6754205361031796,0.9229012653096995,0.9808674116063187,0.0019318049709631158,0.0,0.0,0.056294074279865484,0.0035658071181620594,0.04022150694311962,0.007668872514994288,0.0,0.6668511987913945,0.0,0.0,0.01201677608817927,0.02371051297190844,0.0,0.9237034067064178,0.7689216647839652,0.7921328121209186,0.0,0.2532443238727018,0.03741651816663439,0.015721450251170697,0.0246324813973038,0.0,0.02228475949074303,0.8989715901061578,0.03712909744577263,0.0,0.0,0.0817960883548839,0.0,0.0,0.0,0.9215021390365634,0.00717624994441691,0.0,0.0,0.8176572460946823,0.8127391083293132,0.8066755729137713,0.9051187738011177,0.0,0.0,0.0,0.1320512840752321,0.015012338962833294,0.010590412801502658,8.784096494141449e-05,0.012417723176466689,0.0,0.0,3.0
0.0358640841464381,0.0,0.04245227332521348,0.05159943733048598,0.0,0.06827145045747138,0.034774377596630345,0.0,0.0,0.0,0.9913744641963024,0.890283646576523,0.9335491333748861,0.9209093591291039,0.0,0.0,0.0,0.0,0.9195331891909744,0.02024858330339473,0.03294053812708491,0.05788723571075874,0.0,0.04898594222754907,0.0032571293241045263,0.037254783556731064,0.9370139983421942,1.0,0.9627307608366125,1.0,0.0332507163863355,0.02835547835810729,0.007366222069399864,0.0,0.0740252299750586,0.021239763966952027,0.21349382911077985,0.10630809151748231,0.9568509301852353,0.0,0.0,0.0,0.0,0.0,0.008555696881799016,0.0,1.0,0.029433603053971365,0.0,0.0,1.0,0.9854305704906582,1.0,0.7509184059951756,0.0,0.31794669154854366,0.0,0.0,0.02259489459071401,0.0,0.0427107246372391,0.0,0.08375678239377887,0.0,5.0
0.012317385709635401,0.04901557303623261,0.10541911543770902,0.022495163276950857,0.0,0.0,0.05555149426747227,0.038149471114344934,0.0,0.11115028699500536,0.9921881541274912,0.9889003949388855,0.7329450907812902,0.9894645651849168,0.0,0.0,0.0,0.0,0.16659741511182202,0.0,0.0,0.0,0.9179932187225158,0.021609404330168006,0.0,0.0,0.27302729105482076,0.0,0.01645033537209099,1.0,0.019846606211111246,0.01208438624851337,0.0,0.024795243215469453,0.0,0.0,0.8987712333615657,0.0,0.01723420391279449,0.019704343676363645,0.0,0.0,0.0,0.656189939111098,0.06982255649622576,0.0,0.0,0.028976622135914332,0.03701235583211351,0.0,0.8342463118027624,0.8494627697574229,0.7514564415350202,0.6836361267800133,0.7314374318576128,0.025036507497010002,0.0,0.0,0.0026057666864732886,0.031884108894510696,0.007992903030012108,0.07401925397889407,0.03623084479224764,0.013469983829799742,2.0
0.028862417487269917,0.050924258900921976,0.0,0.0693187137235554,0.01148408498179827,0.0,0.0,0.0,0.06580424403329595,0.0,0.8800620636574877,0.8722852987125188,0.9242331191798672,0.8416547129737114,0.0,0.004814696270956895,0.080126754784401,0.06104178686149297,0.7168024289466554,0.0,0.0,0.0,0.0,0.03220852170806624,0.08346531260773146,0.06745925245340688,0.9355203778830328,0.9639898864867281,0.7739214040045865,0.816717122084865,0.06325112207484489,0.05349934293931744,0.012590283988053822,0.044476924468436776,0.03811525838735412,0.0038884123460916314,0.0,0.023762888285416284,0.9091741448516909,0.057829207163848075,0.0,0.0,0.0,0.003561943357383759,0.020750675335951287,0.0280704482287346,1.0,0.0,0.0,0.018483008412250167,0.6931652453203572,0.7675180341341993,0.8618139419558233,0.8374204968606848,0.0,0.04564355870773741,0.017798232621361165,0.0022461138724450525,0.0,0.04952224373792507,0.0101739970439658,0.01965722806903885,0.05323229939266864,0.0,5.0
0.0,0.007657715803460071,0.0,0.7163395396240442,0.010609494722663527,0.0,0.01095222221399266,0.0,0.0495016161777898,0.015156405930088688,0.012300135509775469,0.8674690306388243,0.032789486947655155,0.0,0.055858256072552716,0.003808948271075912,0.05973696190299425,0.0,0.0,0.822454177999926,0.021767993678099628,0.0,0.0,0.04840169714691797,0.0,0.10500139250229304,0.0,0.8041995074133987,0.14957712650831362,0.0,0.09589178377161825,0.0,0.0,0.0,0.0,0.9529206383724681,0.04477433705837852,0.05194464080820528,0.0,0.008466294560609993,0.0,0.0,0.0,0.8362102230637055,0.0,0.0,0.0,0.02761013881022495,0.23676428241257944,0.0,0.05472501777600999,0.7303208673874086,0.0676987118052185,0.0716242819324206,0.0,0.071999514418768,0.025072368681129706,0.0,0.0,0.8166857811108544,0.0,0.016111477289041706,0.013057618017152953,0.0,1.0
0.0,0.0620413448025663,0.0,0.0,0.0,0.0,0.0,0.0,0.0,0.020081171779742404,0.0,0.03390240666271847,0.030220224747715352,0.013314632478654293,0.0,0.0,0.019745861005385813,0.0,0.8050709250139685,0.9672525344387812,0.7586267449640018,0.9856679332036782,0.013103850189581587,0.03647168629689974,0.20946624827171353,0.9245273257502425,0.007031453404069263,0.06149297098340317,0.0,0.10196296043684297,0.0318382627429479,0.009827848926748815,0.03935427454338192,0.8676800016319914,0.9418873197645766,0.9352294994967311,0.9452513439460126,0.9438778762462019,0.04196794380730255,0.0,0.0,0.7340100422284033,0.01945568138939903,0.0,0.048019795791548595,0.0,0.9064276077110682,0.035712803005244105,0.0,0.752779129586971,0.02201859014772796,0.004629170536270976,0.0,0.0,0.9675068625002545,0.0,0.0,0.0,0.8339052503382541,0.7792903406620145,0.7112307820766196,0.7788094434044701,0.0674905427231115,0.0,6.0
0.0,0.930942757171742,0.7410705476028259,0.8527767600747523,1.0,0.9421861924608667,0.9024584014154062,0.0,0.0,0.0,0.005780861907703518,0.0,0.05502765261280182,0.06160668826355553,0.9035109764488207,0.007952463742979522,0.04158178620562847,0.039772642497373605,0.0,0.0,0.00018218941445549076,0.81383192237549,0.052774451080538465,0.0,0.0,0.060456221221032974,0.0,0.020844235064979108,1.0,0.02119151081190962,0.0,0.01567280247493884,0.0,0.0,0.0,0.8476692585886082,0.0,0.04094920857598122,0.0,0.025753918183461472,0.04897918686600601,0.0,0.8989163108022811,0.0443740201858265,0.052465387090126304,0.0,0.0,0.05760270507157204,0.002784850494329113,0.7862200003090609,0.04494907141802402,0.0,0.0,0.005008144458862644,0.03974003616679186,0.03874215104142616,0.029417842894357407,0.0,0.022855946095088574,0.023390071051352893,0.06795827511239821,0.0,0.04188197866637172,0.04179595938338551,7.0
0.0,0.0,0.0,0.0,0.0,0.0,0.02192034090807648,0.010915787521596096,0.020240418859957535,0.022891109728191306,0.7562416994674132,0.8502207161426467,0.8713044490218358,0.9385498861783872,0.01002955793444718,0.11780705791006178,0.0,0.0,0.0,0.0,0.0,0.0,0.9046538071591196,0.0,0.0,0.0,0.055644961298727307,0.0,0.03762144708392173,0.9116232281374046,0.026682615114112712,0.0,0.03165095617920266,0.0,0.0,0.0,0.8729530712555804,0.011991441124257683,0.0,0.13137289317938736,0.02752449139124102,0.0,0.029488478995517278,0.8179302634677609,0.07538750083838291,0.21441251209319503,0.0,0.0,0.021496112239498887,0.016068582312155393,0.9700710963075031,0.7492681125447859,0.6614390862567815,1.0,0.9898184812916846,0.0,0.07082081883672202,0.0,0.0,0.06962329316868278,0.0,0.07392733434520025,0.050922186213800805,0.029292620214363616,2.0
0.05137561277965924,0.11981498920072439,0.0,0.0,0.004655701640738319,0.0,0.002387588866212319,0.0,0.06936946859199254,0.0533198561465745,0.3417250447936756,0.0,0.07216819280266708,0.0377450346747912,0.0,0.012496579905010515,0.0,0.0,0.9590665932122284,0.8685015584019905,0.8568108738928425,0.6833107586703516,0.0,0.0,0.051479688540112124,0.7953371299197232,0.11383359407757898,0.0,0.0,0.05908375257595633,0.9320162349550324,0.0,0.0,0.0,0.8454955913441702,0.7695431407664454,0.9130118807788745,0.9189215066384504,0.7226797905931894,0.0,0.07314431987513315,0.01855002644087139,0.0,0.029064487863208224,0.0,0.0,0.8341106261426081,0.005939041350259883,0.07556029410550773,0.07293535877436737,0.00012345214446688593,0.0,0.0,0.0,0.6154730887504914,0.0,0.0,0.0,0.0,0.07682891003919691,0.0,0.049015450216826933,0.012748638841595173,0.027488087338449124,9.0
0.015652273890796136,0.0,0.0,0.0,0.037828118104115925,0.016550489608445445,0.0,0.005991290136520437,0.0,0.0,0.03138584592654415,0.0,0.09884406654083046,0.0522302441845671,0.0,0.0,0.0,0.017727435471136126,0.8615858515253105,0.7466657385414668,0.7355153629190285,0.882017939358712,0.15704277832541275,0.0,0.049272270130135604,0.9674326367715025,0.0,0.06261000835388326,0.04489734839463003,0.0,1.0,0.0822755836511183,0.09853394549235815,0.15725910054768114,0.6776460098553405,0.75101547917218,0.8044291727784854,0.8459317125019707,0.931567014031697,0.0,0.0,0.018170368095615796,0.0024065438975578554,0.004267927274832438,0.0,0.0,0.9447805363083277,0.0,0.0,0.0,0.06411427503518391,0.05173194042076725,0.0,0.0,0.7328140712233462,0.1113380356694161,0.0,0.010021131808773334,0.026860085892886038,0.008074658693418403,0.08907857888886402,0.0,0.0,0.024356055731565185,9.0
0.08684038925741644,0.01333035216150226,0.008318001688574977,0.20774414471887828,0.0,0.0,0.0,0.039116670275798744,0.0,0.0,0.8144367600782841,0.9579347138718068,0.8835947919587388,0.7990720507429045,0.05053521170043829,0.0,0.0,0.012360500431557325,0.043560474069948237,0.0,0.054694624416747176,0.045566440444877954,0.8104345338721195,0.033819137566055334,0.0,0.0,0.0,0.0,0.7000781440287961,0.8296298315648768,0.912549847234679,0.001822615681766605,0.0386596082815903,0.017963417179651435,0.09513251340381206,0.27319314178493764,0.029713098725507016,0.060347291067494785,0.7295753201112607,0.04230144631374286,0.020981287384869873,5.197254710338605e-07,0.0,0.011156834784845925,0.0,0.009216410231579313,0.7273021420945726,0.0,0.0,0.0045403979337667825,1.0,0.9432136998005318,0.9059067180283129,0.8999540692934824,0.0,0.0,0.0,0.04810905305953552,0.0,0.10858801270877326,0.11597967246524335,0.0,0.040847447814736225,0.08836088023875843,3.0
0.0017595957445147633,0.0,0.1662964642183657,0.8609863894687284,0.025113925321615122,0.0,0.0,0.006598090679569787,0.028843903683946476,0.07198314211745492,0.029640048397862235,0.7417478310004559,0.005110140650929537,0.07482531255245042,0.0,0.07045543304158004,0.0,0.0680783260004002,0.002164075358149082,0.829179217409612,0.007473874708611632,0.07593727470428668,0.0,0.08312859359118827,0.0,0.0,0.002172830201928225,0.8300575705482867,0.0003749436078810031,0.0,0.0,0.0,0.0,0.0,0.0,0.7030743947538277,0.020447950791102343,0.0,0.04037114671566175,0.11202145650460811,0.03543366547032882,0.018381375741427848,0.012248975946680417,0.9679399007913971,0.019026273765774534,0.06662059822071507,0.030084069859111707,0.0,0.0,0.04280107150061731,0.0,0.9456317667508042,0.0,0.06121751854764182,0.01493952377901396,0.0,0.0,0.0,0.0,0.8067077674007918,0.0,0.0,0.0,0.0,1.0
0.04378545373004593,0.026383098908443498,0.001228707189892206,0.031141081060486117,0.0,0.25021302561158804,0.0982803392911838,0.0,0.013840575162734924,0.1205356905281237,0.7114529365626795,0.7923274755331785,0.6230981532534194,0.7047512869595631,0.052224640473274124,0.011499321204811215,0.037503266083367015,0.09508846980196663,1.0,0.0,0.06261101122750094,0.0,0.0,0.0,0.028666287145056875,0.018137696643607464,0.9297813759573333,0.8782008386892122,1.0,0.9936686646408757,0.0,0.0,0.0,0.0888178021882047,0.050744148811823764,0.009542080855079762,0.020336113363943368,0.0,0.8235597658885316,0.0,0.10198383908946927,0.0,0.01579633593784643,0.0,0.0,0.07685072748895366,0.9189854097878358,0.0,0.010975874432302253,0.028949857049774038,0.7919974169084188,0.8941991037361908,1.0,0.9177978007999414,0.0,0.06666768389846235,0.06595148494640057,0.0,0.04603466050423261,0.010871322575571697,0.06287656204342132,0.0,0.0,0.0,5.0
0.0,0.84088017516695,0.0,0.0,0.03923452388986168,0.1200869897198118,0.0,0.0,0.009330650793046336,0.9184372864342624,0.0,0.047282701170202036,0.046988169171421894,0.0,0.020885989094347933,0.0,0.0,0.9583468048273986,0.052902960668215274,0.020759202134570345,0.0,0.013485926588814852,0.8539031991197525,0.0,0.038432352841567596,0.7360320379066556,0.7257736832800368,0.7277321448943731,0.803369613062384,0.9544056286768658,0.9508882669679373,0.042965952828735644,0.32411779343138997,0.03511554789246732,0.01727865582240783,0.021726496281288685,0.01285977614281017,0.0,0.9348529000070694,0.0018734141102593187,0.0,0.022868830436464125,0.01026559392662862,0.0,0.05056466645146077,0.0,0.7857457906582658,0.0,0.06373096906155055,0.02966200962102355,0.0,0.0,0.003008278608300885,0.0026652492918301175,0.8032379336592878,0.2758375570901713,0.0,0.0,0.0,0.0028592776850671488,0.22202482932974213,0.023081416478168384,0.0215537440766569,0.037038487309156834,4.0
0.08764810716119031,0.0,0.02707224473476118,0.028561918533913173,0.0,0.0,0.010510158067504917,0.05184475186522915,0.0,0.04923612201977365,0.0,0.10802738324796507,0.038453621582571,0.0,0.009396652340289337,0.017371370031633974,0.0,0.0,0.8110636035105769,0.9184607024053675,0.8487899192258214,0.8897049991934637,0.006172359272878027,0.0,0.06167815686973965,0.8464082274439926,0.15085598384054805,0.0,0.023709531480236065,0.0,0.8212169745271061,0.14349000667895392,0.09280109878118838,0.0,0.7624993197210211,0.7309950281598142,1.0,0.7014104960886993,0.9382887597376308,0.0,0.0038201443896496478,0.025020968015379754,0.062284058399301505,0.0,0.057985298306832224,0.02665727959985889,0.9623567693258138,0.0004955344118556329,0.0,0.0,0.030335416294666562,0.01049879727062003,0.0,0.0,0.9441557829440309,0.06753457262621197,0.1242724874000001,0.0,0.03328143163916517,0.0,0.0,0.0,0.0,0.0,9.0
0.0801537205179628,0.049206785333787105,0.137956616053047,0.04760735608113119,0.023235645066367563,0.09375904803639462,0.0004510298485519651,0.0,0.08105386590514255,0.0,0.021458214244339212,0.06862330764003524,0.07502243112872525,0.0,0.0,0.0,0.02123554291440665,0.01542113539902134,0.8374229465725261,0.9191105085106968,0.8737088394976743,0.7875401564220017,0.08331306914741186,0.05860955114359676,0.11172162304735062,0.7693066201162998,0.0,0.015217410333475016,0.059845552186957,0.0,0.9785681844413701,0.0,0.028083531954715957,0.0,0.8802575348087645,0.8083073910183025,0.7394895690465534,0.8994825386553345,0.7859139036071239,0.0,0.0935293864439289,0.012046742885124587,0.0,0.03664486286727045,7.508555436041944e-05,0.024637479624482976,0.986054938715682,0.0,0.0,0.03630241853997534,0.09368694671322898,0.0,0.0,0.0,0.831039566041856,0.0,0.03280643637218952,0.08556590457202458,0.0,0.06843862580015934,0.0,0.09923645595183352,0.0,0.01669108464210454,9.0
0.0,0.7582803964267552,0.059051706941597906,0.0,0.0,0.008416792630941862,0.0,0.0,0.0,0.6930788643124651,0.0005282870697316714,0.11882830735572569,0.027406746115166726,0.031926462528112064,0.09586690754836458,0.05017487934863396,0.0,0.7604473873484735,0.03428894274859037,0.0,0.0,0.0,0.7424592656208647,0.1081224693590561,0.0,0.9887378309279566,0.8027048677980174,0.8907188732758483,0.8893547623036295,0.9453720671841721,0.7596214764681188,0.029665949386487173,0.0,0.0014770355918536189,0.0,0.0,0.017109473421375507,0.016494777126299112,0.9640576950176434,0.06712840056039414,0.013849619194704245,0.2945033314592941,0.0,0.0,0.04231211622996287,0.02284389880687393,0.9770255055689346,0.0,0.05345190303092501,0.0,0.0,0.0,0.0,0.002815739857070499,0.7373497223582957,0.0,0.18154643662176748,0.0,0.07676486027348217,0.02989604089733096,0.02442732747850787,0.0793807982533472,0.016259074270956613,0.0,4.0
0.0,0.0640170370568244,0.03829439095391346,0.04771357161003178,0.05051853021274908,0.0,0.017926146697153016,0.0,0.0,0.012734385194760856,0.8186338370720712,0.7350637544482983,0.7993401667441833,0.9629322819206738,0.0,0.005368024953771506,0.020616184559736815,0.051318538155109665,0.0,0.036253358560182,0.04934772136597535,0.006554269819909678,0.8000714128001222,0.030296705974407118,0.01406947067609517,0.0,0.2846415343003622,0.0,0.7789939179805248,0.9356189656756825,0.937107520510094,0.18221944029046552,0.0,0.0,0.06506391938600926,0.041083747714100886,0.07000613164586193,0.07348306217343512,0.8893520649706764,0.0,0.018972868743631507,0.0,0.0,0.0,0.0,0.20464914628541808,0.7524257074065323,0.0,0.0,0.04495024862444724,0.899249113851102,0.917709012967658,0.9938776712426287,0.7125975496019842,0.0,0.03729073463341056,0.05280351567522482,0.08366216791679312,0.07298894395135395,0.02304940034813642,0.0,0.014327880130337579,0.08710085945356313,0.0,3.0
0.0,0.0,0.10679751865170926,0.0069840087690703975,0.0,0.08984718511022889,0.0,0.0,0.0,0.22353140779428332,0.007979700343112137,0.046369671067862495,0.0,0.0,0.0,0.006029726659409356,0.0,0.048624503855428915,0.8338789209638543,1.0,0.807300882046404,0.7498920641128433,0.0,0.058434225244823224,0.015717917910783082,0.8799123278043381,0.08879655738081335,0.0,0.0,0.0,0.8385457257441774,0.06335662636254706,0.0,0.7646495553741897,0.0,0.030022204388241647,0.0,0.006969757854187657,0.9074562276995021,0.0,0.05567479714864342,0.9000353815727775,0.0,0.012623171170468529,0.021755312090921887,0.0,0.7849788701612754,0.019267471882219847,0.01935527291645007,0.7266041609481653,0.009757446381150352,0.1306016508508012,0.0,0.09198314463581042,0.7805732096852036,0.0,0.034836067544357904,0.0,0.9162866342140905,0.725661314980341,0.7083186729150073,0.8111517635641794,0.0,0.0,0.0
0.048955275140528026,0.09300493815520836,0.00463036452720766,0.10417502165252822,0.0,0.0,0.12833449521519052,0.0,0.051287604485916884,0.07006845158055973,0.0,0.24756189830406766,0.05546534371691343,0.03980618026645604,0.02990715280969284,0.10143208199844103,0.08774376114335826,0.0,0.6811203279915077,0.9691824459915015,1.0,0.9431496107389502,0.04262791166406406,0.01687815248016933,0.0,1.0,0.26359389471208994,0.0,0.008063174249359097,0.0,1.0,0.06577744669577874,0.0,0.8548671116236584,0.0,0.0,0.052417224827097375,0.0,0.6915861229462977,0.0,0.041481513182278856,0.815224053008468,0.0,0.0,0.031292935797075545,0.09223139067174967,0.9235607896516717,0.0,0.010228874605977094,0.8000098919160246,0.0,0.0,0.0,0.0,0.6850769591105543,0.0,0.022972018928315373,0.028991646470650802,0.9667926036426934,0.8277227578550632,0.6965233203053868,0.765777281780146,0.03342326629431038,0.06956358891128628,0.0
0.05218358572941626,0.8111960402558291,0.9031513298458369,1.0,0.9575484383136774,1.0,0.8899793936078291,0.0,0.0,0.06713067177595679,0.11313447246695521,0.04422650308956104,0.0,0.008093195785081653,0.7892204050784799,0.0611462607767876,0.0005138046189191577,0.010767877968608154,0.07925796679335646,0.004427728750622077,0.0,0.9522461698069337,0.016742841170205736,0.0,0.045860050909327085,0.04520793215783596,0.0,0.0,0.8441578213708338,0.003700841139374505,0.04961864803840104,0.007591480815727364,0.0,0.027504946919707986,0.0,0.7788843887917019,0.0,0.0,0.0003298096020004037,0.018286680210258466,0.0,0.0,0.6765375478887108,0.06833074248078806,0.04243178867123006,0.0,0.06633404452453914,0.11800014947780346,0.03335141991943515,0.9487484124294142,0.0,0.003912298060678505,0.02887016495359518,0.0,0.04781059010182417,0.028744625107083865,0.037456677072029376,0.02616983857883432,0.026618368020244206,0.0,0.0,0.09210467774633072,0.0,0.00039874225713894154,7.0
0.0,0.05346856109047726,0.0,0.0,0.06433177801385899,0.027818282655666573,0.07382065424433719,0.0004926872245189715,0.0,0.0006091480856219695,0.7631525630832197,0.7566381653737231,0.8481132731290768,0.8344497820818624,0.0468295653205989,0.0,0.0,0.041774788728002714,0.9000825414638953,0.08918520443628464,0.0,0.0,0.03579322590582338,0.0,0.0,0.0,0.6569691042515998,0.9552080750800414,0.7055741415964882,0.9404844830154646,0.005135528520296741,0.0,0.06427917734694738,0.219315740165489,0.05667196644641984,0.08251187577298902,0.0,0.0,0.8318548031786395,0.07743398214402955,0.04166070806070912,0.0,0.030666344013804865,0.0235872441460116,0.03427868652839567,0.0,0.9889210041050878,0.0,0.0,0.0,0.7357619092696542,0.8523749154779574,0.7104454187350565,0.9927702520889666,0.0,0.0,0.0,0.0,0.0,0.0,0.09967734545568295,0.08524752847471082,0.014513043034582463,0.015018955105081448,5.0
0.0,0.0,0.045109156940440334,0.12550106671821917,0.016441571174557006,0.0,0.0,0.0,0.030719790821392208,0.0,0.001348721194879151,0.08857602647244903,0.0,0.02419228860787297,0.030000296033782264,0.01847293819137875,0.0,0.0,0.8506713925030438,1.0,0.6570312383083152,0.7532956390990985,0.020146674389029548,0.0,0.06721760062969569,0.6765757423394453,0.08303814688788404,0.0,0.0,0.03379212353718861,0.0,0.0,0.0,0.8536791340695538,0.690544434946562,0.7784256780916093,0.8294737380604448,0.9520504220660342,0.0,0.0,0.1293426834785175,0.6818636685564756,0.021589182499239745,0.0,0.006946250455972492,0.0,0.731955480001313,0.0,0.0403942878889507,0.8427483017179348,0.014541539275308081,0.0,0.09863606888115706,0.017351845646309743,0.7242484017672889,0.08217613636833211,0.0,0.0,0.6543448175267277,0.8509996322978135,0.8101187005984838,0.7082908732605349,0.09466398545998111,0.2593587561314529,6.0
0.0,0.01969025207751658,0.0,0.03477872902954967,0.044754968690030546,0.0,0.3813352412383874,0.0,0.07045170360747358,0.005814998290739965,0.0,0.0,0.0,0.0,0.0,0.030013168058284103,0.05781887921835648,0.10924693633703662,0.8048218306248711,0.6586558697784167,0.8947461215950058,1.0,0.0,0.0,0.2880161963489557,0.9098608386024417,0.057459944023205645,0.0,0.029679822582207145,0.0,0.8466697137593812,0.036781298354242625,0.008177399919911931,0.7552619031779896,0.0,0.0,0.0,0.045705403537768724,0.8425750740014246,0.0,0.008413006477250141,0.9089984417194621,0.0,0.0,0.0,0.0,0.7703088613718271,0.0,0.008138500623389075,0.8277865157062195,0.0,0.0,0.0,0.0,0.8052418512291771,0.056059628302532076,0.0,0.0,0.9718760045031691,0.8360760145163411,0.9429578761758673,1.0,0.0,0.0,0.0
0.0,0.011226951382351165,0.0,0.08608338398994211,0.0,0.04501867483089985,0.022228470107539713,0.01461379591477825,0.00214303725764635,0.0293646968886213,0.6696028213544486,0.7984943402290536,0.7461784765163679,0.7116975781023522,0.0,0.0,0.0,0.017780668969535188,0.8205492109502224,0.06235803533703176,0.012086092302139544,0.0,0.0,0.011601446371045591,0.0,0.0,0.8657968198785836,0.972728787752984,0.8047831353554112,0.698412203284243,0.0,0.0,0.0,0.0,0.0,0.012556647038502339,0.04873607436597831,0.01979701562792179,0.8169356170963057,0.0,0.03471560772031181,0.0,0.006848748876286901,0.0,0.1315110373173838,0.0,0.859141181087703,0.03199795922273694,0.2728206406271631,0.10820614562097595,0.8212373916564362,0.8742446445506248,0.761288449306411,0.9010876799450069,0.039917492361284564,0.009815308403941,0.0,0.03759771080938912,0.004583320713044874,0.0,0.0,0.08028259145722591,0.0,0.04429536811460731,5.0
0.04641684767253422,0.07354177930204031,0.0,0.0,0.0,0.0,0.10192375031832093,0.0,0.0,0.05156957435253567,0.0,0.0501919055326247,0.049363541095581026,0.0,0.1109690043998076,0.0,0.0,0.0,0.8731756190546712,0.9044325730603991,0.7763830197182531,1.0,0.08738205458216762,0.0,0.0,0.9343358100311947,0.017449212006372925,0.0,0.013612793368716332,0.13400552274795738,0.0,0.017204168190051466,0.009397682105732441,1.0,0.8074587550125213,1.0,0.7602519406938715,0.8659672175146435,0.0,0.05748887378951942,0.0,0.8277142706300515,0.017247293903548996,0.007089632968136405,0.0,0.03981924221385319,0.9779832912055043,0.0,0.001210470804383218,0.8833225205393885,0.0,0.0,0.004188333819056996,0.2370007749895325,0.9978216975269261,0.01680245287969227,0.1093292475737709,0.034482294119227666,0.7281638449090635,0.6939362634514266,0.7009431351035916,0.7906010007666442,0.0,0.0,6.0
0.010278230643965519,0.0,0.0,0.0,0.05061017568227974,0.0,0.0,0.0,0.04261607920755266,0.0,0.07896631496111706,0.04429039190164277,0.10236967875664954,0.0864273224133793,0.027123268814618684,0.0,0.0,0.03182052135319086,0.846820060399818,0.9241429082735552,0.7860301331117366,1.0,0.012686090479331195,0.0,0.0,0.8980970708195224,0.017646715202913776,0.0,0.04130467886716577,0.062020910733305616,1.0,0.0,0.21956612049530658,0.8969280556727649,0.0,0.01270914344988173,0.0,0.02257440141063599,0.9128727788108698,0.024368696618886534,0.016178378335721263,0.9512144566234465,0.032319283330035836,0.0,0.0,0.03774626973203699,0.7431759948364601,0.0,0.0993977140139213,1.0,0.01823692518254013,0.06412901277739945,0.0,0.09850582786676365,0.8361599374826667,0.0,0.024395953348623975,0.0,0.9055643983279925,0.900872444664605,0.8976737829530027,0.934369523186983,0.0,0.0,0.0
0.0,0.06827657338817948,0.061804500887383776,0.0,0.0,0.03495055878181333,0.0,0.0775588845251658,0.0,0.0,0.008340243140025736,0.0,0.046717625574351086,0.0,0.005288943288381512,0.02111457096321096,0.02827297392505152,0.0,0.7997387936213856,0.9138062723084116,0.8328868662542219,0.948961705770708,0.014714977183951733,0.0,0.03668673881118729,0.7710905116030233,0.0,0.0,0.0,0.049933735312604255,0.6909170870107905,0.0,0.0,0.01131465662986747,0.7621169242073919,0.922806248373444,0.8197368396660928,0.8566910910291512,0.0,0.0,0.0,0.9579278720569537,0.0,0.0,0.0,0.030622219867508856,0.8033971950259995,0.0024646786020302777,0.0,0.7586126776406362,0.09800517184935245,0.0,0.0,0.0265782799030246,0.8339295842460214,0.049617916899530136,0.018561677832653126,0.0,0.8169493637285621,1.0,0.8679999734548061,1.0,0.0,0.02270279749819572,8.0
0.010061987273252112,0.0,0.012781418674078462,0.05953996912087224,0.09761621815558906,0.03666487024236192,0.0,0.0,0.03502479833261295,0.0,0.8181620151604218,0.9602759555239523,0.8852291647574239,0.7812126304436564,0.07146241299595796,0.0,0.0,0.0,0.8063303236867104,0.07169631353657971,0.0,0.0,0.09098587429384782,0.0,0.026615061312408407,0.03764731001781215,0.9215751654771148,0.7502952997033706,0.9032650311538597,0.805684144069841,0.06503897649437233,0.021964439845579855,0.013422382707456352,0.05923699035316518,0.08942961081795933,0.09700933207366283,0.052383247095896604,0.0,0.7182915021749601,0.045896451195774145,0.0475108167445338,0.0,0.0,0.0,0.10471905577320345,0.0,0.7822577495329305,0.0,0.0,0.03131756026257985,0.8867127688416064,0.7276818783673726,0.7274679587310763,1.0,0.009571927973579584,0.07512273155333549,0.0,0.00437291760781063,0.0,0.0,0.018098823573746006,0.2668651883535939,0.022712545673532356,0.09727135651630399,5.0
0.042710457774674304,0.8953341440608205,0.8770442363398894,0.9829270126720127,0.8319383139650852,0.804846842983019,0.6869789776566909,0.018645128914568456,0.0,0.012834444637277263,0.0,0.0,0.0,0.10919311749602856,0.7735507535962535,0.04187834351106881,0.04480664308989167,0.0,0.01708942310382059,0.0,0.06868793084416254,0.97093564202503,0.0,0.0,0.10806136572866268,0.0,0.0,0.0,1.0,0.0,0.06694135555439441,0.07363208242375277,0.008910915338411705,0.0,0.0,1.0,0.0,0.0,0.032553491324900485,0.0,0.0,0.0,0.8311686497984185,0.0,0.0,0.0,0.0,0.07160951584494972,0.0037687230560126926,0.92814364140495,0.016644957590920145,0.07657952653294776,0.0011150946229474112,0.0,0.07106818015642302,0.0,0.02937868007868001,0.006679206653407279,0.0,0.0,0.0,0.0,0.0,0.03673316205083614,7.0
0.08154541426832856,0.7724139025619702,0.08270521973698813,0.055216935464960905,0.0,0.0,0.008005012391550447,0.1018841260008975,0.0,1.0,0.0,0.0,0.0028490195730240335,0.009211057330696274,0.07776517628479712,0.0,0.0,0.9284169070194791,0.04331380261432608,0.0,0.05450483220228883,0.0,0.864491446637542,0.012229621753094883,0.0,0.9043171560415606,0.931006487936218,0.9739758184157085,0.9139080367238067,0.842806061447594,1.0,0.0,0.02336830783337511,0.010317117805344417,0.0,0.0,0.09476409035294125,0.014634987196924756,0.8849766943787818,0.0,0.0,0.0,0.012014451985075541,0.07468774133396544,0.054894754481763265,0.0,0.8143885873289572,0.0,0.0,0.0,0.011074338139022696,0.0009716338751034423,0.09984268341959027,0.023635889573714985,0.8711557679586137,0.17816802742911925,0.047841379285020094,0.0,0.0,0.0,0.0,0.0,0.00659473611914371,0.073640307678233,4.0
0.0,0.06478227682990859,0.0,0.671768773829862,0.0,0.01356205301583629,0.032036104558201,0.0,0.008147817151568489,0.0,0.0038471679121950433,0.7301273693717643,0.06474560062492259,0.0,0.16804286446913255,0.015285637944221463,0.0,0.0,0.02396968388619092,0.869038704681386,0.0,0.0,0.04500292941560096,0.0,0.03766776034205528,0.06640738190658944,0.03599155490400871,0.9959237941736754,0.0,0.005071608031774366,0.030630036219967068,0.0,0.0,0.1752524429676466,0.0,0.7919525663980902,0.0,0.0,0.0,0.0,0.0,0.046254616289376375,0.0,0.5721179839477761,0.09955474319956126,0.06994520013269243,0.0,0.0,0.0,0.01608235171540303,0.03296131549228729,0.9739618688797838,0.0,0.1036096061982873,0.06341130899079779,0.0,0.005271520314827319,0.011890917518853048,0.0,0.7669224512654753,0.0,0.04198244633833217,0.01358487738154301,0.03722797222560131,1.0
0.0,0.014281392194116739,0.0,0.017087485140516244,0.0054459210026709835,0.07694243089169493,0.02950214992549311,0.028341429455614343,0.0,0.020338950601012918,0.028850896678520394,0.0,0.017377807416161694,0.004093746318656766,0.007225017204494689,0.009592165015399584,0.004533785835094209,0.0032205799353611578,0.8715147781751673,0.8073556803448688,0.8675327335387792,0.7514780515665874,0.04415938719718274,0.0,0.0,0.7366267530997853,0.010007880797335668,0.07336000897723047,0.0,0.05839308462451808,0.0,0.0,0.0,0.9659232017806153,1.0,0.7792826409923148,0.8179979589281601,0.8642311724088182,0.0,0.0,0.24212394826098524,0.7806951403932593,0.0,0.03278251040974938,0.0,0.0,1.0,0.0,0.0,0.8206406876634672,0.09255463896080449,0.011234689199321524,0.002051932813666188,0.0,0.7668460743510173,0.22804540985041571,0.008424405358142227,0.018046914330149256,0.9942327918625344,0.812528873917919,0.7222040238362358,0.8510397499917525,0.0,0.0,6.0
0.0,0.7473900898920163,0.0,0.038109037346805846,0.1009956736406589,0.008567558092251773,0.002561771113064542,0.0,0.0,0.6977220546123516,0.005680862484448111,0.0,0.05683390517938204,0.09444058937199773,0.2863019277910171,0.05478137078516511,0.06867793997096261,0.9894499226062202,0.0,0.07947809052411041,0.0,0.014695520950636429,0.9133215284547345,0.10050624234681582,0.04186141299419127,0.9558025774721755,0.9216542356850221,0.8928699202436604,0.9531099243018563,0.7901435143184735,0.7950146351530325,0.020984210199547288,0.00446488900855728,0.030949619520408245,0.0,0.0,0.0,0.004489722334818118,0.8497705424115091,0.0008548661300252394,0.0,0.0,0.0,0.04930168435166247,0.007321516768233976,0.007608983861437848,1.0,0.021286432441803886,0.0,0.0,0.027034628844521076,0.008597030143248615,0.054946169927042654,0.0,0.9114275546982961,0.0,0.0,0.0,0.046169836982131424,0.0,0.0,0.0016210390911321284,0.0,0.010930715885618031,4.0
0.007023021167376734,0.8331233758466949,0.0,0.008215608905980379,0.0,0.06009071370427477,0.07500406161737967,0.021912800098582368,0.024589025255442168,0.8839454331149199,0.0,0.0,0.0,0.003988744912375992,0.0,0.0,0.0,1.0,0.0,0.009599375507378152,0.06318243421118593,0.02431410741740139,0.8563729782847906,0.0,0.04730913192470369,0.9530604317105135,0.7958075107827712,0.8935937995276972,1.0,0.9203972476315909,0.8937081973563386,0.0,0.08525638990437062,0.0025915081763660886,0.0,0.0,0.0,0.0,0.7123400032888825,0.0,0.0,0.0,0.0,0.0,0.018752524426068385,0.0,0.9355624468246607,0.0,0.0,0.03325914003585019,0.02033712850461167,0.04386836508362235,0.0,0.0,0.7184977821979716,0.11337420319123666,0.0,0.02112142341948429,0.008429312812655895,0.0,0.0,0.07338976438608079,0.11067180835584045,0.0,4.0
0.049267564150620544,0.0,0.04848849263034095,0.042161648465378745,0.0,0.016051314849769557,0.05491111989039382,0.033890215548949575,0.0,0.04098145484483576,0.03278915325105624,0.0002864413588210774,0.0,0.062185438971312415,0.0,0.0,0.021365980609277805,0.07175941017545472,0.8427194574343607,0.9590844424424425,0.8147955067916303,0.7568689269441705,0.0,0.19325774985669605,0.0,0.7164201113722081,0.03828627811907471,0.0,0.01942631681978963,0.04785049483743892,0.8240842265453917,0.04106435537228258,0.0,0.0,0.7433029272436706,0.8806028512159322,1.0,0.9684391847053966,0.5859170682051642,0.0,0.0,0.04976857581029515,0.04565313794031678,0.030336961043831157,0.006264856393197005,0.0036223689795820066,0.9593480814292445,0.0,0.0,0.0,0.003561467761789898,0.047938263749419285,0.028521733677850616,0.003941146331773661,0.8452651606734063,0.0018870147494966898,0.0,0.0,0.31917816722937364,0.0,0.004927344985327596,0.0,0.0,0.026563390245752768,9.0
0.23296052740621967,0.08740537880303223,0.0,0.0,0.0,0.016273373522016337,0.0,0.0331080454844029,0.0,0.0,0.9486255373376598,0.6503092834178419,0.9476111115921029,0.6561839477135929,0.0,0.0,0.0034734473233875188,0.0,0.9187933361080316,0.30071567682185957,0.0726820076653503,0.04268111388382388,0.029276293012376376,0.012154907789810498,0.0,0.0,0.6829036273908909,0.7592688403721101,1.0,0.8473680626612705,0.0,0.0,0.005883503251578398,0.0,0.013354896505392717,0.08173669485962705,0.0,0.0,0.8718540533628867,0.014472659504595309,0.004725363522247129,0.018064738978349777,0.0,0.04601869537693014,0.04691069471623945,0.03981548882190073,0.7654842548610414,0.0,0.0,0.0,1.0,0.6144577465339423,0.7146232659301349,0.8351753460375706,0.0,0.00899488103313202,0.0,0.0,0.0571266940828588,0.02714862546856422,0.06384966885368125,0.0,0.009829558689379403,7.704810791771403e-05,5.0
0.0,0.0,0.0,0.07988321213876401,0.0,0.005408205657914498,0.04011331882194159,0.0,0.03763636944692145,0.2761148402840145,0.9865615066792638,0.8544821426442656,0.8495017673307679,0.7921843637806278,0.0,0.0,0.0,0.0,0.0,0.0,0.0006684337901546452,0.0,0.8428935069993702,0.028599771889600903,0.0,0.0,0.017685257220089814,0.0,0.7545856591197624,0.7319138349815839,1.0,0.01920085350869988,0.0,0.02511587100314567,0.018788289511543283,0.032696761145496425,0.0,0.01839993998118171,0.8183035727602301,0.0,0.0,0.0,0.0,0.042361159440182206,0.0,0.028846127488575613,0.8161378151491012,0.0,0.06777264952609756,0.0,0.8697915815206605,0.7998335815043708,0.9186178452748761,0.6941677207374616,0.04544138208003117,0.02679995265324754,0.06804310128559525,0.021920474689070508,0.0,0.03682040883146515,0.016274238318470205,0.03335107024864233,0.23557487259858576,0.09692172942256015,3.0
0.06538407756569398,0.9032587953519501,0.030980912309747893,0.0946230091030067,0.0,0.0,0.0,0.0,0.0,0.9368002510948442,0.0924247308823486,0.018598772455072066,0.0,0.0,0.06466288909014868,0.0347126837491342,0.012831807931862305,0.874549718038393,0.0,0.08856792759779337,0.08174719845570222,0.1453830720743299,1.0,0.0,0.0818744803075064,0.9326940044685339,0.787992199838385,0.8728944203664522,0.8087376499418159,0.8927707351227016,0.8995663444131915,0.0008147508540201067,0.006063021993377497,0.05074935161894807,0.0,0.05722344842413638,0.1553470165459081,0.05371952692167501,0.9601153508582281,0.22472402311758463,0.0,0.028159268003586663,0.0,0.007233428788224404,0.0,0.01580019006758644,0.8051952390471764,0.0,0.0,0.04978737088179352,0.0,0.0,0.0224957835740255,0.08917631916987355,0.7933367356147085,0.06759901035591061,0.0,0.012144739423650302,0.0,0.03573586687596778,0.0,0.0,0.056609709831595835,0.11025215204381428,4.0
0.02365342803613006,0.008270201115164499,0.0,0.03076768237051579,0.04935219651894545,0.02380135678406645,0.017857125907255574,0.0,0.0,0.0,0.04212116971659696,0.04049903258145662,0.05941882923468873,0.0,0.0,0.0,0.049104492533291105,0.09038592525000548,1.0,0.7428602378766688,0.6963156985816832,0.9463770771887029,0.0,0.0,0.0,0.7928941498568433,0.0,0.1339716811207674,0.06315620499055083,0.058736866727737896,0.8313437027458728,0.10289106638566103,0.0,0.0,0.7624156597658682,0.9544861334319207,0.8334145234838151,0.7755302083078369,0.7118274618727651,0.04282578203549957,0.10173676039584606,0.0,0.0,0.0,0.0056681212234500206,0.0,0.7846633741046655,0.0,0.09542042791554955,0.0,0.0,0.0,0.03635169567183701,0.03134475742535469,0.9850470523959172,0.0,0.0,0.06630841160937223,0.0,0.021545288997013495,0.0,0.05063873496844237,0.0,0.02519374325545233,9.0
0.0,0.3048744633183801,0.0,0.06799336938237142,0.0,0.0,0.23700449523687264,0.029281943830382615,0.04688139709941769,0.0,0.8871327938589249,0.9270496107722495,0.7886209729706071,0.891452157143024,0.016561338345357793,0.0,0.0,0.0,0.0,0.023590563628812154,0.04031954147018172,0.0,0.911903443656755,0.0,0.0,0.10280848144826903,0.034204690423554174,0.010086450657866041,0.08231691194171087,0.8921601987682832,0.06973547675689191,0.0,0.006842320324607444,0.09861347862668547,0.007524578921041402,0.0,0.7851523556232477,0.0,0.036194696239497066,0.009042224241862998,0.0,0.0,0.0,0.9389310333718035,0.0,0.002968166620397812,0.0,0.0,0.0,0.0,0.7718307328839832,0.9166380290526805,0.9416186903300422,0.9071620282996087,0.968483252625658,0.04092199581090167,0.027975423710128823,0.0,0.014897129814614616,0.0030169414066483734,0.2581021681752681,0.015436909280409236,0.0,0.0,2.0
0.0,0.9199533788960073,0.7743030492875075,1.0,0.812017190251223,0.8521256987596313,1.0,0.11278033666261669,0.0,0.035565005674721505,0.0,0.20114259528479775,0.0,0.0,0.8833656507157507,0.03303426896430265,0.05357001187612708,0.05394476494637301,0.0,0.0,0.0,0.8248129582032272,0.044578973356932235,0.0,0.03116053337598327,0.0,0.1431683177706183,0.06440642418754504,0.8639734342881257,0.0,0.0,0.0,0.01928883586943628,0.0,0.03833196497155858,0.771517396597694,0.0,0.0,0.0,0.061435174833597984,0.019380702634041985,0.0,0.818518895410539,0.09666058486400776,0.106471523264271,0.0,0.0,0.0,0.0,0.9896815006817845,0.0,0.05873136675175671,0.02914203346151552,0.06401255367349722,0.0,0.0,0.0,0.0475766565005056,0.045999611375437566,0.0,0.02379231510756283,0.08322661375834357,0.046506775116557215,0.06353854251364088,7.0
0.0,0.03783574011267345,0.0,0.0,0.0,0.11080060550342646,0.006896331581092505,0.0,0.0672174294067278,0.0,0.9341431882431503,0.8431087309332104,0.8030677771171474,0.9532530156327859,0.0,0.06527185236333065,0.0,0.183829752839891,0.9987240811205614,0.0,0.053212868221903235,0.0,0.0,0.0,0.0,0.0,0.8988974074131196,1.0,0.938249391881491,0.7741649065138755,0.0,0.01134290013243471,0.009353852270887636,0.0,0.017884170227389484,0.048571974614162065,0.0,0.0,0.7863403449307126,0.0,0.0,0.0,0.010551389103729372,0.04047180568555241,0.07721470705303592,0.0,0.7313937153491705,0.05741223379837719,0.0,0.03751893368606039,0.6748185923967449,0.9935243017672655,0.8135107120043011,0.8940407464861618,0.0,0.07943089017079125,0.048608817236994076,0.12481996318503802,0.0,0.03513871651378837,0.06524936558600232,0.0,0.0,0.04721519090377315,5.0
0.0,0.04938911504588994,0.0,0.042261557813558004,0.058061306210460274,0.028126020239716693,0.0,0.053481582626098714,0.0,0.0,0.8709126265877596,0.7787334507805385,0.7589318851555995,0.8022127639917241,0.0,0.0,0.040356744585044756,0.0,0.15445594314730313,0.0515892681059038,0.01129260467822573,0.0,0.9203338470244391,0.00996831441121177,0.0,0.059139388547252605,0.0,0.0309562140836558,0.03146053067082666,0.7688923893732035,0.0,0.07213265881690598,0.03603286596473538,0.0,0.2875841358989708,0.06324975803090842,0.8456684717013639,0.0,0.0,0.0,0.0,0.0,0.04013837199896671,0.7650121784121573,0.0,0.13362006063067564,0.11212341495970919,0.0,0.05324669148931243,0.0,0.8520691965535473,0.7952540547453998,0.8294546087566743,0.7558445467015774,0.9695191405827103,0.0,0.016105362132352707,0.06981366231221334,0.0,0.0,0.0,0.0,0.0,0.0,2.0
0.0,0.0,0.03074148516073775,0.26006820152065085,0.027974061608778245,0.017648069709262925,0.0,0.037747096413742943,0.05082334026981107,0.09224660047568013,0.8441381534665294,0.9774210669301295,0.8764522831791298,0.9139186257832648,0.0,0.003479325452756945,0.0,0.0,1.0,0.0,0.08524402151061516,0.0,0.0,0.017041231872105513,0.05520868165389995,0.0,0.7736289856487233,0.802359739781527,0.9782370897953482,0.8850857918950789,0.11295220461538957,0.2035423164388809,0.009056838500518229,0.026888019547219207,0.0,0.0,0.044401356793891934,0.14051527679213544,0.8192601238046818,0.052523225784477025,0.013016015390922989,0.07243377229713764,0.0,0.0,0.06851829762784264,0.043423614513065305,0.8975444487596209,0.0,0.00896224180001014,0.0927743654617042,1.0,0.9773350131977835,0.708639453278583,0.8753496692345581,0.028591837480512694,0.0,0.0021506826460822594,0.0,0.0,0.05373373217854696,0.03875526115030564,0.017426573839138506,0.024964717800468245,0.0,5.0
0.01882393704387834,0.0,0.002371762875903279,0.01989589696414809,0.0,0.049694600326801834,0.040053771437454484,0.0,0.0213181750598935,0.0,0.0,0.0,0.07836832673330718,0.029168994015647473,0.0,0.07123621475431194,0.0,0.011100135473487038,0.8728147931335642,0.8287062803461824,0.8251083886893704,0.8023492328880819,0.0,0.0,0.0,0.8074109089092338,0.0,0.00029912990412110175,0.017002782997925053,0.006018966916705534,0.8954512138326696,0.0,0.06910810455347992,0.0,0.7410981055214839,1.0,0.6784246340697153,0.7231547596947071,0.01270508313411915,0.0,0.0,0.7961958988372118,0.2558249027621392,0.07749212559916141,0.0,0.059269288725170836,0.9312532502693868,0.002454759160673688,0.10643454367457071,0.8333891525065833,0.0,0.0,0.10924640015479684,0.08640869069326187,0.9575400587910363,0.0,0.0,0.10634569326739292,0.7267287168938494,0.8212403391923888,0.9070036192947097,0.8123844044387312,0.000749768467599077,0.0,8.0
0.0038619076243431045,0.060609758671805763,0.006137836259253012,0.8985876151687994,0.0,0.0,0.0,0.2546127328457505,0.0,0.0291643758410992,0.0,0.930446384184297,0.051171764769867005,0.08307847037856449,0.016935374395679225,0.0,0.011808247285560366,0.010873635359967727,0.03136998076809005,0.6976736564242205,0.03297654873082014,0.0,0.02424925672538561,0.06545786007305979,0.0,0.0,0.0,0.9008121598134392,0.05652183161766847,0.0,0.009962684239968194,0.0,0.0,0.01070951294916864,0.0,0.8518193107101145,0.0,0.06353471697614847,0.0,0.0,0.0,0.0,0.0,0.9165578230001556,0.011945382733592795,0.0,0.012075204063751318,0.013840251043653926,0.041029071142797274,0.02924200277460707,0.0723617119193763,0.946073958880475,0.018545643736627124,0.01800824629239108,0.0,0.006637345815551324,0.0,0.0,0.010701665540232387,0.8522158233715339,0.016657265625085425,0.11789288276447699,0.0,0.00949189389557065,1.0
0.05082629743441578,0.005761356205480575,0.0,1.0,0.07583586732001663,0.029538003577131867,0.006693244413254306,0.058636407900599576,0.018108846232881722,0.052077025223882294,0.0,0.8850875248346087,0.07693334850852428,0.09701719904028357,0.0,0.04131816196538334,0.016399268703571345,0.0,0.04474669880811479,0.6661920909645614,0.038353010771372764,0.0512644327544021,0.0,0.025516747921017238,0.31975469826710734,0.0,0.0,0.7547502300594302,0.018792399796941146,0.02379499015434352,0.0,0.0041426618942065644,0.0,0.0,0.026575687687320788,0.9361042666161721,0.10393317488407205,0.03190730671057467,0.0,0.0,0.0,0.020827020673097475,0.07413993833706363,0.7029496051631254,0.0,0.06886060378000992,0.0,0.07739680572342444,0.0,0.013807777520975825,0.0,0.8558954274755242,0.016614751816604347,0.05310160631214597,0.0,0.032491709280960276,0.04014065020932569,0.0,0.31930181041881583,0.9248573873901178,0.0,0.0,0.07278487937385825,0.031075124300553526,1.0
0.019081225064704273,1.0,0.06318541895958199,0.0,0.0,0.13792749462891435,0.0,0.03434072295610013,0.07054057107169158,0.933332121019442,0.0,0.0,0.0,0.0,0.026657436713789645,0.07363980625545415,0.0,0.7508698612533999,0.025625006763915804,0.06313766750853493,0.015588101404412483,0.0,0.8949771342488393,0.0,0.009169375662918268,0.8808883326851866,0.8863276443001769,0.8135917345634037,0.9705274727119202,0.8286313210555712,0.7311474856967028,0.0,0.0463544477294597,0.0,0.018459715764192697,0.0,0.0,0.05927414363389077,0.934043477066223,0.0027343868247266343,0.0,0.0,0.0,0.0,0.010105347340485883,0.05124124409964417,1.0,0.04689522494608803,0.0,0.032832808608658,0.0025994356570940495,0.0,0.038788078897578376,0.01742161467722261,1.0,0.0,0.0,0.05340551135547111,0.0,0.0,0.0,0.0,0.007396120807714759,0.0,4.0
0.0,0.015526431672213665,0.0,0.0,0.0,0.0036876253407905285,0.005052051184101639,0.0071444622454343385,0.011760196078914797,0.0,0.8269471453173876,1.0,0.7709619796091763,0.8671471135103614,0.035302089624996744,0.014848598808925176,0.0,0.0,0.9429495868440423,0.023758354544018524,0.0,0.0,0.0,0.01808924893300902,0.02887864323004645,0.0,1.0,0.8066212965644276,0.8806299386897977,0.7453948269611994,0.0,0.010187159650170925,0.10894315410433152,0.01848197258473701,0.01070440986772643,0.0,0.11140296040381242,0.05809159764959415,0.8862214824924476,0.0,0.05309376639534359,0.010748291013742976,0.001961329860757058,0.0,0.0,0.005335470974773051,0.7801014768031468,0.0,0.0,0.04676838868274561,0.7768086969202079,0.9854239350990792,0.7871804217031567,0.680414539342589,0.062414071459032654,0.04781802467901245,0.0,0.0,0.0,0.00681939045933776,0.043309967660066485,0.16327909137622723,0.00884517324825712,0.013749653658204684,5.0
0.0,0.0,0.07421907439483734,0.011595167415013315,0.0029555058538692607,0.00571616375583813,0.0,0.013484794729202568,0.06412157278144348,0.0,0.0,0.09177714155991336,0.00381114131756848,0.05065477406175222,0.0,0.0,0.0,0.0,0.8924725478579612,0.9069743943095817,1.0,0.9938762029804433,0.08755878929360955,0.0,0.0837191921566585,0.9787356778647486,0.0,0.1334842811009695,0.0,0.04410466743156139,0.7955128256228224,0.0,0.12607750665506584,0.04998794605494813,0.9601513719795216,1.0,0.8072710728207677,0.8572394878530879,0.9174539504746607,0.0,0.0,0.0,0.0,0.0,0.0,0.0,0.9619321128459964,0.0379331897517635,0.03215917046461135,0.0,0.0,0.0,0.0,0.1672225213971722,0.9091701454084126,0.022599397900818056,0.026143934919164676,0.09252615115841642,0.020279623441815556,0.056330158594296964,0.0,0.005999429134227796,0.0,0.06988151680876052,9.0
0.04749624278374364,0.021024558584324695,0.0,0.0,0.0,0.0,0.0,0.019883581956359975,0.0,0.0,0.8264629966361903,0.8972660110962564,0.8476686109478699,0.6083449063167643,0.0008322670421346802,0.003791291894895655,0.0,0.02366267682178162,0.0,0.0,0.07338754629158971,0.03178288818819702,0.702191474602624,0.061331202642808016,0.10572973151420244,0.0,0.12630008635502676,0.0,0.0718277615929259,0.887489650332873,0.0,0.0,0.0,0.0,0.0,0.0,0.9566725135140876,0.0,0.0,0.10160794910090676,0.0,0.0,0.0,0.9200465586057762,0.0903121251464229,0.0,0.041684068693215996,0.03102491400812738,0.02959987757761569,0.0,0.8805202972996362,0.9808408440936839,0.8686774262522979,0.8018837227738363,0.9062566449649069,0.09504547587241019,0.0,0.0,0.03550816678275327,0.03544741891460801,0.0,0.005759074119777804,0.1297118782712967,0.0,2.0
0.011480777683822344,0.823685104137992,0.7152631115338163,0.8352027237638597,0.8552008098717165,1.0,0.9821597572957405,0.03216300176740616,0.0,0.044369047710366975,0.0,0.22077045804682136,0.23945470005739392,0.04730933279020627,1.0,0.0,0.0,0.09873435203373808,0.0,0.005164108661018155,0.009274055624685185,1.0,0.0,0.0026974805518294068,0.04050113431084543,0.0,0.0,0.22237013736585856,1.0,0.0,0.08906259653764449,0.04144230327297391,0.023283041055036646,0.0,0.0,0.7434527272618137,0.0,0.06315326783335727,0.0,0.0,0.07703486937905131,0.0,0.9072750382344359,0.059257772001668076,0.0,0.0,0.05035476833031706,0.0,0.0,0.8442413279065538,0.0,0.11814672047304145,0.03519059250875407,0.0,0.010230925030834483,0.0,0.0,0.017268365142084015,0.04656321260945499,0.0,0.03742069286665904,0.05864442762517346,0.0,0.0,7.0
0.024896584432925403,0.015940310215269506,0.007698773978091486,0.0,0.0,0.013641276005719067,0.0,0.0,0.0,0.02376632825881972,0.7940388521924464,0.9015675923755749,0.8822930634285687,0.8760710006542579,0.0,0.0,0.0,0.0,0.023208118951346314,0.013989749782930794,0.244180227510152,0.0,0.7301480931961751,0.0,0.0,0.02022104520619624,0.08768857154510445,0.01766869885469056,0.8655319103194482,0.852794445956058,1.0,0.0,0.02945004725560272,0.0,0.026062460261270272,0.045364142017868765,0.017203011604844033,0.2948426087042375,1.0,0.0396132821833388,0.0,0.0,0.0,0.05927657886357175,0.07576730362759364,0.024931762287905772,0.7948497658703239,0.016707913638611332,0.03852096677935856,0.05055668913812871,0.8490880942169978,0.7872985113185946,0.7738565024099009,1.0,0.0,0.09818798720634458,0.0,0.0,0.05349317000595996,0.0,0.040000612916268594,0.015365100829426454,0.021455565655427944,0.030308308862605146,3.0
0.0,0.0,0.0,0.020050333326919856,0.001453996960306084,0.0,0.0,0.11319152981754697,0.002461111911984709,0.0,0.03950643362552998,0.0,0.060714070832509674,0.0,0.05740574105530184,0.0402779300577632,0.0,0.12224909666357525,0.8944288434380495,0.995128001652505,0.9045715319346184,0.9216867653528803,0.0,0.012266412379993458,0.011007204504265204,0.7708508720810314,0.0,0.04456889244230844,0.05361331774208603,0.0,0.9263190235035956,0.008631927721495035,0.08159189672699488,0.0,0.8813025091217368,0.8351728830180737,0.8146991714543316,0.8528241211249362,0.012961737182811326,0.04692070942060401,0.0,0.9168936183952671,0.0,0.0,0.032693126900408,0.02864144793777318,0.7282325847810258,0.08388123244002296,0.0266924614698688,1.0,0.03615168621258522,0.0,0.0,0.032118966935072824,0.94257754396833,0.0,0.0,0.0,0.772875163483677,0.9560483333833925,0.6654034278321918,0.8879528351190565,0.0,0.015116562870597615,8.0
0.05526860508921542,0.05959463777507498,0.0,0.05002078381691576,0.0012042730760352565,0.016067344066629994,0.02337426745150565,0.030591400061185398,0.0,0.0,0.00873854560466442,0.03252485204045056,0.0,0.0,0.060982364015783136,0.0,0.07224690254517749,0.0,0.7868331585520834,0.7820333112904295,0.9392350760820722,1.0,0.018804820061040728,0.0,0.020985547031189326,0.9354182783147212,0.03348763123842537,0.05643012142046455,0.08267434272714819,0.023071596079643347,0.10586667721798693,0.0,0.010868996796229899,0.8677388569676635,0.9723287585036527,0.7514690412094833,0.6934763692380068,0.8914337808151797,0.0,0.0,0.015590907728148057,0.7779345058984557,0.0016132481150624206,0.006150561177259825,0.0,0.0052880753189097,0.8471612941671403,0.0,0.0,0.9143791251817994,0.0,0.0,0.0,0.0,0.7920629589282577,0.1276585965563933,0.039025807594385016,0.06734915517816843,1.0,1.0,0.8318693382642391,0.9851895603074725,0.0,0.02886335128472217,6.0
0.0,0.0,0.0,0.02805204791181616,0.0724184514913739,0.001291794197441185,0.0,0.0,0.0,0.02969143770592015,0.0,0.07140214945881627,0.04109844029641011,0.007759713431520371,0.06806415239945623,0.004772153893006781,0.0,0.0,0.9592935373128434,0.8543237645517446,0.8249044739706468,0.834916795446454,0.0,0.0,0.028308016332431213,0.7456951899842494,0.049567269748722956,0.0,0.0,0.023619691910544142,0.11063820437136827,0.0,0.0,0.8465994026738984,0.843394934907435,0.9055294986637218,0.7232517818324431,1.0,0.0,0.02124615463928648,0.0,0.7716069084617159,0.030553696977979473,0.0,0.0,0.049372077835866154,0.6647551532078904,0.27716830201090054,0.0,0.797309974602138,0.026051350876950315,0.0,0.0,0.0,0.9030222647045076,0.0,0.0,0.055278413501369986,0.648566210712417,0.7195857867002248,1.0,0.9596777492955595,0.0,0.0,6.0
0.04481287694066859,0.8098765236221152,0.08214016412473676,0.02234877867228271,0.0,0.0,0.0,0.02901482352983628,0.07579493929965792,0.8400931223741409,0.0,0.0,0.0,0.05466526307999506,0.0,0.0,0.0,0.7647369785388037,0.0,0.0,0.025875904716036208,0.036997214711656054,0.8877094314732704,0.0,0.0,0.7446220086432055,0.7295386930735651,0.8400784250124314,1.0,0.7987052220936292,0.8895444043827936,0.0,0.0,0.0,0.0022015261790156683,0.10146643616762015,0.041069615721374346,0.04083068428984998,0.909122839504378,0.04406452828377717,0.0360807078118554,0.0034123941180830572,0.0019415935357638744,0.03402198764943641,0.032760895489919326,0.0,0.8711479182971762,0.028255930010574293,0.0,0.06122574502361133,0.0008829230360942026,0.0,0.0,0.004806508193185026,0.7958103377982741,0.03190323538199196,0.04997625470567435,0.05728483558222827,0.07811140973435993,0.21357878656719506,0.0,0.04373702265640611,0.0,0.11497102340310467,4.0
0.0,0.0,0.0370817687559147,0.0,0.02577963597398077,0.10371828372792864,0.0,0.09453635001846232,0.050556618002343026,0.0,0.8973283690858213,0.8563253274624595,0.676993175857451,1.0,0.0,0.0,0.0,0.08786785902412593,1.0,0.016618385037028834,0.0,0.05533187605851016,0.0,0.05579891922565466,0.15941987737513524,0.07987217446706496,0.7519785753757062,0.6706406191939654,0.9708611413919617,0.8750018171670843,0.0997616945681122,0.0,0.06855847416504943,0.04374028922116166,0.0,0.0,0.0,0.11429688664884169,0.6979192861125435,0.0,0.005226296554312733,0.11503130637471033,0.0,0.0,0.03432118436515338,0.0,0.926944756287852,0.0,0.07160039728098395,0.04097957830257248,0.784772979487354,0.9683831625466718,0.922859791578266,0.962948058159416,0.0,0.0,0.0,0.0,0.015097402428652224,0.059789604505214755,0.027716998006910964,0.0,0.08146022493956104,0.0,5.0
0.0,0.09973383106635395,0.00429440430947472,0.05358351142483402,0.005731939027514451,0.012362197271025834,0.0,0.0,0.0,0.0689297023951389,0.8074596090104621,1.0,1.0,1.0,0.0,0.007052463151579565,0.0,0.00310486684758581,0.8737978338274401,0.030716305816665124,0.0,0.0,0.03427596819347072,0.017126346852901396,0.06705872307553046,0.01502616229464997,0.9519477490527306,0.7130523203760325,0.7461876626574888,0.8737608562841582,0.05383354297944309,0.10026498997038413,0.0,0.0,0.1018657967300848,0.0,0.0,0.028400025748276953,0.796771600840423,0.0,0.0,0.024779930298293628,0.0,0.0,0.0,0.02421531429614815,0.9398967858245737,0.0,0.0,0.0,0.7402641258614042,0.8660546818553955,0.7393312367014098,0.7351874893467645,0.0,0.0,0.0,0.019959341472025646,0.0,0.054031091328604314,0.11723867519279568,0.0007124863300281854,0.37370775121879424,0.01412496331703658,5.0
0.0,1.0,0.013713623537488555,0.0,0.07307756151743748,0.05481130504119766,0.024329630319461185,0.0034192059572436422,0.015199081096449291,0.6521173004372715,0.0,0.0,0.04139973463176439,0.0,0.06586873848727229,0.011132796537064497,0.005046473284286927,0.9111983020711718,0.08122124500781663,0.1318496725933118,0.02755035916435035,0.0,0.7870954480122344,0.0,0.040780991274255496,0.8579192840935421,0.9350750401212362,0.9767333887164235,0.8834811505915535,0.8582309015657601,0.834186729280747,0.03368875301888209,0.0,0.02027564577585631,0.03558039290569074,0.0,0.06616576063492163,0.03658557151751162,0.792256923524047,0.011873056306374492,0.03819421904062495,0.0,0.0,0.033704615448210656,0.0,0.030371662999957,0.9494287775774344,0.006168853782615429,0.04957786406140458,0.04323278311018022,0.0,0.02627762696361859,0.05940889075175692,0.03768261458633663,0.7507223801317596,0.0,0.08124433730034648,0.0,0.0,0.0,0.03822051994032359,0.032717944055231755,0.16461454067293346,0.0,4.0
0.0,0.966677707965472,1.0,0.9499336451572815,0.8956576219527239,0.8452440066978071,0.9868386105087451,0.07994523309558614,0.009766016788016061,0.0,0.024962745796449422,0.0,0.0,0.045395564398308025,0.8693624207648537,0.0,0.0,0.06312347175852347,0.017150885865191517,0.0,0.0,0.8883834020172031,0.0,0.0,0.0,0.046797642768788394,0.054181487621371184,0.060760378050779586,0.7487409576860818,0.08037185616185089,0.03973144389816208,0.010129683473980586,0.0,0.0,0.04441455984920553,0.9872325301967813,0.05237143988262273,0.0,0.0,0.03861340109294997,0.06792689786055646,0.02341564887296431,0.9409246874251708,0.0,0.0,0.0476746930767741,0.19841929918022583,0.0,0.04108131952226835,0.7189668572895941,0.0,0.0491658912715092,0.0,0.0012827345199773058,0.0,0.0,0.0018710317209726251,0.0,0.0,0.0,0.0,0.012954626093346744,0.0,0.0,7.0
0.017041528984888057,0.942798425746621,0.0,0.033854808909044715,0.05116684877546904,0.0,0.012475931644441532,0.0,0.0,0.9850219864110193,0.060000654813050586,0.05429804235625786,0.05964950563740508,0.02207870754181085,0.06300547451706162,0.0,0.0,1.0,0.0512282788223717,0.1757870809905114,0.039795322821143925,0.0,0.7954755682098764,0.01877487217136829,0.0,0.6562783978342995,0.948391970835421,0.79539284478809,0.7394146282835156,0.9718205840953162,0.8306903031687409,0.0,0.0,0.0684956069869347,0.04067294531150827,0.0,0.0,0.006777948303366967,0.6965410905480571,0.0,0.0,0.03773836705745015,0.0,0.085911954048076,0.14790812563003372,0.061858525138969236,0.6104041130231048,0.0,0.0,0.11093680180712738,0.0,0.019669532753054206,0.009721336345316972,0.0,0.8490479912733138,0.006625705605010496,0.02539832358863164,0.06424863129904577,0.0,0.0,0.0,0.0,0.07844595870393971,0.06418349147995868,4.0
0.02852980022905586,0.7610473273246446,0.8617400104565139,0.8879721654715496,0.9597751776515521,0.7199988534858563,0.9130171487656934,0.08892077951729183,0.07951832364188594,0.0,0.04516847009346637,0.01697550962993354,0.0,0.0,0.8586109612598752,0.0,0.1526122313331757,0.032145199234698656,0.015071846526060582,0.04952098419537564,0.0,1.0,0.041245470702816395,0.043246228510993044,0.0,0.000739121314865836,0.04947569741841748,0.0,0.8203807847098938,0.0,0.19263662089597133,0.01473496917447576,0.011761880938574653,0.0,0.0,0.7110589147416878,0.0,0.04685121622945405,0.0,0.0,0.0,0.0,0.926075429031074,0.0,0.0,0.0007470189942116805,0.0,0.0,0.02347283112036356,0.8057106684329717,0.12430784302011899,0.016038035282592577,0.0,0.03316380788513878,0.0,0.08732283571388937,0.014151611652570718,0.0356572106915978,0.0,0.0,0.0,0.04285745905796756,0.10472351806241849,0.10028123077135115,7.0
0.08029519526526602,0.013342121321301163,0.0,0.0,0.1460877639780302,0.0,0.0,0.0,0.017357978201300545,0.008155580674009075,0.009208418465261116,0.11392108721532467,0.0,0.01117152910910466,0.0351885598607853,0.0,0.0,0.0,1.0,0.7607594892330618,1.0,0.9198362965724871,0.054520659656433434,0.0,0.0,0.8773192767601816,0.0,0.05215460003057788,0.009072135017814181,0.0,0.8491327362714639,0.07540625604977783,0.04272875668552134,0.026881735966670123,0.8359210090388557,0.8747218036342801,0.8290368446624206,0.6695530582834619,0.04474977890433085,0.042998497122235184,0.015089144229843789,0.8117193292635836,0.0,0.01189777489410693,0.06869789918691632,0.02830181614720232,0.8778433915587315,0.0023834802318954615,0.0,0.9570478062793797,0.15786047767188838,0.0,0.0,0.0,0.8502534109712145,0.07121878099997546,0.0,0.000990104040299415,0.922617534280016,1.0,0.926742488147463,0.776211849977711,0.0,0.0,8.0
0.0,0.0,0.0,0.0,0.0,0.15591988869210877,0.04387904054101322,0.0,0.0,0.0,0.8149354751667444,0.8131740684424982,0.7751950606230966,0.6966464430446171,0.0,0.04617835552173198,0.0,0.0,0.0489817947246306,0.004973182446422676,0.0,0.073253890950755,0.9068398275402645,0.0,0.0,0.0,0.014436148333071603,0.050325975171791895,0.11997476390936745,1.0,0.0,0.0,0.0369787048709639,0.03402606731468849,0.014061345579183605,0.0,0.8494823484938324,0.004987811441668617,0.0,0.04203269888368982,0.09064480279159225,0.0,0.005792928225370794,0.641943081057748,0.035235058618295644,0.03261328352111027,0.0463507045719571,0.0,0.0,0.21899988112962732,0.9534095061033888,0.8003533989754655,0.8841197413767126,0.9111578780310232,0.7606319381763562,0.0,0.10194168338765781,0.0,0.009320770873982616,0.0,0.0033408443838440836,0.0051292716412718745,0.0006924557501122611,0.0,2.0
0.0,0.041573873461064455,0.0,0.0,0.0,0.05137360627487661,0.03448386950456826,0.0,0.008505622569754024,0.0,0.7351064790192348,0.894659035700566,0.7566992753669468,0.984936081455275,0.007263164334729926,0.018263175525499744,0.0500364851565952,0.12060565850759868,0.014798947881193944,0.0,0.0,0.0,0.8613446376648861,0.012018721519718547,0.0,0.031393535730376634,0.0,0.0,0.0,0.7504439935231202,0.017662846194166065,0.10106706576451072,0.0,0.036795424291667336,0.07080239490770515,0.03924239541194313,0.9863112781685675,0.07537177627155023,0.0,0.0,0.0,0.038185996785442086,0.0,1.0,0.00034109018499735755,0.11280414341321994,0.08048766757345749,0.05321616119522254,0.0,0.015124358367376915,0.9647969265440901,0.811308337160611,0.9982179691774405,0.7035044065058511,0.7825922346760261,0.0,0.0005148165555656999,0.0,0.0,0.018122222526053104,0.07453338650497252,0.007599944916917388,0.0,0.03176730370348683,2.0
0.0,0.27042352656153806,0.05713933095948444,0.04676330607213735,0.0,0.13110980100790734,0.0,0.05245612880536097,0.005090489882464851,0.0,0.908259294454165,0.7439292782968886,0.8929332054743809,0.7206486637752121,0.0,0.0,0.0,0.0,0.9614757656783285,0.040322559051559334,0.0,0.0,0.0,0.049332667891890954,0.0,0.06501288754987787,0.9695775169943065,0.8550975947039611,0.8131485125526052,1.0,0.0,0.0,0.0423726912938745,0.013386742245398004,0.0,0.012698570591429419,0.06590022343421674,0.0,0.7507780799309884,0.013264516550386471,0.0,0.0,0.011642524521327203,0.0,0.05683457743570994,0.06867146196691598,0.898149542517345,0.06542280422782604,0.0,0.04652486792547724,0.784036534342693,0.6609143705979353,0.8734013792767031,0.8613458677622298,0.05086161325047289,0.0576281673956248,0.0,0.0,0.04201714029638597,0.0,0.029390534148141485,0.0,0.0,0.033161354637795286,5.0
0.0,1.0,0.042771875198072795,0.0929527313568085,0.0,0.033566260021134796,0.0,0.010214850233371004,0.04757565807811743,0.976050477835831,0.0,0.0,0.05962415816238234,0.0,0.0681358346132848,0.07411473822147638,0.0,0.8801781354424624,0.0,0.000129139280681493,0.027916183608286863,0.0,0.8052775732279416,0.07580597007113063,0.09988885196384628,0.7723944542433364,0.7198327231116993,0.8212723727714278,0.8023412701482596,0.9642997332014379,0.9185251805684521,0.0,0.0,0.0,0.014201137016683553,0.03309593059621945,0.008483406945803273,0.0,0.7477339906768965,0.0,0.04963136733368056,0.0,0.07143538919389202,0.004274575635525642,0.0010719977317740447,0.024048788716758716,0.8680945792412432,0.0,0.1206933448564641,0.0,0.0,0.04352009160427034,0.0380033737358245,0.09162120713169042,0.9454397839656935,0.026164848031678425,0.2075233255338883,0.020072844259824276,0.0,0.0,0.0,0.0,0.0,0.04688783213757148,4.0
0.051257916676554854,0.0,0.0,0.0,0.018981241323428214,0.0,0.06323339758463886,0.22626088460724672,0.0801038317479768,0.03621870311049519,0.8671345496817794,0.6732894569832106,0.7659834374728915,0.8622244558443659,0.0,0.054567713778281395,0.022157896193538598,0.03798601322910999,0.7759910011823588,0.0,0.019302212403975928,0.0,0.0034492359007311704,0.0,0.04246117265954775,0.0,0.8105092669594827,0.7497972668765888,0.9144583270653293,0.8089339192757139,0.0,0.05199923089436527,0.006466656254224114,0.0,0.0,0.006038129228622342,0.00815253797443725,0.0,0.9082886390144151,0.03571132081393868,0.0,0.0944960895906154,0.0,0.0697613710024949,0.0,0.0,0.7491493332588269,0.0537022635445567,0.0,0.01726251017930362,0.7647029350168271,0.9733967361759147,0.7954713879631096,0.9423053928944015,0.045991002731850236,0.05429906623395793,0.014123226210993725,0.0,0.06818399827288368,0.029722976373004167,0.16149982399021004,0.0,0.003996904108334796,0.0012209309236252297,5.0
0.04331146750342021,0.032477976410244316,0.049111729321477816,0.06496017369964704,0.0,0.0,0.05534848555422475,0.0,0.050388474795011774,0.25798699935436775,0.8192036081680586,1.0,0.9395610493836961,1.0,0.0,0.10089410345998032,0.01682006954736533,0.04652535467961216,0.6739005828936807,0.06662666861200463,0.03609597574796843,0.1866866277637381,0.061088629571491616,0.029297491704467604,0.002932334620121742,0.0,0.8405318531382305,0.9112297355952298,1.0,1.0,0.06763117120914759,0.0,0.0,0.0,0.051951804628879085,0.0,0.009801140342138082,0.0,0.8681841572075836,0.034170168429305516,0.0,0.0,0.0,0.0,0.0,0.009781001512557322,1.0,0.0,0.08607378963719566,0.048662163434796596,0.8318119363620796,0.8987558636345614,0.6717446166504623,0.7852617739006644,0.07802086804449326,0.0,0.07447418046953631,0.0,0.0,0.06065897864063278,0.0,0.0,0.03164073241462257,0.048074076445804574,5.0
0.06045356615598979,0.013158964070026279,0.0328509349351879,0.025781009918156766,0.0,0.0,0.0030809163839535993,0.0,0.050817577104203863,0.06327207024752163,0.0,0.0,0.0,0.007396938284020202,0.0,0.031353094081549786,0.02807521726396959,0.0022496976099532417,0.792014903013222,0.871562478539438,0.6625931370880896,0.8606173260120976,0.036390209945276884,0.04173818392215342,0.0,0.9177317133956984,0.12924214966866707,0.0,0.0,0.0,0.7219519886894338,0.0,0.01745892435329027,0.790728364332597,0.005662870252434686,0.0,0.0,0.044717511932722026,0.8151453973777099,0.0,0.06536232288131619,0.8840996160078949,0.0,0.022962420944234285,0.015360512478783847,0.2027712931616089,0.6963829814936247,0.0,0.0,0.9644271148963921,0.0,0.0,0.023839552473824285,0.0,1.0,0.08680305619348685,0.0,0.06097138478481917,0.8280130025447486,0.6301339290274824,0.6180062697169941,0.7138597999547587,0.0,0.08361461716912916,0.0
0.0,0.8261492589232037,0.13766958182430764,0.0,0.022314739250528924,0.06195865121106708,0.009262481377959462,0.018433494073547257,0.02324641564567259,0.7436142445845237,0.0,0.017340517448133152,0.0,0.013696691667761322,0.0,0.0,0.0,0.9786535054004497,0.010386933029630972,0.0,0.11219630953980826,0.05706740206356409,0.9240068680318518,0.0,0.27094843833214055,0.7526331566425642,0.9869310711812905,0.9620167133203636,0.9679165719390226,0.7985339054610544,0.9495790844162608,0.02127211934558074,0.0,0.008579763672196252,0.30823719789111886,0.0,0.04583496647192001,0.009024905381775675,0.7049582598504729,0.08671743425461317,0.0,0.05960034166077412,0.08218682582830203,0.06832815317622686,0.014081721983788771,0.0,0.7695249480239275,0.06323125158269337,0.0,0.025532349523995454,0.0,0.0,0.0642844456088894,0.010917177752650328,0.7979536235354733,0.0,0.0,0.0,0.0,0.0,0.03257359107761514,0.0,0.05432180221203711,0.0,4.0
0.04618127092800192,0.0,0.0,0.25574420539917253,0.01322707852083789,0.0,0.0,0.0,0.013461485886624262,0.0,0.06111806351148198,0.0,0.0,0.010824552749935115,0.0,0.01813971351469708,0.017980086821573767,0.015559621208853104,0.8316104012104915,1.0,0.7856439402049601,0.9108919487787241,0.01601640459834665,0.0,0.0,0.9292123995197716,0.04696633157764765,0.0,0.02853559585734844,0.0,0.018439145822406144,0.0,0.0,0.8448504672862872,0.8033992622591054,0.8377474439358298,0.696099146938773,0.8675660006089109,0.0,0.05193652392506988,0.0,0.7923526643320687,0.029132054327551577,0.020623344897919834,0.01228439011834746,0.0,0.793465828455459,0.05673729826949162,0.0,0.7864266926871885,0.0,0.0,0.051752431266640454,0.017120841723359714,0.9001456565435735,0.0,0.021360839420488845,0.02084087699893841,0.8690390562070525,0.8632587552532316,1.0,0.7507234460526206,0.04201085104204391,0.0,6.0
0.0,0.017791951834160658,0.056143837766857885,0.0074448386708341144,0.0,0.0,0.0,0.02659715359187359,0.034646864022982955,0.0,0.0,0.0,0.034393889265875194,0.028259824978270592,0.0,0.04790961506446441,0.0,0.0,0.7994363444231021,0.9889518514776872,0.6906064659926493,0.8160682206217643,0.20279723626260848,0.0,0.0,0.9398090799415663,0.07878893597552628,0.014070148006861814,0.21990538980554936,0.036215619584186586,0.9502829105613251,0.0,0.0,0.7815512326659397,0.0,0.05018693099076005,0.0,0.0,0.7102383424879801,0.02803710125289423,0.0,0.8559118840722334,0.06009225010930846,0.0,0.07038825456706782,0.0,0.8584640028150348,0.03737585618855639,0.0,0.6715391768518629,0.0,0.06820379279355195,0.0,0.0,0.7954713596043844,0.01411318185027549,0.0,0.024853357739629003,0.8603250213707139,0.8322695616785857,0.9120713556073627,0.8790213970690692,0.0,0.07538193309552561,0.0
0.0,0.014922115936588296,0.028701408203524827,0.0,0.01342715832085881,0.0,0.002176600992402691,0.014300304907800838,0.0,0.0,0.004568953594414854,0.25712327843737326,0.00623354492764176,0.0,0.00921492538745264,0.11986580160027736,0.09704757387827355,0.022663125265968843,0.9361345896435728,0.8651388284806293,0.9692893916108055,0.9333899039249661,0.00048166938148097495,0.0,0.08154326160444869,1.0,0.056813489899333464,0.03712829354634758,0.0,0.0033950064409767715,0.9637110347060528,0.38982546522958017,0.0,0.7200116142650531,0.0,0.0,0.0,0.0,0.7123893847961084,0.0,0.070521075824918,0.9107447897249429,0.01569587996656453,0.0006534818816939765,0.0,0.030753084037225528,1.0,0.0,0.028241510119449843,0.8264650562529036,0.0,0.04841487163425192,0.021596255711976667,0.0,0.9609404455392137,0.0,0.0,0.0,0.7457008167288712,0.9005742812991935,0.6610422121125072,1.0,0.0,0.0,0.0
0.0,0.0,0.0,0.033157895316397124,0.0075827923494476805,0.08490332831599687,0.017865015277073543,0.0,0.0,0.0,0.030439458469776567,0.0,0.0,0.0,0.031851867911231714,0.0,0.0,0.0,0.736828575941628,0.8554534210651716,0.8521064219891327,0.7533406832502366,0.0767828099663477,0.0,0.0,0.9061747663284317,0.048704119997021955,0.0,0.07078491119079654,0.0030912640887947036,0.9264222830476047,0.007859739513719493,0.07231926001248289,0.9736744849796325,0.09331575443886657,0.025591924777762246,0.0,0.08922685723970203,1.0,0.0,0.0,0.7348459446781244,0.0333056015898196,0.02585544175485295,0.0007331284236748298,0.01569203093022802,0.8511015500772893,0.024494010935168793,0.07413986503103008,0.7414349986003087,0.022869487743588154,0.07619185694370245,0.003760944335790188,0.0,1.0,0.0,0.0034278104105160616,0.0,0.9064457028964452,0.8287944492883982,0.9230501514661988,0.8052490456073078,0.053620888738297484,0.06522629447794064,0.0
0.14989758468296005,0.020887967941926003,0.0,0.0,0.07003362650450233,0.044269616681635135,0.12273444929888647,0.017494838415097587,0.0345755733444869,0.0,0.0,0.0,0.0886311049749989,0.0,0.0,0.0,0.0,0.011236018548290195,0.7596343160812666,0.7865755050116532,0.7445721049087192,0.8442586152270358,0.0,0.0,0.08320655692920294,0.9311272055996442,0.0,0.0,0.0,0.0,0.8029255218644631,0.0,0.008293703343898966,0.05701328997236402,0.6844679571896385,0.806795231839409,0.7057286479900577,0.8687300269849196,0.9568259448461932,0.01112622746324404,0.04578186509030843,0.004561045004797217,0.0,0.0,0.02518248152061633,0.0,0.8806711664120489,0.023727468120952243,0.01847003452368597,0.0,0.09024760773706623,0.0,0.07863272735994539,0.016704654841534185,1.0,0.0,0.0,0.01646541652463223,0.0,0.04656517178919266,0.0,0.024472515341341403,0.0,0.0,9.0
0.002547271430557746,0.0,0.0066197109943683455,0.08241910918776604,0.002529156340886997,0.04393012590859857,0.04562476961052225,0.042869092161473624,0.08881072119035893,0.02845578026670359,0.0,0.0,0.053447651380251184,0.09322050732131633,0.060659942184386,0.03732393959175164,0.013260272449505325,0.001527248888230633,0.803221368138851,0.9009219547229116,0.8809693667193729,0.8157559656477866,0.0,0.23788953227366172,0.08446638369180502,0.764672451357316,0.0,0.19661188637552912,0.04308191341787405,0.0,0.8144538091008252,0.0,0.2144311066950434,0.7766974677536012,0.0789765937432324,0.019503787419648498,0.0,0.0,0.9488116119769963,0.011733721597292487,0.0,0.6877531381170905,0.0,0.0,0.0,0.030538505930907203,0.8733241768928321,0.04516888710263136,0.050105394724957834,0.8744159790225852,0.057221388352896245,0.0,0.011089434409807565,0.0,0.7100541893380118,0.0,0.0,0.0,0.9495697079008152,0.7435769026926933,0.8241905154096905,0.8470431932213178,0.0,0.09710940690916903,0.0
0.0,0.019795301621962275,0.0,0.0,0.0,0.07331758331352792,0.023210673229531176,0.0,0.0,0.0,0.09913141269825802,0.05147061970723926,0.0,0.052514780582813586,0.009738191466097666,0.03827093699604081,0.0,0.08822644037657895,0.8221950374801673,0.9838303854649063,0.8675451812913739,1.0,0.0,0.0765022343387158,0.1742140090815136,0.7911935507298617,0.0229753042239575,0.0,0.0,0.04240210677631115,0.8140987968209966,0.19648007997064768,0.06519440927859582,0.96154447380542,0.05304429991031043,0.023849776530553295,0.0,0.01979164335412315,0.692806657812466,0.0,0.03572344871142859,0.8965503187466114,0.0,0.05245394084198828,0.012666930973333308,0.0,0.8038282881984635,0.0,0.0,0.8993006297609907,0.07485640758511215,0.0,0.021225005829644296,0.021670535777937566,0.839938953400933,0.0,0.022530848444072923,0.03185226559918016,0.9668747982190512,0.9594368662669652,0.7742131714531832,0.8479328254909242,0.0,0.05674243392910692,0.0
0.0,0.0,0.0,0.07428659756680224,0.007751427023782684,0.019468763475615512,0.0,0.0,0.0,0.0,1.0,0.889456391633756,0.7913016092238175,0.9077844782723256,0.02093503532287086,0.0,0.005476845626463246,0.0,0.8409957772812808,0.0,0.01589282186760076,0.0,0.0,0.04213995057040349,0.0,0.0,0.6695347837191736,0.8161448401703245,1.0,0.9869936808063753,0.0,0.021473297305997056,0.03616624729868533,0.05368842273453034,0.0,0.07653494299530472,0.049617167174759974,0.0,0.9855024341689952,0.0,0.06254594085637477,0.0,0.19272029701021615,0.0,0.08044259240555536,0.0,0.6757582600280514,0.03794556226396571,0.0,0.0,0.9832816670371929,0.738429620536992,0.882241257454014,1.0,0.06520980791049917,0.0,0.09462587294517899,0.0,0.13980388228403162,0.0,0.0,0.0,0.0008740834461787932,0.06085621658755889,5.0
0.0,0.9342933323218654,0.9158146839930105,0.9090605108722454,0.7966768795022119,0.8464383861116012,1.0,0.05707675168446204,0.0,0.0,0.08896492208873995,0.008927936765778091,0.016339816559072167,0.013003463491093194,0.9238596610688559,0.013668201761427462,0.0,0.0,0.03665570388894856,0.0131106405820692,0.008165261266231238,0.7404833576149441,0.019359802165927763,0.0,0.0,0.0,0.0,0.048233758957661285,0.7552001660803681,0.05795980654771206,0.0,0.0,0.009439173678278656,0.05023101016151178,0.0,0.8159950909444709,0.0,0.007353501282591614,0.0,0.06322017743421084,0.02660496234878967,0.0,0.8921271957596665,0.013911084846597763,0.05257359461253752,0.01706870785278972,0.009732958934301216,0.0346655307485852,0.0,0.7591706278024939,0.0,0.019953563677877106,0.0,0.0,0.19714266950580733,0.05984707313061384,0.013106362045513978,0.0,0.018075236290561656,0.13037688097514702,0.04098193836014989,0.0953341558403655,0.05749840838579882,0.07311302146943902,7.0
0.06280383736327745,0.9015181203284997,1.0,0.7804792080920416,0.8511716011646459,0.8901941503995866,0.8430822040273626,0.046043797644178264,0.0271115980958915,0.0,0.0,0.0,0.0,0.0,0.7227803159950704,0.0,0.0,0.03161153003113928,0.03425694638139088,0.0,0.035468043749227206,0.8949786225649261,0.0,0.0,0.0,0.0,0.0,0.0,0.7649243091246807,0.024910205648763794,0.03762213967950843,0.0,0.0,0.0,0.05925221035480362,0.7703402626036605,0.0,0.05376146039380091,0.0,0.20278328192725448,0.0,0.04580836591474094,0.9409977275030577,0.2537565983659341,0.0,0.046436650352618986,0.0,0.07776326944580794,0.0,0.8236596568985808,0.0,0.00441210148844518,0.0,0.0,0.0,0.026323639266866296,0.0,0.03212828076236685,0.0565201349285009,0.023593152941942152,0.0,0.0,0.0,0.032393186434635256,7.0
0.05378385587717815,0.07422466326360751,0.0,0.04048377535624329,0.009868425629197264,0.03837693112390064,0.043973742054611076,0.04801971371294672,0.0,0.0013380009387744761,0.2162663768226111,0.04276149859105003,0.0,0.0,0.013355412316046075,0.050610841736977566,0.116050255292727,0.0,0.9391333583687322,0.9337081443302053,0.7373406142195963,0.8861910322281416,0.04103274344134563,0.0,0.010500013674953117,0.7877746489832368,0.0,0.0,0.0,0.019312352737029886,0.7469522064962567,0.0,0.0,0.0,0.800619679949781,0.9125398331621185,0.9669220695662422,0.6958735056908718,0.7926432297907771,0.0,0.0,0.0,0.0,0.024774538021456287,0.0,0.05447561152088404,0.7004121407048549,0.0,0.0,0.0,0.0,0.0,0.0,0.0,0.9168431558911455,0.0,0.0,0.02746012750727176,0.0,0.0,0.0,0.0,0.04911587837097238,0.0,9.0
0.0,0.04569437913383987,0.0,0.0,0.030716719897503787,0.0,0.010338947243392125,0.019213701193389728,0.01141142511126192,0.0,0.9058532912850747,0.916314217504773,1.0,0.9705306541709494,0.016286524338427703,0.0,0.016501584047584002,0.0,0.15652271831853715,0.03612496103923704,0.03533715559858234,0.0,0.8737153613426608,0.0,0.055926327032044726,0.0,0.0,0.015743741724430774,0.005244426889641719,0.9207014926618952,0.17811244595366854,0.0,0.032967285424237595,0.008700512344458212,0.0,0.0,0.8836958708549659,0.0,0.0,0.0,0.0,0.0,0.010658916585127326,0.8045131920614719,0.0,0.08424527679720707,0.0,0.023607524158618425,0.0,0.0,0.8322272199790899,0.7974648785105822,0.7173330239786456,0.7361743709037427,0.7201212636012311,0.0,0.0,0.1261573245831741,0.0,0.05611143500035196,0.013790589195809742,0.025196001405411173,0.0,0.0,2.0
0.0,0.0,0.031809908931544104,0.8715122850702421,0.02498141695841111,0.0,0.003901210933416501,0.09578184475990568,0.0,0.0,0.054958832175389355,1.0,0.0,0.055568372636577414,0.0,0.001364927564036573,0.0,0.06848756774830814,0.0,0.8938703911781889,0.025222740347874986,0.016728973972323972,0.017193544032213893,0.015456163430755957,0.0,0.03681678218715124,0.09226016147107653,0.8432865332406924,0.0,0.09001476359151309,0.03790642414275992,0.0,0.0,0.0,0.0,0.7075363769389085,0.025191027531006844,0.0,0.0027531955393175316,0.07099408044168531,0.0,0.2805267112441609,0.011345405541229116,0.8487901182813556,0.0,0.08715073772746101,0.0,0.061900631638961125,0.009299756643864556,0.03164843536510383,0.0,0.6486682707674822,0.06925189566373723,0.0,0.07859831246600209,0.0,0.06974902235315789,0.01199392292860401,0.0,0.7492680313769711,0.036130127620837386,0.209759379433229,0.0,0.03147599841790705,1.0
0.0,0.08274786482714672,0.0,0.8903102407068789,0.022125181113108586,0.0,0.00841441275986302,0.0747537260496746,0.0,0.009242696902095074,0.10579421277132672,0.8475954378022968,0.0,0.06039772380650499,0.0,0.01561021000575125,0.0,0.21006142925092447,0.05162067606092188,0.8685018356826617,0.0,0.0,0.013225786530273467,0.10177810188432157,0.0,0.06475943068261845,0.054751546004906976,0.8630351362199835,0.09039916056965863,0.0,0.0,0.030957194518402148,0.10161513538128251,0.0196324067926677,0.0964093443612149,0.9171778927539497,0.0,0.056198548521413975,0.0,0.0,0.07648786232471241,0.03873367269000927,0.0,0.8945202067320861,0.012661061480884785,0.0020126857645756994,0.0,0.0,0.0,0.07355029688172059,0.0,0.9279961771397499,0.0,0.022948504288024658,0.011740629425941687,0.043411559448646206,0.031359916970202135,0.013893875064691056,0.0,0.7384547815889899,0.04164455902906575,0.0,0.0,0.0,1.0
0.024367362356752787,0.0,0.0,0.0,0.05227730234898107,0.0,0.0,0.0,0.0,0.014451565681308199,0.020363243238507148,0.0,0.051124487897410476,0.01744260733855484,0.05621505856575551,0.0,0.012745931708993975,0.0643166719855023,0.9283854382372467,0.7095950108686109,1.0,0.9903788702823566,0.0,0.0,0.0676546947902422,0.7213920631202749,0.09209450491995326,0.061677716678463335,0.04748801482764083,0.11866892230287765,1.0,0.0785851388049571,0.0,0.0,0.8858733085802937,0.887036077716518,0.954299134160275,0.8228796752442706,0.0,0.0,0.0,0.7358617943516529,0.0012752120240056228,0.0,0.0,0.0,0.9057810038306486,0.0,0.0,0.830677648799886,0.0,0.060186307364401885,0.034493813077544636,0.15797964494783856,0.7684030178414027,0.0,0.0,0.0,0.853112403969698,0.7885481099619335,1.0,0.8385639394776909,0.028997550476418662,0.0,8.0
0.0006468401940369163,0.09305362846162595,0.0,0.0,0.037042032229584666,0.004964680476279678,0.0,0.0,0.0,0.0,0.9540793886431477,0.960264256200372,0.8643536076647944,0.7456407752883742,0.01510109973864925,0.058097558213181966,0.0,0.052980361985574646,0.8219411184796069,0.01572132839305616,0.0,0.002484255085394977,0.0,0.0,0.0,0.0,0.973769896333371,0.7470330185954306,0.7019540407804096,0.8094496865785552,0.0032444553119146107,0.05659547381770687,0.0,0.009420503329958405,0.0,0.0,0.2328252005278849,0.0,1.0,0.026074245925946073,0.0,0.0,0.0,0.0,0.0,0.0,0.8219897959335647,0.007698685591544187,0.004214042744161958,0.0,0.8859538998789719,0.6806164383886252,0.6714229119050756,0.8395686434287626,0.0,0.047312987482716555,0.0,0.018052618845412954,0.0,0.0,0.045327554533959986,0.2359405956923418,0.0696926679106105,0.29188520409030205,5.0
0.0,0.07934636061243074,0.2711280985763408,0.007416718878484655,0.004387587024139618,0.0,0.0,0.060113812001349576,0.0,0.01469702062026898,0.7579691866400196,0.9524586355024129,0.965433941958627,1.0,0.0,0.0,0.0,0.2388115007749958,1.0,0.012283388449406843,0.0,0.0,0.04770047306338184,0.005496264543232506,0.0,0.03745745101090175,0.7279787290137899,0.8561857828854512,0.8488107358306524,0.8772605746732643,0.10164358829298588,0.0,0.0,0.0,0.0,0.008739676469391972,0.0,0.0,0.8478776385995032,0.0,0.0,0.0,0.0,0.0,0.006120198755162114,0.020395231975249086,0.742405180716489,0.029282744435706595,0.11876459364075315,0.002436075093554765,0.9058647653631823,0.9885394841985479,0.8055309453557435,1.0,0.0,0.0,0.01655190849765971,0.04442836033538602,0.003728682600736721,0.0,0.03623895153355438,0.0,0.0,0.041859460862367075,5.0
0.008655289446095282,0.008503502098728896,0.036799190923173096,0.0,0.0,0.007965335013580743,0.0,0.0,0.03263178793723671,0.005453999153409704,0.0,0.0,0.049244247835233255,0.0,0.0,0.06609277512288082,0.0,0.0792002555862007,0.8495784985715235,0.9405065330855208,0.7621652010082719,0.7310374407992517,0.0,0.0,0.0,0.6987219463063052,0.0,0.05178755340504953,0.0860116831665613,0.0,0.8447995282523334,0.0,0.0,0.14378954401223246,0.6887281101688888,0.9090824509521473,0.7774185640621635,0.8269853836561535,0.9009451458539544,0.03720715156226082,0.0,0.006202629958206581,0.013824649172432705,0.029305607265665907,0.021322621394708356,0.0,0.9488710873542768,0.05643934300208001,0.0,0.016509689531501524,0.0,0.0,0.0,0.09726933188996244,0.923895770061331,0.0,0.0,0.004878632598868169,0.0,0.06745336100528132,0.0,0.08068227143748975,0.0,0.08050410210561966,9.0
0.00509744264774778,1.0,0.7091269892648975,0.7278407392428089,0.7370783584401338,0.798775520945318,0.8342495760935605,0.0,0.0,0.0,0.07181419784370703,0.03373839504928355,0.0,0.012001978783282427,0.9908230390603214,0.0,0.0,0.03716413135641452,0.002547673542819931,0.21136929536484264,0.0,0.773552637421639,0.0,0.0,0.0,0.01793224788499908,0.002020986073420862,0.0,0.8635933221796963,0.04233392846717955,0.006549413680903263,0.01845087453295587,0.035475226211983193,0.0,0.05414303083783842,0.6967794024667509,0.023562677694108514,0.0,0.0,0.02031163487675323,0.0,0.04134814834816017,0.7627088495342282,0.0,0.0,0.007631577244325946,0.0,0.04413653822534961,0.0,0.911404977417697,0.0,0.06662009421418415,0.0,0.043456528066767815,0.061708502212370175,0.0,0.10839732729005967,0.0,0.0,0.10507192210641372,0.10085310084677346,0.0,0.16561963340253943,0.0,7.0
0.0,0.7522305728567454,0.020658910555000947,0.0,0.0,0.0,0.0,0.011013652293995882,0.0,0.7260671139393657,0.0,0.00035479328201747855,0.0,0.03301874558059805,0.0,0.10564591746919468,0.014761251909220618,0.7693755186704931,0.052698998863968075,0.09754107279182495,0.0,0.0,0.8376182229124538,0.0,0.0,0.76261969263205,0.9277104401368208,0.9130173447075902,0.6973445591426408,0.9262148771201244,0.989157449386827,0.03779957385460737,0.07872514523884536,0.013598916433341032,0.005406602383689885,0.0,0.05589323955394279,0.0,0.8571709250984662,0.08488143801759174,0.060387370146475106,0.0,0.0,0.0,0.0,0.05421629681356303,0.9413169814005502,0.01719538661830226,0.02011929946930879,0.011594638599452915,0.08285168812950029,0.0,0.0,0.04507067619778601,0.9768861848367579,0.0,0.010955230729192064,0.0,0.2674937573218384,0.08699963964822732,0.16180998145836303,0.0,0.087104709862437,0.031090858585199617,4.0
0.0,0.04582690597828806,0.0,0.0308965303944822,0.048514037853991276,0.0,0.09639929391204871,0.0014476285525920486,0.0,0.0,0.025013229706151635,0.004451973981154068,0.0,0.03215419981072387,0.1424672382178377,0.0,0.013622244794673142,0.0,0.8060045024190332,0.8842325813264912,0.8616768179707008,0.8715002511919882,0.10099001508063497,0.0,0.11534861885191108,0.7484342223370412,0.01860397820723857,0.0,0.08531849652585356,0.0,0.9009887025349193,0.056475630174113806,0.0,0.703091539936382,0.0,0.05793660752366389,0.016972640445646874,0.0,0.9309851532268634,0.0,0.07989944150769021,0.9301345640824453,0.0196907088173236,0.04730178912350847,0.0,0.05020367926803763,0.8714288754661409,0.0,0.0018963842564129398,0.7857253254936727,0.0,0.0,0.04489289172645056,0.01839456985135527,0.8276544366703661,0.031512265012326,0.0,0.0,0.6856691738451831,0.9323064172374548,0.8941979188433884,0.9952223717827443,0.041227811156257864,0.0,0.0
0.09883485026901237,0.23026557252885477,0.00322058277290597,0.045406928747397074,0.16288537488920946,0.0,0.0,0.0,0.08589170167741318,0.0,0.9483137901336925,0.8506993354781548,0.8659317510362342,0.8441148353969451,0.05412794551617826,0.0,0.05230677662569719,0.0,0.9483681445649924,0.0,0.0,0.0,0.0,0.0,0.033395758429672795,0.015889711532391354,0.7541056065618408,0.780535756978255,0.9821439842753222,0.930694381684953,0.0,0.0,0.0,0.0009079453624196688,0.0,0.0,0.0,0.022060677558612754,0.7216895951084792,0.05112334664650828,0.13263003994553926,0.0,0.0,0.034319156792844606,0.07550268663889566,0.0027792526443844692,0.9326086672535487,0.04176932046670132,0.060763846664500326,0.008292611283794623,0.8376119766060744,0.7153986881397504,0.8994968271832323,0.8923546659846864,0.0,0.030943170256403297,0.04065956998845503,0.033554410735349004,0.088802968317894,0.04992034418309163,0.09534318749297122,0.0,0.0,0.0,5.0
0.05264088912971046,0.026875983607457812,0.0,0.0,0.0,0.0,0.021633230884348348,0.0,0.0,0.0,0.9137100424385122,0.9376250013837818,0.7568980311383849,0.8821686486618006,0.0,0.010859112591809307,0.09955760455426535,0.03336705011568378,0.793346179004015,0.02821447294731256,0.04799843864633212,0.0,0.05257091892650374,0.0,0.0,0.033534023982326924,0.6982968065478506,0.7600783421257198,0.8784688666537519,0.9549342437371962,0.041699931366177466,0.15164954116676316,0.0,0.0,0.0,0.0,0.0,0.0,0.9834447983464303,0.01603694385437029,0.0,0.0,0.0,0.08232828314792622,0.0,0.11372691005616126,0.7178373319172834,0.0,0.1270232887868056,0.04959238545342015,0.7812646828386324,0.7678287349010579,0.7320927089740149,0.712059535963252,0.04871337500702782,0.038446636099497215,0.0,0.08509760798628657,0.013904325460393434,0.02626269486275481,0.0,0.0,0.062225671584678066,0.020144790567354846,5.0
0.0,0.05547001815321839,0.05067562782095652,0.0,0.0,0.054995760677237326,0.024721287741026374,0.06509695958958629,0.0,0.0,0.7464601477599023,0.9233470568274416,0.7523937578971365,0.9767905873620272,0.0,0.0,0.0,0.0,0.718674811726012,0.0,0.0,0.0,0.10318433605934696,0.01361785066533016,0.022564726799615076,0.0,0.7320766749452836,0.7850800260952545,0.9800953995362769,0.9174331525590966,0.0,0.058674162247011864,0.006900197037040357,0.0013966258165443238,0.004403026280037834,0.021812368467111917,0.0,0.025644135883544777,0.7164002232227378,0.0,0.06702680517916362,0.00971973009993793,0.0054049179452322045,0.014768231387619138,0.02815819333911278,0.0,0.751690585337105,0.0,0.05303418729598008,0.0,0.7492092757437451,1.0,1.0,0.8385100858096609,0.1221391304213029,0.0,0.2653103299934207,0.05781550325091581,0.0,0.0,0.0,0.0,0.0,0.0,5.0
0.0,0.0,0.01806944102158345,0.05325649318044956,0.022080052933265985,0.013619962379312657,0.011810834275322764,0.024738147995608986,0.011902125675659299,0.024824607021701403,0.0,0.0,0.046714827865078176,0.0,0.0,0.20162934459937248,0.0,0.0,0.7165285538386672,0.7025237182946354,0.8614027936201928,0.8848331072592077,0.0,0.003579378628019358,0.04867217794833268,0.6750379045108101,0.014203542131573006,0.0,0.057532855613012614,0.0,0.015123707058046372,0.0,0.0,0.8569879074409523,0.8995052432999294,0.7126708412103332,0.9831716604638933,0.9436247304035003,0.0,0.032430941313883396,0.04073535707598341,0.9167159422012392,0.0,0.0,0.042829030095659026,0.0,0.7512817932049122,0.0,0.05218593784806436,1.0,0.23446850703054523,0.011781415167409463,0.0,0.02689237698089761,0.9202329154791777,0.039642290893451886,0.027998554822974184,0.01921687010607437,0.7424185216317868,0.9041806740771703,0.8922081851475216,0.914742695045455,0.011195206656138672,0.029427356700529057,6.0
0.0,0.9960365284010636,0.0,0.02136313998102601,0.0,0.0,0.0,0.0044388004806638955,0.0,0.7482410704061128,0.0,0.0,0.04384459488233406,0.0,0.028029015765047988,0.11482996326502624,0.0,0.952497512965031,0.22052228866179863,0.0,0.0,0.0,0.921390359206383,0.0,0.06622437365833604,0.7910545479088092,0.9030455720422964,1.0,0.8345180289001884,0.7670772708640999,0.9140574112676996,0.0,0.015096277214287818,0.0,0.0,0.0,0.009062054955110794,0.004926778999954803,0.9473395109282284,0.29144825642257366,0.0,0.0,0.0,0.017787925465065947,0.0,0.0,0.8384805001401587,0.0,0.0,0.0,0.007029138152710102,0.01785734524535827,0.0,0.009117962654924526,0.7752766738312369,0.08242550376706256,0.015549503513415747,0.03080643857876869,0.0416676119716217,0.0,0.11680797488871959,0.0,0.09383966263405835,0.024433382259895345,4.0
0.0,0.046360413680176425,0.022484025651577703,0.0,0.007030119038938207,0.10027596230306615,0.0,0.0,0.0,0.26281981990521713,0.0,0.0,0.04701558318851107,0.0,0.06270467975883923,0.001544858497008937,0.06884561332899458,0.0,0.836076030185373,0.8360617695782706,0.7190492126384384,0.7045853977293914,0.01224769476010332,0.004489159775766097,0.0,0.6906912320521421,0.151837109029049,0.01497477677637332,0.052321756113847755,0.0,0.8230670758095214,0.0,0.0,0.8515378470100244,0.0,0.13578652249473638,0.2923656595239037,0.08619232700988311,0.7332191316467946,0.0,0.003105821039524139,0.8210844059016885,0.0,0.04293997725947288,0.026484383948396046,0.005955328217871325,0.9719991740735303,0.0,0.013625039941680121,0.7725002063358903,0.0,0.02909121739995864,0.05734221363127234,0.0,0.7430411108796787,0.0,0.0,0.035240898243209536,0.6928986899586896,0.762986093645127,0.8516463353124468,0.9694466026891823,0.0,0.011899852716442214,0.0
0.07798903631413467,0.0,0.0,0.0,0.0,0.0351866971405883,0.0,0.010087283936738071,0.09160412880692481,0.0,0.8864477187070804,0.8305844122256657,0.796117518993655,0.9675468182805056,0.0,0.0,0.08315625128270104,0.0,0.8214055025171405,0.0,0.0,0.026834826599502266,0.013616736232577049,0.0,0.004710939764589153,0.06984881123284918,0.9576017341531985,0.7316540246569052,0.7981160225189757,0.8379814121100045,0.0,0.07812898031394123,0.0,0.020814724644986418,0.03421790906258464,0.09672252672660936,0.021174985830607066,0.0,0.8609370655014184,0.042151354754566155,0.017965831422548813,0.0,0.0,0.0,0.08013928028225162,0.0,0.8115370959806792,0.05575131221975266,0.0,0.27900673918365565,0.6799738389195509,0.7501781075149441,0.9998128501015704,0.9716112040272789,0.0,0.01912983268276601,0.0,0.07881776271715124,0.07692910321336803,0.015500671235286699,0.03742283347717678,0.041754349684166685,0.02730260710296581,0.0,5.0
0.048944368856379206,0.0,0.0027043468890377916,0.04819931287148827,0.007364829637619976,0.06092804616907153,0.017652619676414027,0.019761601305414826,0.0,0.009539148851249093,0.039298723284830805,0.0,0.06707493762612066,0.03217466647174675,0.03342996729381476,0.0,0.00874029129620431,0.0,0.8722340294005767,0.6772886497617352,0.8225267371244588,0.8832116435840203,0.0,0.06441031802325187,0.0,0.9433134865174351,0.0,0.024446018600935135,0.0,0.0,0.8138213134375345,0.04331758446586909,0.051418713805842044,0.01349763922860372,0.9134906485246624,0.760297758213448,0.6676271897520638,0.9105916125354362,0.0,0.0,0.0,0.8959587779618787,0.0,0.014008705829463453,0.0,0.0,0.8089084148091794,0.03296787906360451,0.01435432740910244,0.6774484167600271,0.0,0.06552274574534284,0.01709966343372737,0.0696178844233642,0.846974287074431,0.047371489385991096,0.050417993934242955,0.0,0.7741315884754942,0.9290298064588178,0.8257466448967637,0.9035995918282222,0.0,0.007119623649747012,8.0
0.0511687680025394,0.05090398062462434,0.00011410015019125914,0.08324594439012359,0.0,0.04909500373724604,0.0,0.0,0.0,0.2254970731622224,0.08271843723744099,0.0394560322551763,0.09010559391018717,0.0,0.05853669256578167,0.06292888756770205,0.035397644178035516,0.0,0.8188682790755184,0.9598155534630652,0.890220157814348,0.7460783574097641,0.0,0.0,0.0,0.9564337893394723,0.06083005972138522,0.053552365977818296,0.013838921720006926,0.0,0.9689722202931781,0.0,0.03902772981048262,0.04350705807532751,0.8394458908790603,0.9124145625797719,0.8479913046586026,0.940731510809055,0.01119589480278125,0.0,0.009020668957465606,0.7777198538193246,0.0,0.013881190468596422,0.04717770675951036,0.07794306451759317,0.6599218190552584,0.0,0.08603327260469097,0.6677069555663083,0.08189291702812973,0.0,0.2995498622049195,0.06783806398024587,0.7452668382067388,0.0998924937845088,0.005039803661252175,0.0841106732536396,0.8801003409070215,0.7162393343778789,0.8768932875319644,0.8141165525046474,0.04417749529900056,0.0,8.0
0.0,0.0,0.03852020161466057,0.008891407471206451,0.0,0.03387515680639404,0.01602777781727112,0.0,0.08855316883877407,0.02658653051020874,0.016386781525390495,0.2561033886789623,0.0,0.0,0.013474568070619159,0.0,0.0048720548537575575,0.0,0.6444532915906661,0.8646429146478785,0.6876955466590575,0.9138772148967493,0.0,0.0,0.019242570416492306,0.9955960314538052,0.0,0.01585718765013513,0.18609250764078825,0.0,0.0,0.00918267145774894,0.0,0.9576095389784545,0.7390549893917219,0.8890690843628606,0.8409208933806889,0.8490744527922731,0.0,0.01629477715878193,0.03145540484725167,0.687182375774262,0.01136214114078043,0.042813607910272625,0.0447400786214083,0.05084183350309982,0.9979060201567633,0.010247859178624183,0.0,0.8323720627192424,0.0,0.032299005161171755,0.0,0.0,1.0,0.0,0.0,0.03744746725504642,0.96827948880142,0.8602135770058317,0.695429395134113,0.6647071472977673,0.0,0.0632340939637313,6.0
0.0,0.0,0.3135819029029372,0.036108880515193634,0.10287679108666253,0.0,0.09065485134475007,0.0,0.0,0.07360809813133228,0.004471582313990218,0.0,0.053071215593949644,0.003122730959365755,0.0,0.0,0.039404586027612244,0.005908297639119248,0.8915221549532462,0.7080880064613118,1.0,0.7768146651886162,0.0,0.0,0.02000677865958272,0.8600882285958285,0.04559725427605835,0.0064034546080440555,0.014510094157906757,0.005379193090533153,0.011268778943042047,0.035594834212596745,0.0,0.7184088125449762,0.7841657951615385,0.7380691457293713,0.837243810971048,0.7669809433338148,0.0,0.0,0.08262829338055185,0.6900160722717983,0.003493250969857576,0.024473302500465408,0.005749207987302168,0.0,0.9572350369483011,0.0356458268137806,0.0,0.7299143318735517,0.0,0.033623526914389,0.006573326436484484,0.0,0.7374796056882216,0.015733254447646297,0.0,0.03832046806082301,0.9961970272929314,1.0,0.7617074628582757,0.9805207432716615,0.3432169948518776,0.08131025358702099,6.0
0.0,0.0,0.06650973593174801,0.0,0.0,0.02407282311437771,0.038816261889788484,0.0,0.0,0.0,0.9004077976838466,0.7914610059518432,0.7596613370540131,0.8752918866676761,0.06946030792954193,0.00912122027314512,0.0,0.08088903403194163,0.0,0.0,0.010464133333463493,0.00946927925629889,0.9608150798555987,0.33885718658987085,0.09623324265149985,0.001996487923333941,0.0,0.004891116617835228,0.8825798787667647,0.9548107974138044,1.0,0.024120671672403726,0.0,0.011261010448787613,0.0,0.0,0.0,0.0,0.7577651285748671,0.007634380545580722,0.0,0.024219217427618383,0.044745874500602356,0.0,0.0,0.312031761879067,0.7796152949524239,0.027063726030600605,0.0,0.0,0.7725373820487369,0.7083470402951121,1.0,0.8488308243720943,0.006749615515665367,0.0,0.0,0.0,0.08712631252871561,0.0,0.0,0.02085915547207777,0.00911487855474674,0.0,3.0
0.051275724780366884,0.01617648935080441,0.0197011587703461,0.8109648552509072,0.06080602715261896,0.0,0.022967291643396417,0.0,0.024814685062595012,0.06620647025886048,0.017669316747848624,0.7519155906775729,0.0,0.025411118988279913,0.02371758283580568,0.0,0.0,0.04322276665385239,0.0,0.733612539611554,0.02953824526737038,0.0,0.0,0.016259686169386684,0.0,0.0,0.06250353829597023,0.9443266953097963,0.0,0.0,0.0,0.007168345154125651,0.0,0.018664066394524958,0.0,0.9884644842840096,0.032453056509274374,0.0,0.07732738284748872,0.0,0.0,0.0,0.0,0.6535551117117492,0.0,0.10133831166257623,0.0,0.0,0.0,0.0,0.0,0.9563247884010194,0.08812738061372095,0.008499217935465877,0.0,0.03881669250304734,0.031341951580061346,0.0,0.05999663780963715,0.9079350205960597,0.016490608375654782,0.012193993636913002,0.0,0.11889874590450564,1.0
0.09724002588861155,0.8002801997965028,0.9069960632267462,0.8367795599245378,0.7160112709948939,0.7127842871258695,0.8655976701333437,0.038623799110610625,0.013634715798361674,0.0,0.0,0.05843020579390802,0.0,0.0,0.693746736427225,0.0,0.00965494282263564,0.028524568191878243,0.014601392897464286,0.0,0.0,0.88841604918097,0.0,0.013830707494518405,0.007690549834288275,0.0,0.011999320886696613,0.022601409540516607,0.8005424082926791,0.0,0.0,0.00633309071557915,0.033866159890962415,0.0,0.0,0.6631827928385308,0.014987979433053682,0.12411466785064176,0.006891860955154408,0.0,0.016122829625308827,0.1616436605526751,0.734792856261053,0.021939560016459143,0.0,0.0,0.0,0.02941993851511134,0.0,1.0,0.0,0.0,0.02480923316700187,0.0,0.0,0.0,0.03122686780712739,0.0,0.0,0.0622714388381084,0.06820000073806648,0.0,0.05797219853381165,0.0,7.0
0.0,0.05479713330067901,0.0,0.9906754056587204,0.0,0.0,0.08625899330176053,0.0,0.030036103914407666,0.0,0.06798624185659652,1.0,0.006001229775854459,0.08851405790945255,0.0,0.05876439587222959,0.0,0.09199434044753337,0.0,0.7448607124277675,0.0,0.043099268404893955,0.0,0.06711496865239958,0.02897323867072137,0.1081549574178299,0.020285564746186466,0.8019146610784378,0.0,0.0,0.0,0.00898877829076313,0.037539122567505245,0.0,0.0,0.9358306504090096,0.07468794711711567,0.0746498893352108,0.0,0.0,0.04375560814731774,0.07364743424215539,0.0,0.6994791392711754,0.03455798598118436,0.0,0.0018533050481289118,0.021121408033407257,0.0,0.0475145346084314,0.08581112985644998,1.0,0.0005901871410188195,0.0,0.019671509978635506,0.09200911108705498,0.004611620905939177,0.2699548007137284,0.0880927911167504,0.950210070646983,0.024305595206874503,0.0,0.29381313540118215,0.0,1.0
0.03586035724983878,0.0,0.0,0.02552455907807707,0.0035289102569786485,0.3675623971747315,0.06257927561683715,0.03620116507461348,0.0,0.02415468876669289,0.0,0.0,0.08525206330132301,0.0,0.0,0.0,0.0737586375305941,0.03014910288385141,1.0,0.9232897224023425,0.8008107571971479,0.7288629417325623,0.0,0.009876726242319972,0.0,0.8613291972691952,0.0,0.06080664339553506,0.03019312570923361,0.0,1.0,0.0,0.0,0.7753235234347747,0.005615614636185359,0.0,0.0,0.0,0.810028721409535,0.057170700295583556,0.0,0.9419473910509877,0.0948813824170489,0.0,0.0,0.02847971912894559,0.824671941726742,0.03141405440034942,0.0,0.9053550247086996,0.0,0.035526168481045825,0.005448556095953537,0.08204704230310277,0.7698075947160624,0.0031081814141028993,0.0066331939651241845,0.025473394958254708,0.6825393504479835,0.9496354974889865,1.0,0.8888689324751826,0.002379534166545931,0.0,0.0
0.01795858000800208,0.004158008292988342,0.00032101658041168,1.0,0.011671075762009563,0.02873122790925243,0.0024512845833152123,0.0,0.015973621574038973,0.0,0.0,0.9436311073376685,0.14085913604704753,0.020721328364502193,0.013232382858700832,0.17417483654344953,0.0,0.0,0.008095334142149245,0.7656005598236781,0.0,0.0,0.0,0.0,0.0,0.035873520710075976,0.008358756637690134,0.7797384403922225,0.0023833217311418895,0.07832496908194898,0.017756751355199135,0.07064653337501833,0.007986154657948332,0.0,0.09627551532785425,0.7399520908668329,0.04717049174207066,0.060778655841936285,0.0,0.09322243754285825,0.02126782443993093,0.10538686463533752,0.0007654782005518647,0.8146940684941254,0.0,0.09809515065700762,0.0,0.0,0.026124077414867275,0.0,0.0,0.983919125091922,0.0,0.0,0.029669885964219902,0.006054829371660791,0.0,0.06309386919116157,0.03132416477553679,0.7532510384854912,0.24096951295307517,0.0,0.0,0.05266232998024957,1.0
0.0,0.8005100596042583,0.0,0.0,0.0,0.06300076205720219,0.08739470545947521,0.0,0.0,0.8981210854976099,0.06498115226981051,0.0,0.25301006730258896,0.0,0.06026167197982877,0.0,0.0,0.6994560031645776,0.0,0.03627032043548608,0.0,0.007797223756727038,0.7819885426126629,0.0,0.017158171371799986,0.957524607759367,0.7073820681614387,0.7278388175754977,0.9335856306805107,0.7900795596579009,0.9673623674992383,0.0,0.017847995606750124,0.0,0.0,0.015361635373839916,0.04052088067922138,0.0,0.7942379352725596,0.0,0.0,0.0,0.0,0.0,0.0,0.0,0.7116019117685249,0.020101786203068666,0.03717353778001494,0.0,0.0005376544951545255,0.02895014292389977,0.42175534982776874,0.06338013022447568,0.8697643413510959,0.0,0.0,0.0,0.0,0.059599361512722465,0.02965010224066733,0.0,0.0,0.0022751247824637634,4.0
0.0,0.0,0.0,0.03471174714447849,0.0,0.0,0.07858040365004254,0.05558269058340637,0.1417277703214848,0.0,0.0,0.0,0.0,0.0,0.0,0.0,0.005736966172814068,0.0,0.8525017382277384,0.9147646119106122,1.0,0.7971966918661972,0.0026141667271381754,0.0,0.08291671997045369,0.9957892202987126,0.05123645122480713,0.0,0.09048611503780513,0.030995866203820884,0.8591375701815094,0.0,0.05816166469791659,0.0,0.8105197124426767,0.9827065202107816,0.856547727280457,0.855452414146597,0.0142480781319665,0.01859181149384696,0.009840758764821728,0.8932713237194845,0.0,0.0,0.0,0.0,0.9431878205469226,0.0,0.035919751558584956,0.9671957883697816,0.0,0.02109737859169717,0.0,0.0,0.8336910571364826,0.06158456010248892,0.0,0.0011325017216973889,0.695477764090276,0.9374639847290862,0.8235974577440991,1.0,0.0,0.0,8.0
0.0,0.046435817787781254,0.024882684085364364,0.0,0.0,0.02717990163493756,0.0,0.07659196326548473,0.066166020732736,0.03713420182882512,0.040437437603893456,0.022046946646405708,0.0,0.0,0.05892729256781546,0.04396404356345377,0.0,0.0,0.7673533585765375,0.7315622506732764,0.7337541622573466,0.8695223095826785,0.03726126056531142,0.0,0.0,1.0,0.03138593501475189,0.0,0.0,0.0,0.9954563643638965,0.0,0.0,0.8541549071908194,0.0,0.0,0.03960086209036316,0.12984453299931273,0.7949829143600996,0.0,0.02417519382905209,0.8841591192854686,0.007687447410465236,0.14964110056675184,0.0,0.1823678301868079,0.8228893208402172,0.0,0.0,0.826436442599861,0.012811390321801508,0.0156466025138883,0.0794864579276601,0.0,0.7502003236275494,0.0,0.0,0.007136877414105871,0.8885151270135849,0.9357160745619437,0.7804220314948578,0.9021418158082278,0.0,0.006972360277841307,0.0
0.0,0.6478251998916925,0.7840453014899472,0.8838583954803758,1.0,1.0,0.7538443269590291,0.019670185409864052,0.16572654069889742,0.014046527719113007,0.0,0.018976669692215915,0.0,0.0,0.8189659433186445,0.0,0.0,0.06090672427209132,0.0,0.0,0.07966409794879083,0.8550770216737038,0.0,0.024285874093296914,0.0,0.0,0.048411966182013405,0.0,0.9461462016343885,0.04491857817912588,0.0,0.0,0.0,0.0,0.0,0.7750481207017701,0.0,0.0,0.0,0.029211189385261765,0.0,0.0,0.9077143282589333,0.038325475111904726,0.0,0.0,0.04969661021683605,0.0,0.0,0.7280978155072652,0.0,0.0,0.011743266899297817,0.0,0.0,0.03054012659221121,0.012263529558563854,0.03470108693505433,0.05349157439404054,0.07648676275980829,0.008363581805384329,0.0,0.0,0.019935970007615045,7.0
0.0,0.9788718408358774,0.9486036526666016,0.7317994131043735,1.0,0.6252675899376564,0.7612025863374358,0.0,0.0,0.0,0.0,0.00868069714988,0.04228345086523509,0.0,0.9761123556924357,0.06777931752818721,0.0,0.0,0.0,0.0,0.0,0.9485563107330418,0.0,0.00991153350199035,0.0,0.007873428731136745,0.13453937848231828,0.0009165822400060823,0.8035776884513555,0.05912049726728646,0.0805876194250374,0.01849003237259723,0.0,0.0,0.0,0.7783965689235959,0.0009252231647623002,0.0,0.03460882317085366,0.059505318580749235,0.1526917105065743,0.0,0.8846038586964019,0.05373130121812873,0.0,0.03766328003813858,0.017755288633289398,0.0,0.0,0.7326786324442259,0.0,0.0,0.020668511754755085,0.08200313124916306,0.0,0.0,0.06964924430553858,0.23176155633738327,0.11784154870284172,0.006544784012176553,0.041520257599435,0.0,0.025958743570790546,0.0,7.0
0.31400964775797735,0.014275835403877763,0.0,0.0,0.04866370874652574,0.028070832804722435,0.0,0.05006217988330998,0.0392170490674816,0.0,0.8357551390615147,0.8197645053633592,0.8852991643479411,0.9409243199486856,0.0,0.0,0.045625585234059594,0.04131846861469797,0.8898725175542905,0.0,0.01493898036344907,0.015079960331394335,0.018845964551880482,0.0061504131740806565,0.013198712868214094,0.027246226621244374,0.9756904851441245,0.6754070391750228,0.7793567167814518,0.7918461439217451,0.037501943587583984,0.0,0.0,0.0,0.047928737179922104,0.06491107875327226,0.02401341352377369,0.0,0.8023989102503384,0.0,0.14140216310432183,0.04546126144819617,0.0,0.10591751805234256,0.0,0.0385622038898231,0.9081096193992872,0.0,0.0,0.0,0.7350366533616236,0.9244953156480881,1.0,0.906261024427939,0.04031067214784648,0.0,0.27475944018280796,0.03960577942793577,0.10024143258405832,0.03207745835499057,0.0,0.0,0.0,0.030845526881926197,5.0
0.025731480284079084,0.021466615922071802,0.10743649279145791,0.0,0.0,0.0,0.0,0.014713664100708105,0.07139319935372981,0.029822230347082535,0.8028724898384293,0.9416444469170807,0.9332940750480817,0.6643483495947282,0.036295916677684725,0.03874746707323046,0.0,0.2535814274753841,0.725331940202824,0.04463660430589672,0.04673311716022022,0.0008512022942546277,0.0,0.0,0.0718878993857969,0.0,0.7789107739124221,0.9632753891132495,0.8444810879503254,1.0,0.022296383095616608,0.0,0.029730267988213595,0.06730599949699072,0.0,0.034710198143427864,0.05775715800485098,0.11284891888196338,0.842742510223471,0.0,0.00461790294673435,0.06908200133262032,0.0,0.0,0.05814614239093663,0.03445917047259271,0.7337319135572009,0.011535046782721079,0.002345529633183357,0.025105053090748054,0.8658124897096509,0.8043842886711006,0.9607605086994375,0.8715875480342886,0.0,0.05086925977731435,0.006946526685337732,0.037007415949031466,0.057910384900474926,0.0,0.0,0.0,0.0,0.025407315426136914,5.0
0.0,1.0,0.03937985370335783,0.036773386748989625,0.0,0.021782784762733456,0.0,0.04234864337775455,0.07531811517660567,0.8641923871267116,0.0,0.029211817794029787,0.0,0.0026033488082973506,0.053635588209649254,0.16784181972506726,0.0,1.0,0.02761127701389462,0.02470602883443499,0.0,0.0,0.9755849706833533,0.0031516355120626335,0.028576470562843976,0.917846052564681,0.6335900345742774,0.7382067560898818,0.9325905885657094,0.8922584852840078,0.8709004207756653,0.0,0.09558231186002067,0.0,0.019067318132438095,0.0,0.0,0.0620396130898071,1.0,0.03712019544770931,0.11971145211867272,0.0,0.0,0.022084551462513417,0.0,0.03888429139760552,1.0,0.0,0.0,0.0,0.0,0.018892396459215317,0.0,0.0,0.7938314783903359,0.0,0.0,0.0,0.10541986416698819,0.0,0.0,0.0,0.0,0.10186298732214971,4.0
0.0,0.7044377051605732,0.6823598240350176,0.8845386255375545,0.629528190332099,1.0,0.7589998317002387,0.10145953827836103,0.12603003379843958,0.0,0.025656850563624836,0.06440753496995795,0.07945999916591269,0.0527378252021865,0.9753384398886632,0.08322587961396456,0.0,0.0,0.0,0.0028616887261621714,0.01775525798938171,1.0,0.0,0.09287849486494906,0.0,0.049630470379594074,0.022752418536138443,0.0,0.8950606389111027,0.0,0.04595151003906525,0.024892038942889796,0.02531761841598539,0.0,0.0052131946988584355,0.862074034712809,0.33642777186418055,0.13441687915409273,0.023431003341528936,0.0,0.002960771381151343,0.0,0.6946932551909715,0.0,0.0,0.0,0.05608715436113322,0.0,0.0,0.9675680521845564,0.11365917060967441,0.0,0.013092281321555797,0.0191357714731156,0.012225257394486717,0.02275078486395113,0.04693122250296519,0.0,0.0,0.07598321909058844,0.11904185323290556,0.09027395374876693,0.028947363542183142,0.10427977115785475,7.0
0.0,0.0,0.011418341954145468,0.019181222300845208,0.0809716016026215,0.0,0.0,0.19100962379123812,0.08817456771175163,0.0,0.0323133176098389,0.0,0.0,0.0,0.030455828245133373,0.0,0.0,0.017033290397847314,0.844946337208417,0.8325920666511943,0.8383378983033425,0.8177503204753529,0.15647275441417194,0.022668864570011448,0.0,0.850872467616543,0.0,0.0,0.008879938765283686,0.026547441108209835,0.7163410309745871,0.024347317646102602,0.0,0.0,0.8515420471941391,0.879412213334973,0.9044894876855518,0.7197833914610465,0.9612701715710594,0.03907888224608048,0.011684951752909265,0.0,0.018775024726580658,0.0,0.04487179244162412,0.0,0.9690055487832923,0.0,0.0,0.08443456712480363,0.01595458445834824,0.0,0.0,0.02182728342461765,0.7617189263457272,0.0,0.0,0.0,0.0,0.0,0.0,0.022653743152700734,0.0,0.0,9.0
0.025369168484566957,0.8889740055970952,0.7100737651152986,0.8450189920764628,0.8612907057095085,0.8304045717292851,0.8408086868789573,0.04980867124904039,0.0,0.005881157517054975,0.0,0.006115723123675382,0.0,0.0837297915754175,0.7797912041068313,0.07942161055440833,0.052290216820232965,0.027593388851791786,0.09568071656117041,0.036226870972014026,0.0,0.9499073549894305,0.0,0.050317745049413526,0.006275459261795637,0.0,0.02738170206303807,0.029945636740000194,0.8239235648456347,0.0,0.0287890698319747,0.0,0.06719570620120822,0.0,0.09096388018379667,0.7315420559830127,0.0,0.0054193445753678605,0.04273008486868492,0.0,0.0,0.0,0.9101409582536903,0.0,0.07061560767366347,0.0,0.027733773759688652,0.04721342358051349,0.0,0.9336590758073767,0.0,0.08763874847844849,0.18721363084235915,0.0,0.0,0.0,0.006285493090062199,0.0,0.0,0.01978648224591567,0.0,0.0,0.0,0.03421839893025685,7.0
0.030347153879663982,0.028177520644471515,0.019377523895829585,0.05253937141397125,0.0,0.0,0.0035994016973546553,0.0011071975594708675,0.0,0.003638982722050009,0.0,0.30805456249353147,0.0,0.0,0.0,0.03560363333374838,0.023983060528636618,0.0,0.9081029609307675,1.0,0.8616697235070482,0.9422554446682243,0.057561265566898445,0.0057632525669101785,0.021077489701119657,0.8285791650525721,0.0374728742172482,0.0,0.021530415051848835,0.0,0.7867223827585157,0.0,0.0931122543629106,0.24906688576367442,0.8138643560223866,1.0,0.6972792455917508,0.854101489821333,0.7202016169701921,0.0,0.24616970121717763,0.05933052497817918,0.11466415329457058,0.030250552786507554,0.0,0.0,0.7329218809579392,0.0,0.06273783801769223,0.0,0.015974188567871677,0.01755873248554479,0.0,0.0,0.8864938407585307,0.0,0.02190156275414286,0.01062816606435521,0.013200397185360136,0.006164294058368792,0.0,0.0,0.0,0.0,9.0
0.04641488565284262,0.0,0.0,0.0,0.0,0.09210966806097967,0.0076690319200989916,0.010063842512622025,0.2684058792234822,0.05585779512483159,1.0,0.6647547759928094,0.8877147298346827,0.9336763613553789,0.0,0.025139685360362363,0.0,0.1288927508559708,0.0,0.11321846945319768,0.0,0.0,0.7668496982832237,0.0,0.011883102959989305,0.04188911118149057,0.0,0.07263805106087154,0.0,0.77519432249116,0.0,0.041196747342596936,0.0,0.0,0.02204340430810367,0.0340115316238638,0.8860407868365539,0.0,0.0,0.012603221446748625,0.0,0.09306067242604467,0.0,0.8886631896043236,0.03947356399784275,0.0,0.024943700976325138,0.04809871888029129,0.0,0.0,1.0,0.7346394306047821,0.6965173364660459,0.9467225100898894,0.81549995119921,0.0,0.07140746988399121,0.00856787342661623,0.07145352008977542,0.0026538237346426493,0.00679582726840999,0.07662163984094987,0.003485294238988036,0.03165409371708253,2.0
0.04108105008671598,0.0,0.06662380321552433,0.0,0.0,0.05616130099316363,0.0,0.0,0.012987365674423604,0.07546509942872921,0.07147446119083607,0.0,0.0,0.03756637587321832,0.03490828908862436,0.21519226328916308,0.0,0.0797408290631273,0.8535473755175651,0.8214348748478277,0.9890105331237624,0.8615193903843512,0.0,0.007646839639311962,0.0,0.9404604558233884,0.036423204561974946,0.0,0.0,0.0,0.8668698760421896,0.32540234960179865,0.0,0.0,0.8904051995389057,0.7163016105868467,0.9055821032037222,0.8397798122437127,0.9157616423785466,0.011378547397681096,0.0,0.0,0.0,0.0,0.11961960750876949,0.0736831313910595,0.7836814216315963,0.0,0.0,8.641112356102663e-05,0.0,0.11157636837728671,0.0,0.0,0.8169816119697232,0.0,0.0,0.0,0.027008636193729164,0.0,0.048077675306163414,0.0,0.18955947819161148,0.09108850617718625,9.0
0.0,0.0,0.0655987358656465,0.0,0.04645292682445975,0.006776389866520171,0.019830087990781994,0.015393615439220139,0.07623144670173446,0.05662340167488505,0.8686455438899905,0.8042464634968594,1.0,0.8024572564924632,0.0267483303264275,0.0,0.07409369903489225,0.0371287822876048,0.8837487381611232,0.004984029678670054,0.06293293290820154,0.0,0.0,0.02951855368052534,0.013137421987006815,0.04363768388355588,0.8589253635450501,0.734956741113634,0.8980740161104618,0.65691453578885,7.252283738930947e-05,0.005520929289530514,0.0,0.05060276915485371,0.0,0.0,0.0,0.0,0.9319141804892939,0.0,0.008840965828148317,0.0,0.0,0.10539256542636982,0.04383816365337756,0.0,0.881047704656388,0.20395422272478925,0.0,0.0,0.8447413849940736,0.818390303617526,0.738363823254851,0.9408517840247069,0.0,0.001892456902234791,0.014776241269413008,0.05113258649932291,0.05535135781327702,0.11117579580152373,0.0,0.04412171974457262,0.06771027260483174,0.0,5.0
0.07926611122454799,0.8756318807904836,0.8711250825670933,0.661308294388468,0.8262848971089704,0.6954224021848251,0.8829403501906341,0.0,0.061958661930334696,0.0,0.061734608256582515,0.0,0.1314887358817318,0.09069828368532855,0.7569531675389564,0.06505056035796412,0.1410427864468001,0.0,0.008144680559891366,0.058116387332455346,0.0,0.9411776705023365,0.04732313361188518,0.07222208494036979,0.0,0.0,0.0,0.0,0.7423671244663015,0.0,0.19311980605818735,0.0,0.0,0.0,0.0,0.8100873250398817,0.0249998601257798,0.04870506501594287,0.06511549010242494,0.0042113750449282806,0.06470748086074635,0.06140563048268127,0.854703512192885,0.0517489344798512,0.0,0.0,0.0,0.0,0.0,0.71942095376539,0.011610617817324958,0.0,0.0,0.0,0.0,0.01056119007221493,0.018038933961106857,0.0,0.0,0.03204592347787793,0.0,0.042382104438368484,0.0,0.0061075939445709845,7.0
0.004790337579823369,0.0,0.0451182060063378,0.0,0.0006007297800364694,0.2512157409222,0.0,0.08202548496736278,0.11771087589606662,0.004400852103353096,0.0028133691779081375,0.0,0.053866719906669816,0.0,0.0,0.0,9.880854940367976e-05,0.0,0.9053364147676319,0.9341738801759956,0.9546626450672735,0.9040290391080905,0.009289261837311944,0.031349386527915676,0.0,1.0,0.010944907783808197,0.0,0.020692847482387804,0.0,0.7193090331598698,0.0,0.06499004319589528,0.012382900551975868,0.9702100911218525,0.6372443432742186,0.8935717984824189,0.745359319228547,1.0,0.0,0.03127134591785479,0.032459307294985806,0.0,0.0,0.018655633102080585,0.0,0.6844388729713385,0.051685727811379006,0.049937633889199924,0.0,0.013065659302655042,0.0,0.004690396121365193,0.0,0.8490272422786838,0.036474090651971554,0.0,0.0,0.1338464848862246,0.0,0.0,0.0,0.06459082416538499,0.11031614315875958,9.0
0.03478341351918967,0.0,0.010847987455429916,0.0,0.0,0.025402380064691556,0.02632393559792532,0.04552487245378861,0.014455634944931706,0.0,0.9018247585583937,0.8677371800272318,0.8539556223384109,0.8856420515645514,0.0,0.0,0.004442477488815689,0.0,0.0,0.0,0.0,0.025146631160741503,0.9836120241508093,0.017886172374306265,0.011735761050740832,0.0,0.0,0.0,0.0,0.7791291186499361,0.061133795648715454,0.0545187085920867,0.0,0.0,0.0741068702381467,0.060155483898586354,1.0,0.02995477339217838,0.07225860929059355,0.0,0.0,0.0,0.0,1.0,0.038356744707223236,0.04619870971354356,0.0,0.03709186843899644,0.04486572546020541,0.028090692612121222,0.7679877924513432,0.9401196010294394,0.8770662429304567,0.9863991549530842,0.8925768732150088,0.0,0.0,0.0,0.020202239655511257,0.0,0.0,0.01163757425477917,0.0,0.0,2.0
0.0,0.0,0.02579370901338068,0.03535886235450311,0.021044944081116984,0.020981325388635078,0.0949101093991998,0.0,0.04033242792949415,0.0,0.9139455811175593,0.8165602037262556,0.8382263978597198,0.8447953780241544,0.0035137470143064573,0.008000798073023325,0.04928073603984228,0.0,0.07050639604113278,0.044523047170095635,0.003224643077859572,0.10409315674320595,0.6722976013835555,0.012643042446266997,0.0,0.027368529223528993,0.0,0.00011924592450358839,0.6814720717433003,0.7768157889058144,0.6412101710472213,0.0,0.0,0.021202565393886222,0.0,0.0,0.0,0.1975805465112144,0.7143927201329399,0.04124757162703389,0.0,0.0,0.0,0.002959649738911739,0.0,0.011405552468493604,0.9737723393382549,0.0,0.32607128396183455,0.0,0.8224882752952707,0.8299870223204828,0.7329246945079206,0.8154815618841978,0.0,0.03748676243175467,0.0039797604599368566,0.042112725871498974,0.0,0.0,0.0,0.16194352468919804,0.048116856423774064,0.017485272046817005,3.0
0.08608906635255634,0.0,0.0,0.0,0.0727782590689387,0.019625709815184973,0.0,0.0,0.0,0.026234221526082638,0.849362005992487,0.8053678786567149,0.7582115367165735,0.8830240209469762,0.03797430365522059,0.0018626635661192648,0.2904407064106331,0.0,0.08555627072573813,0.027593128040793658,0.0,0.0,0.8505066727229598,0.03350679040680541,0.0,0.0,0.0,0.046057556435331395,0.0,0.8693914344188748,0.03016814304583994,0.0668774432030797,0.01585137558431059,0.0,0.0,0.009761775988919884,0.982449799425468,0.08158977104631492,0.07597204082857234,0.0,0.0,0.04586255883010901,0.05438634720384278,0.7340616576761363,0.06389067744823673,0.05106066064984949,0.06516266837601596,0.0,0.05674701651230114,0.0,0.736508273444486,0.83792001919618,0.7674970350839168,0.7216746929533574,0.7162189920155995,0.0,0.0,0.0,0.020666946238441244,0.10814369413244843,0.0,0.02265462799336504,0.01097565654927128,0.14595287561072445,2.0
0.0,0.04285615579078972,0.03663274701537611,0.0,0.06278379739749941,0.08531285382700472,0.08833225164382096,0.022463438724171253,0.0,0.0,0.8398962513271178,0.7622074453008512,1.0,0.744656240629626,0.0505220022360387,0.05360763923151346,0.0,0.19752528863722849,0.9094293113833734,0.007137659536284194,0.04938321253432378,0.027291235630271374,0.0,0.0,0.04485305602998325,0.010202285549391244,0.7516893838021977,0.9628873353572815,0.9101445249791456,0.8704927529514251,0.0,0.012302849517833664,0.00805175344108786,0.0,0.005909340081437581,0.0,0.04458804329731503,0.003154715852115637,0.8823658143113723,0.0,0.0,0.0037141005078568413,0.13533412143785242,0.08115208812419958,0.0012660674069659146,0.0,0.9911564262427567,0.023754337594169297,0.0,0.0,0.7327843434981207,0.8483912954328364,0.7084806988242691,0.934781685527869,0.049870751673108664,0.0,0.23312194020808108,0.050916983462826276,0.016357151676910098,0.06511488874697154,0.25508970953525134,0.07149124640652786,0.0,0.03269653773969763,5.0
0.0,0.7566135313506246,0.040701205917318885,0.0370362145607225,0.04025392999265349,0.061894010032674224,0.038278696956818944,0.0,0.0,0.8787069652348681,0.0,0.026467376518744798,0.00817228101053073,0.0,0.02454768426609278,0.03276622216907965,0.0,0.6973275574686296,0.02813361270350221,0.0,0.0,0.0,0.7077438886400643,0.0,0.05912380807096346,0.7504331644072637,0.8430384716623459,0.8084499991269831,0.766351262974895,0.8105968636459804,0.7304567710274336,0.0,0.016994834422694952,0.0587713910282651,0.02830010632913072,0.0,0.04438815573485745,0.0,0.9755456204108411,0.0,0.0,0.0,0.0,0.046113091531854784,0.0,0.0,1.0,0.04452601894041951,0.03755315695145402,0.0,0.0,0.0,0.06064955123736626,0.0,0.7659484784776344,0.0,0.034925052254881774,0.0,0.0069444032582817936,0.0,0.07501399933364898,0.0,0.05764091605836459,0.0,4.0
0.07169920744963272,0.01482816307947537,0.0,0.12365019033685132,0.0,0.01046885437550957,0.0,0.0,0.0,0.0,0.007213146434985079,0.0,0.0,0.0029429631067083603,0.06902982986940524,0.008835389141775457,0.0,0.0039104516707492145,0.9723211653692025,0.8068036811867711,0.8757690420167866,0.9120424190000366,0.2119657673781961,0.014089241736394482,0.0,1.0,0.04135180566880678,0.05670600914323623,0.0,0.0,0.0,0.0,0.01012409830577693,0.7877225232308582,0.7510342363217725,0.9181438510096284,0.8328251071627851,0.8727830694591401,0.0,0.00013282438581957862,0.0356305196144284,0.7993011119343599,0.07138540195491494,0.0,0.06077124992050299,0.12410680218224873,0.9859889951775873,0.0,0.041185961365726304,0.9548080382540205,0.0,0.0,0.0,0.0,0.7963962518640666,0.0,0.0,0.0,0.9388205606419878,0.7647784509537131,0.7876705770583571,0.7978211764778368,0.02894712999852401,0.056449431231737804,6.0
0.0,0.042193430870022204,0.0,0.0,0.06662906046027747,0.053653553747591745,0.03674905555807286,0.0,0.0,0.04676204640353959,0.0,0.0,0.04255929232649146,0.000540367333097898,0.0,0.0,0.0,0.009041186153144481,0.855188643719607,0.8746294896539124,0.668878838029798,0.7396277078100499,0.05149575856523069,0.025258342702297477,0.0,0.659116107328199,0.0004046427920813609,0.047098422442615806,0.0,0.0,1.0,0.0,0.0,0.02387683278638774,0.9189281810177777,0.7554833372797863,0.7643306599651385,0.773989217710228,0.7765633864659707,0.0,0.0,0.15971600346469178,0.0,0.0,0.0,0.04800715141739354,0.749668993990205,0.039309643163801075,0.04069213649179492,0.007074233321088461,0.03557892575167624,0.0,0.05943521349459431,0.007195685443727486,0.7340420044886943,0.0,0.0,0.0,0.04808532677738535,0.0,0.0,0.0,0.0665331802703229,0.0,9.0
0.0,0.0,0.14967185735452415,0.017309427956957297,0.0,0.024241016710052174,0.0470774663832878,0.0,0.0,0.014636988599334941,0.03668812869753526,0.12260441765311753,0.0,0.0,0.0,0.030050474182300908,0.04043246438146911,0.0,0.8811406507322469,0.8685178679715178,0.7889704594985626,0.7465866769074669,0.0,0.025590471823266403,0.0,0.7453349225320404,0.048668221771916015,0.0,0.0,0.028796081768282994,0.730831644884631,0.0,0.027777375760900582,0.7504275303627009,0.08307795217334629,0.0,0.09787580574112853,3.3614032887700024e-05,0.9126798112797514,0.0,0.0,0.761612574356362,0.10717361430233033,0.08403940357056604,0.015511374840504114,0.027554438588760312,0.7496134607333346,0.0,0.0428744126237316,0.903821315308864,0.13346998720752773,0.043575621838560036,0.06118148732097306,0.007132938253344508,0.7119588928184492,0.0,0.08709920842837385,0.0,0.9430135728683166,1.0,0.8744684809337562,0.9871174319521435,0.03973917123498158,0.0,0.0
0.0,0.017264615427203377,0.04796829248147227,0.0,0.0,0.19746730738385831,0.0,0.02075650994664013,0.008989972525806893,0.10856330054748814,0.06507658649662101,0.03523801542216706,0.00821198534159426,0.0,0.06117594946496621,0.004253942828670334,0.022416816200660224,0.016096459496339113,0.8730540349571213,0.7065737306358046,0.9321804410084098,0.7540588447676387,0.0,0.0,0.046049225386925574,0.8500160734911252,0.0,0.0,0.03266541145489185,0.04108712266993728,0.06524964502457828,0.0,0.07585217057117376,0.7742503625731727,0.6132163515457789,0.9023052973989868,0.73074967610033,0.9171687310301401,0.0,0.027089331301626163,0.02535687817534972,0.7249643658145483,0.03304189306864905,0.12416660437949317,0.0,0.0,0.6541203281728001,0.011038107638635527,0.0,0.8346160193733626,0.0,0.03817704783070142,0.0,0.026843962657880655,1.0,0.08700651191446512,0.0,0.05417100201532063,0.8070689259884476,0.8891492353182946,0.8784473215242922,0.9583262610801232,0.0,0.14626920834875856,6.0
0.0,0.03177208186062553,0.0,0.0,0.0,0.0,0.013963052657688074,0.0,4.018561740729538e-05,0.04371770983955999,0.0745372299520809,0.0345342022958481,0.004056547610700813,0.04931440987147782,0.02762646543538774,0.0,0.04425841348921229,0.06515481198688655,1.0,0.8197978267822283,0.8707441037794601,0.808204154979642,0.04844453145492106,0.0,0.02832304670833895,0.7931318687238422,0.0,0.0,0.00962851475119351,0.25121875597414944,0.825140743739881,0.006103363747768223,0.03847924678160067,0.02823563358202888,0.7928853826397093,0.9068172116923211,0.8851036212543505,0.8802578381773617,0.0,0.0,0.0,0.8418332522626398,0.04700418722593785,0.008470917587886699,0.0,0.0,0.9393670993193145,0.01640281909919258,0.015283567600314567,0.8775175815606667,0.023783811907767242,0.06601017442199501,0.0,0.0,0.7584409688489345,0.11253944308560858,0.0,0.0,0.7734849722760947,0.8786003979090712,1.0,1.0,0.0,0.11728254693340996,8.0
0.17039555220755487,0.017457507057354094,0.0,0.0,0.02032256014741554,0.018580216634623562,0.0821286861904395,0.0,0.12007057045025804,0.018327132644837468,0.7806884466186184,0.7632970177105163,0.7815308437541679,1.0,0.05212233975990717,0.0,0.0010468974937078992,0.06414290129735244,0.8766140527855975,0.0,0.003161090657760282,0.005547097532129108,0.0,0.0,0.0,0.0,0.8568615181303723,0.9848564111532223,0.6504691199648023,0.8598853140436346,0.0,0.06796824691288608,0.04955575887316701,0.0,0.0019292557917545774,0.06713818284253974,0.06162470847062989,0.0,0.8063260567805139,0.3410677267615262,0.0,0.07621986773070273,0.12584048671151019,0.03194086813984031,0.0,0.012369722135083926,0.9262022454296562,0.0066085628039670875,0.0,0.0,0.7690909054578845,0.8262116227216975,0.933223971774506,0.9425528792858826,0.0,0.018002675679908955,0.014566407810136293,0.0,0.025895739074433252,0.0,0.03831027227472016,0.0,0.009957958371060059,0.012640548520127894,5.0
0.02320003819503301,0.32694359074363555,0.020455087418626977,0.14266427285950764,0.03067642296559934,0.0,0.0,0.0,0.010738276581459616,0.06884288869109878,0.13500184820973524,0.013808717156905282,0.0,0.0,0.0,0.019637259092595907,0.00926333199787583,0.06865488127805805,0.8056274600338688,0.9342320486980078,0.6935773799769404,0.9460405847782066,0.0,0.0,0.0,1.0,0.017606277926231054,0.07446500414466709,0.04665187385391373,0.0,0.0,0.0,0.01628104577275893,0.8556894647689607,0.7598300928327736,0.9857785288638944,0.776533420719789,0.7582654481267465,0.08842959327802995,0.004472909935736972,0.0,1.0,0.0026181939713411846,0.011548747604444127,0.00355264467749766,0.0,0.9502483262838177,0.04597121997753771,0.0727836268947204,0.9439163532239929,0.04973667118982676,0.0,0.0,0.1440040721588905,1.0,0.05367899399442047,0.041468887403809065,0.0,0.7893463175080527,0.8958512346085185,0.6890767054976857,0.8433647342741449,0.07196923178803033,0.0,6.0
0.0,0.039120597902487654,0.0,0.0,0.004422255055308871,0.0,0.050187689250439885,0.0,0.05327331665227686,0.0,0.07782002455888332,0.0,0.0,0.021474172102543453,0.0,0.0,0.06783663315489241,0.0,0.863074889451592,0.9263095845253172,0.8284467607132864,0.7864749713384042,0.01856700697122399,0.0,0.05190468736300194,0.7951791649954056,0.0,0.0,0.0,0.0,0.7997283281453775,0.0,0.0,0.7698201698473192,0.0,0.0,0.04649535971568658,0.02182660759316751,0.8941598778790621,0.0,0.0,0.8524745581487161,0.02941425636434078,0.0,0.048686789004901504,0.08844270689316852,0.8728723380721982,0.009919401528944022,0.16558625763220453,0.7531778591988098,0.0,0.054576191877206186,0.0,0.006500250719066326,0.6364991598750968,0.0,0.0096234600370372,0.0,0.8408345777124209,0.891081015063663,0.9885223253187855,0.9492950581079448,0.06442481326777097,0.07041933924778664,0.0
0.03316544344701523,0.0,0.001197385180379126,0.0,0.0,0.0,0.0,0.0,0.0,0.02355255036889803,0.1775820650307314,0.0,0.01642135639245881,0.05081054563191684,0.0,0.0,0.0,0.06123318801981984,0.8624934791364699,0.7453037000499797,0.8254831949982565,1.0,0.0,0.01567962155227478,0.0,1.0,0.0,0.05986748267916688,0.0,0.010835105261426815,0.8936405353712215,0.0,0.00879013418856278,0.020634760468142967,0.71275847012028,0.7863048926902629,0.9569962794417781,0.7076230419860126,0.7957594401250055,0.08631974861473526,0.0,0.0,0.05582802099946052,0.0,0.0,0.028023083527011796,0.6589965155658077,0.0,0.060362555159715864,0.0,0.027079243484764527,0.0,0.0,0.0,0.8297100675002268,0.0,0.0,0.06723047227026467,0.0,0.06722709299254319,0.0,0.0,0.0,0.04768269437471615,9.0
0.003213402890676876,0.9777285596254575,0.6489031035416863,0.8969534288270191,0.7831812452627085,0.8058438443947554,1.0,0.07080796055836001,0.0,0.0,0.0,0.05238453713488429,0.0,0.06780841804587548,0.7991522369785304,0.0,0.023398390558624957,0.05388568753878348,0.010384983022271673,0.012021475692883928,0.0,0.8725519945480097,0.00032152683616436516,0.0,0.0,0.01659008818353922,0.0,0.05572137557916143,0.729330142377878,0.24280150384715637,0.0,0.01268001472383999,0.025616093343407132,0.022706243799238624,0.0,0.78722764914372,0.046005032690962816,0.010054243422180541,0.045577280146859994,0.0,0.0,0.06254175714012224,0.7682476992731447,0.0,0.033415709637398545,0.0,0.011053921770630734,0.04521428976592891,0.06177072798213056,0.8070729537168491,0.0,0.0,0.0,0.0,0.01940098924644422,0.0,0.009271993101835529,0.03594398468242289,0.02236152247943777,0.0,0.0,0.0,0.0,0.0066851185906967175,7.0
0.0,0.7615734393232152,0.09839115748387546,0.007554035159680625,0.00040249378633468494,0.0,0.04977983035527625,0.0,0.046044417029332096,0.6783937332959231,0.0,0.045136604874511634,0.0,0.0,0.14605344163134187,0.13636764785808214,0.04130962217877176,0.968727864864144,0.0,0.09289910012282385,0.005749819131546961,0.08262624343804059,0.8641250831966851,0.01112246142558506,0.0,0.7430756504415316,0.8689848869381163,0.8271600976162621,1.0,0.8955727295351064,0.9856724370696514,0.015275433063561973,0.02774629022391218,0.0,0.0842472290489195,0.07959217667232717,0.05584642453560419,0.04126580536954186,0.7574396587820437,0.03866891023654805,0.027756730288952532,0.04512087506785714,0.0,0.0,0.14172358389773396,0.013051026747222569,0.9723657234364967,0.0,0.0,0.0,0.05571631150487488,0.02154940148035647,0.057109690684152704,0.0,0.7003503787249248,0.030811287887186924,0.0,0.0,0.0,0.05704288650980513,0.07261809059469831,0.0,0.0972461381523681,0.11789876851160747,4.0
0.0,0.0,0.0,0.05873426976639384,0.0,0.0030014051752616485,0.03601612883438717,0.0026472511649133575,0.0,0.04496095482583026,0.8597341544965421,1.0,0.7136680122688581,0.7782749651858945,0.0595945403505765,0.08513589250498332,0.023328159124736264,0.014763952530190522,0.9580804169436619,0.09387199067556715,0.0,0.0,0.0,0.0,0.07963722200779672,0.0,0.7482881380099387,0.9337819255725579,0.9718924838485312,0.8259891725620958,0.0,0.0,0.0,0.0,0.0,0.06258543327711721,0.0919880809977788,0.0007394788656466453,0.8464790275655453,0.0,0.0,0.030125287728040462,0.05200296682458815,0.0,0.0,0.1331427444893461,1.0,0.0,0.14398574471202735,0.0,0.764445085332622,0.9464808148556606,0.8885154076011481,1.0,0.0,0.09888019817431026,0.0,0.05181864992673216,0.0,0.0,0.002648808217727403,0.0,0.0,0.0076918659604908336,5.0
0.06954009280456369,0.7169650027929532,0.8436527756260799,0.7785627056337487,0.6491812482170901,0.8051944607658827,0.7332343737303424,0.02091836941741051,0.0,0.02972673962490935,0.0,0.0665416199554801,0.045721000475509366,0.06237666601832244,0.7441482130756909,0.004601696633361882,0.0,0.07746234926509656,0.0,0.0,0.0,0.8670531533571768,0.0,0.04720428716404035,0.0,0.0,0.0,0.0,0.6574002485929127,0.0044263794762175925,0.0,0.020318048929817412,0.011303488261783269,0.028397134705928157,0.0,0.9377572309125447,0.0,0.07600518768479798,0.0,0.0,0.023414257920894993,0.0,0.7999228691373046,0.0,0.0,0.0,0.0,0.0,0.2866101404891334,0.7686441499648329,0.0,0.00506275976731737,0.021820924413702984,0.0,0.0244023691416297,0.0,0.0,0.03792958237624889,0.08963398055754383,0.0,0.06063687023646772,0.19940506730597618,0.0,0.0,7.0
0.0,0.3017111327223606,0.01382768860820301,0.0,0.0,0.0,0.0,0.018712797131761588,0.08021663997806648,0.018704055723961673,0.03498464269226797,0.04581911903016502,0.0,0.05953441317790901,0.0,0.0,0.0,0.0,0.6420397462928362,0.950435083308361,0.9780997489028029,0.7846557680375327,0.05172073609600617,0.0,0.0,0.9812626423712658,0.0,0.014766864459337937,0.01474456291121571,0.09357704151575005,0.9219588580127858,0.0,0.09855151723232258,0.8763148120576205,0.0,0.0,0.0,0.0,0.7808986750349273,0.02579245927036169,0.05024115644638491,0.7803370817045769,0.0,0.01622341779427297,0.0,0.0,0.8449357271930045,0.0,0.0,1.0,0.014436419068577958,0.009415146077795707,0.04631966962291772,0.020145886681203436,0.9061568628081612,0.0,0.0011450231254305505,0.04536144782683201,0.7556041932722845,0.8200612030690222,0.7584341284443359,0.9429349411956839,0.15644300550317827,0.03936189323380258,0.0
0.007333816950156545,0.8419917355349587,0.0,0.10494915029406025,0.1378839568837425,0.0,0.0,0.0,0.0,0.923574397179133,0.09740064432767845,0.011115789805259213,0.2979941329706687,0.0,0.025275879997623565,0.020502150641552853,0.0,1.0,0.027472448458269672,0.05731618830720216,0.0,0.0,0.8094593986422263,0.0,0.025546672577859954,0.9770447454326747,0.8989866430691049,0.8631821950282419,0.8355940587475782,0.7230931927781862,0.7560829417041439,0.0,0.01451787587148539,0.0,0.0,0.04001531672706374,0.0,0.013261133334473138,0.9988225349850834,0.0,0.016252568899543525,0.0,0.06873103489862586,0.039819629223544074,0.0,0.0,1.0,0.0,0.0,0.020839831844683965,0.0410945546006892,0.004102366527543147,0.0,0.022706733671631132,0.8439596678009512,0.026413177404250417,0.0,0.041115541418453784,0.0,0.0,0.019205124541448973,0.010440073112951961,0.0,0.0,4.0
0.0,0.8306550014398831,0.0,0.10718794760317132,0.0,0.048569131323948626,0.07868782392864093,0.0,0.0,0.9250209784287604,0.0,0.0,0.013890207415536586,0.07355301983795275,0.04560259214399646,0.0,0.0011978901751218296,0.928986721155835,0.0,0.11562165905423656,0.03410880128775006,0.003836984962750042,1.0,0.08016863510638285,0.0,0.7414738382138221,0.867984030389907,1.0,1.0,0.9632279653738993,1.0,0.01612924025477111,0.0426336019420513,0.02574777771862244,0.0,0.044549843116650466,0.0,0.04707633191145293,0.9023633332031558,0.0,0.057733411085923496,0.07285891730655637,0.0,0.0,0.0,0.09443753128206366,0.85320561600346,0.0,0.0,0.0,0.02763764439419876,0.06386004529262111,0.0,0.06218195318218287,0.6944893545778541,0.0,0.01223647718603514,0.013595440128403403,0.04537583626087113,0.006525177451455502,0.0,0.0974914940260397,4.040759975158606e-05,0.0,4.0
0.029800469641912,0.3560652276177137,0.033553130140516585,0.0,0.0012081911859228647,0.006705804019753284,0.07712521702799192,0.0,0.0,0.0,0.7351671362917371,0.611952596096442,0.8005754289892785,0.903596390143557,0.08322288654795293,0.03494392909265718,0.0,0.0,0.0,0.0,0.0,0.0,0.9444062663944836,0.020633180534182935,0.04420407454339885,0.0,0.0,0.0,0.9321458551973875,1.0,0.9509826867276593,0.0021114114461163735,0.019815064734281785,0.08629683567635348,0.049301743503399505,0.027107364102541356,0.06680975328217109,0.0,0.9880154081833776,0.0,0.0,0.015109813816892085,0.04728083011601546,0.0,0.04552994626133022,0.0,0.9441894765067647,0.0,0.08720269873010532,0.028369364174058494,0.9724111790196147,1.0,0.9315830003309346,0.7536578100766497,0.009469090588354122,0.0,0.0,0.028326175258988225,0.007580937905542472,0.0,0.06101084593900385,0.0,0.0,0.0,3.0
0.04834028029963488,0.029426916141910522,0.053574730024207845,0.0,0.03077821504646492,0.0,0.0,0.0,0.0,0.05887962446968789,0.9093725791682076,0.8149016316725979,0.9191257211760364,0.9007742538604273,0.045223558850518264,0.0,0.059632347206435704,0.0,0.22644019699263973,0.0,0.13018061982167373,0.0,0.748740427732015,0.0,0.0,0.0,0.027266749797059776,0.08222874518161578,1.0,0.9638095073560691,0.6504724411973648,0.09844665603438216,0.08216537076794964,0.10033871193008928,0.0,0.0,0.11136985654310436,0.034574920340857025,1.0,0.0,0.021966157096544706,0.0,0.061860206286262424,0.0,0.0,0.0,0.917069595640951,0.0,0.0,0.08213039032317543,0.8704375570325361,0.9112428092559137,0.8867949713252029,0.9036601944548804,0.07662168427540006,0.07767597230784251,0.0288421919389197,0.05974671864612932,0.06657705066714202,0.023723935942040673,0.050288926112506495,0.0,0.03918460991436925,0.0,3.0
0.010285389994513509,0.09611416438070979,0.014424649805680236,0.02264786777959974,0.0,0.03146953623935432,0.06512773185225748,0.003292235624250046,0.027036628751652848,0.030037407732833837,0.006818889543295209,0.0,0.0,0.056386490554558834,0.04980087672909438,0.0,0.06179028802638159,0.0,0.9062623415981083,0.6800321309188396,1.0,0.6977209584734372,0.0,0.052234987891299406,0.03570465005161436,0.9150509386779885,0.008030240147907406,0.0,0.0011454043370708693,0.0,0.7576130194188836,0.0,0.0,0.0,0.752786198598564,0.8764461361124269,1.0,1.0,0.945054671286879,0.0,0.005383273396230218,0.042520139234110715,0.032641136654198113,0.10927638339787465,0.0,0.003804554783024121,0.7373015879264823,0.0,0.07462560514716553,0.009121624370455257,0.0,0.0,0.045586393848476896,0.0,0.9012463825007908,0.0,0.0,0.04070919364394112,0.13195116426296072,0.0,0.1274572817656862,0.0,0.00892168671775449,0.056928973866060134,9.0
0.0,0.7736392634297455,0.9039616408786183,1.0,0.6806067609822328,0.8277233758547172,0.8472059730164662,0.0,0.0005647277995602271,0.0,0.02841951123063981,0.012901618397587147,0.003099221050556742,0.0,0.8701556595328702,0.0,0.00920266829340227,0.0,0.026887157816446378,0.01218497865560218,0.0,0.7587070585843919,0.011367386949111505,0.010160513982609481,0.04815937209504823,0.0,0.0,0.0,0.8634073139692008,0.05276098617826767,0.09972919645030004,0.0,0.3054680231439126,0.0,0.05919823414127995,0.986832521949615,0.0,0.0,0.0,0.04528387314378448,0.0,0.0,0.8897443759266565,0.06877427967075371,0.0,0.0,0.024840698088263502,0.0,0.10610311296053801,0.7945555644326279,0.03148859217248254,0.020093666422239247,0.0,0.0,0.0,0.0,0.04478229599394423,0.0,0.00045353522955500996,0.016266219756120148,0.0,0.0,0.0,0.008884445547993544,7.0
0.06303927311273852,0.0,0.002351873959625764,0.0,0.04384790378537854,0.031478913056229206,0.0010262737992985903,0.025371497844926295,0.0,0.012209207191035569,0.01902493647918898,0.0,0.07801469168142189,0.11831775102442188,0.0,0.015104816905432167,0.016853337754861787,0.065129814728244,0.9655510991398868,0.850247980307372,0.7623245538334567,0.8720810772576968,0.0,0.02247491988897876,0.06783138743002833,0.9791704185356391,0.0,0.0,0.0,0.004661969951646789,0.8326801039140286,0.012191116323540016,0.08344777483237822,0.052688007396017644,0.8580387147979712,0.9412499057724945,1.0,0.9403592286159828,0.8594682167211041,0.0,0.035381745174523416,0.03211921327173897,0.0,0.0,0.04724537751598307,0.27339566186913905,0.6802524246417468,0.0,0.08037859484062561,0.0,0.0,0.2613593884219919,0.030997925738644877,0.005586832167795412,0.8439890291097992,0.039244982918462776,0.0,0.042915175990283806,0.002427985894175831,0.06282798353967682,0.0,0.0026423497346633124,0.04609331741993874,0.0,9.0
0.005943589629456891,0.7954667377685631,0.6467522229426454,0.6895359575066142,0.7819946973574303,0.9357856236224761,0.8772733717358936,0.003643061261038995,0.0,0.016745166266227646,0.03399393175776453,0.016950615480214155,0.0025612833805829464,0.0,0.8401645823087239,0.03281197093432409,0.03232705032187784,0.0,0.0,0.04316920640452502,0.02368171644047465,0.9034525246026548,0.01493005458658859,0.05309089164241029,0.04667193319611918,0.0023102066954420095,0.0,0.0,0.6319179647882895,0.04208208170851602,0.06480972229248591,0.0,0.0,0.03390143695033919,0.0,0.8791238009999057,0.027348781618766506,0.11050882241797065,0.0,0.2513170449038466,0.0,0.0,0.9160040524665701,0.07199300158461402,0.017986039624063793,0.035810909041730656,0.0,0.0020396294697860276,0.08059728713831574,0.9955250898137,0.0,0.1557802175586696,0.04273215653554728,0.03796834956164279,0.020405635104497485,0.04109640585331922,0.07399797620165531,0.042009261039963185,0.0,0.0,0.0,0.2283892346387814,0.05242872849452973,0.0,7.0
0.0,0.0,0.0,0.06030591517353141,0.0,0.007254580244928544,0.03865981195074069,0.0,0.03256505552958527,0.02383791489451388,0.032737750571626166,0.0,0.011155991105013419,0.000731393278865386,0.0,0.0,0.03742147458761496,0.047862683666770114,1.0,0.9894630254309041,0.8434200840163405,0.751560580306443,0.03279924662021357,0.10763608224853821,0.015274400728725511,0.9041934491422885,0.025161313854894864,0.2583258415945339,0.0,0.0,1.0,0.010924389282973191,0.0,0.8271493157953281,0.0,0.0,0.0,0.03784532352522655,0.8497710602279065,0.017982906801121835,0.0,0.8771290361919742,0.028808080938662675,0.0,0.0,0.0,0.7878942093266341,0.008162871731986212,0.0,0.9929649929274172,0.043942042648566604,0.0,0.012818723750300923,0.0036412356634832072,0.7292955820051,0.03354633038948798,0.014326649001518883,0.0,0.906416386936729,0.7171575194531792,0.6686053042755992,0.7477767363546463,0.0,0.049207169458799244,0.0
0.0,0.003282297317246017,0.04527273049851943,0.0,0.05570184495534232,0.0,0.0,0.0,0.0030568520397663275,0.0,0.7736698056817747,0.9223568899954553,0.9421504673059276,0.6852058818054348,0.02903272600010462,0.02278081525143065,0.09947185087293428,0.0,0.0040047821571659445,0.0606968849541831,0.0,0.0,0.9990078098166232,0.0,0.011318586757090566,0.007871121087733642,0.0,0.18540264685798316,0.0,0.7255910051369793,0.023006209368710933,0.000993021415194402,0.0,0.0,0.0,0.0,0.8458055072559012,0.0,0.0,0.0,0.0506436451471009,0.0,0.08989903520317154,0.690877570771146,0.0,0.0,0.0,0.0,0.0,0.08881400147395063,0.896707624949353,0.7677367236502727,0.8789154521705539,0.6722462115303274,0.756171323058821,0.0,0.03462809312263057,0.010894701150894814,0.11874964457191689,0.024479770343156942,0.0,0.07392557059041409,0.0660904415101831,0.04374555217083917,2.0
0.23390613509086874,0.6897358437240786,0.023962028622481923,0.03688589205130304,0.0,0.014100518852147881,0.0,0.0,0.00277352823888999,0.7485407064169626,0.01297270091598739,0.04855254210444827,0.025195121220444705,0.003956882166364413,0.0817625950938023,0.029650976800630002,0.06289527602689952,1.0,0.0,0.04138553353470459,0.0,0.03835781755490701,0.9099075935160742,0.0,0.008470552476738967,0.7007552326204375,0.8175357649604162,0.8418229043269286,0.669490503218758,1.0,0.8407180695354092,0.03346559273610085,0.0,0.0,0.08507128076567544,0.20683743853880107,0.055971556542017166,0.013146024214397978,0.6206953739891459,0.0,0.0,0.04777012711350989,0.05220393427802707,0.012183370744531727,0.03205687965301512,0.021742578894673563,0.9891564255111099,0.0,0.00790284513926047,0.0,0.0,0.08499466023529842,0.06257832308597583,0.030648187523852302,1.0,0.0,0.03407029902529734,0.08000981218990488,0.0,0.0,0.0,0.046420567936250504,0.0,0.03242658096485832,4.0
0.029512013054628194,0.03080404917346484,0.06838694443719018,0.9118944555779982,0.0,0.0,0.0,0.04846436739759394,0.04480387009506899,0.014180281401789886,0.0,0.8925983346311487,0.05725696017924347,0.0,0.037325039834167295,0.042371217190270344,0.0,0.11430999332771259,0.0644216468170157,0.7834603353665205,0.05256285214108637,0.0,0.06280943649640228,0.009386352553323998,0.0,0.05639360656822846,0.0,0.9469816847090042,0.0,0.0,0.0043185072089478175,0.0004183001094198073,0.0,0.011530746202337988,0.031276192888359027,0.9708455288370301,0.00021111365891850274,0.043416991286169264,0.0,0.0,0.007460859719141755,0.005618558456771384,0.0,0.8787620687747947,0.016111626375830863,0.017428537353482557,0.03156668734113807,0.0,0.0,0.021807994176344353,0.025968866160071033,0.973378560457779,0.0,0.0,0.021190321000634546,0.04427209486471853,0.010308845269417995,0.0,0.0,0.7000792315039863,0.0,0.21809030292692216,0.0,0.028403050099916807,1.0
0.0,0.8900054738075629,0.0,0.0,0.0035730513637278805,0.0,0.0,0.13752632918308202,0.023259409949127285,0.7469801525658009,0.0,0.0,0.0685464351684707,0.01715244830782061,0.11144834349705034,0.0,0.0069072568224735845,0.6311977211095868,0.0,0.0050390211170923144,0.032877133790265405,0.1160285166018008,0.8650046509468293,0.06331013227465784,0.04787482465538116,0.9280411204426121,0.9333945034017724,0.917364284244631,0.8722028852106553,0.9578246898480836,0.9198218455484105,0.06643886402593378,0.014888392462194509,0.0,0.1428231279119871,0.0,0.0,0.03687467182785972,0.952419777701017,0.0,0.0,0.03145522321707604,0.0,0.0,0.059163462583198025,0.03475640208713338,0.9652365649209648,0.0,0.0,0.07150334378128341,0.08234626702950894,0.05388701442808546,0.024057510453185396,0.06370467157376891,0.7106755922102561,0.0,0.05170648324997989,0.0,0.00782289743995117,0.08770355220354475,0.0,0.0,0.0,0.0,4.0
0.0,0.0,0.12649022788765693,0.012412321279389144,0.0135158590006699,0.02656395710631851,0.0,0.02972966848546826,0.04911366147527359,0.07841493705954922,0.9261502811696474,0.9925543360361104,0.8136361559556267,0.9819283174199129,0.021914602540285044,0.0017372572838869353,0.027980069330232712,0.057102944980852055,0.0005825959653007759,0.0,0.012843766396426549,0.01607661406005609,0.7579922885858476,0.0576630393360256,0.01912711631471518,0.04740046486440605,0.023707956518352696,0.0,0.8241925225368475,0.7951423450500883,0.7148373002608347,0.07042367597519558,0.0,0.0,0.0,0.003746744605305021,0.0,0.0,0.8891767308957472,0.06217960496295931,0.10767365386730364,0.0,0.0,0.038596878393744954,0.05255853516375587,0.0,0.9438561685843684,0.0,0.0,0.0,0.8711616761682632,0.9723369172689127,0.9842859373380715,0.774732703547384,0.0,0.0,0.03710051140854396,0.061442290029517926,0.027336314729997226,0.034626557142169716,0.0,0.0,0.0,0.0,3.0
0.11355150649301318,0.0021148025376120194,0.02596578672103559,0.0713624015226346,0.02857249340936125,0.006514588190729447,0.03994273654396211,0.0,0.0,0.0,0.029030653452989514,0.013789895713409273,0.04420320130316687,0.0,0.0,0.013181532088719715,0.0,0.0,0.8378732539307413,0.9137084326458722,0.891851141008497,0.9069854943226239,0.03653876448655174,0.23464297696585196,0.0,0.9489837127637343,0.0,0.0,0.0,0.015086305906520542,1.0,0.0,0.0,0.0,0.8729724170444256,0.8528069271654062,0.9256136453212509,1.0,0.027910283885205833,0.05337630606123195,0.029746636524604037,0.737913472867428,0.06908145043823435,0.05989869982926326,0.0678087843534758,0.039947559918003514,0.8318598420189061,0.0,0.0,0.8437622184844875,0.036218256454343505,0.05684984490878319,0.022171361890803445,0.0,1.0,0.0,0.05923095042202481,0.0,0.7550779388193154,0.795095996989758,0.8689567858089192,0.7610270384514454,0.017900837153454533,0.018714212153162636,8.0
0.12152526206904671,0.0,0.03622420149517136,0.0,0.0,0.021449036068998492,0.0,0.027696903573480283,0.0,0.027199669036311026,0.033244835084636215,0.03216847002056395,0.022168610390697712,0.0,0.0,0.0,0.0,0.025293466969798173,0.9639969749026428,0.8557479351973853,1.0,0.8907672327683328,0.0,0.03641023918584986,0.0,0.7822542337049021,0.0,0.0,0.049545499470631485,0.055355343815313235,0.7792418129145787,0.007128771231794409,0.0,0.7697463660663796,0.002393497159391652,0.018901540942081158,0.0,0.026540312933912513,0.8682502616091609,0.010926349632659052,0.02760827674926472,0.9799033315783627,0.0,0.07262735299115723,0.05968001132855255,0.0288828322872215,0.9465202027748192,0.07514582944060243,0.0,0.9235631318195827,0.0,0.0,0.028979823196591988,0.35019967097100474,0.890753239011857,0.020603742765993218,0.04670766607903662,0.0,0.977209799073185,0.9434175486792253,0.796403575680596,0.8266770339157835,0.06713230596348134,0.03986468281956648,0.0
0.0089816018243241,0.0,0.0,0.0,0.0,0.029122485090195046,0.0,0.0,0.041324980212602336,0.00013350434192039624,0.16127727134831005,0.0,0.03425247677071994,0.04633736030288102,0.0,0.0,0.039670685890799764,0.0033194888990781372,0.7260033228664157,0.9370442982089302,0.698702127829908,0.8816367529401211,0.007327503510583928,0.0,0.08209055214900213,1.0,0.15712534482379945,0.0,0.0,0.0,0.0,0.0,0.0288186622415195,0.8961212834674457,0.9318950095953211,0.66049670235447,0.991647345627474,0.7493812924004725,0.022618629716237793,0.08601656521023088,0.04321616496068462,0.8923662981067274,0.0,0.0,0.0759814450786866,0.0,0.7831059789428331,0.0,0.014285072855076276,0.8809216088292294,0.0,0.0,0.0,0.0,0.7465133982672191,0.0,0.0,0.11265993574751779,0.8299560714371771,0.8664979540077086,0.894612740970898,0.7960283537284193,0.043785939993795264,0.006911688608590323,6.0
0.023979752809619084,1.0,0.9950241906227386,0.7315946725435464,0.8360608493363046,0.6859667151972075,0.9299621587476039,0.0,0.13054669289790585,0.0,0.11158014312903596,0.0,0.0,0.020123505983905804,1.0,0.0,0.0,0.0,0.01510692636688808,0.04424520450790519,0.0,0.9062318207036736,0.04647279523226674,0.0,0.0,0.0,0.008265869532330206,0.017002358923259013,1.0,0.044000366756497024,0.0702760445475573,0.04203320138142645,0.0,0.05598218057361161,0.0,0.7520874785671996,0.15198190213281204,0.14294280462267167,0.04507346126989262,0.0,0.03911502952967342,0.0,0.8501888275479481,0.0,0.0,0.013509353024316731,0.0,0.0,0.0,0.9931027953557483,0.12359188162298376,0.04460303970221455,0.07359016254319756,0.0,0.0014792835978913628,0.09861477122691892,0.1079348202998378,0.010660654923461594,0.029267185397959024,0.0,0.024685328604376888,0.07966024355841493,0.041216295826458936,0.028934544690427014,7.0
0.0,0.11553062922873314,0.08046120519498401,0.0,0.0,0.0,0.0,0.023257005789820803,0.0,0.05141564042361422,0.9829484812900411,0.9670667821991717,0.7708899608001628,1.0,0.08102257849281791,0.034374908487912775,0.05787333766982631,0.016881794213711127,0.0,0.0,0.0,0.06498354874371355,0.6774250135886303,0.0,0.14236365412125157,0.021660207302365647,0.27817138264528884,0.0014116309165746058,0.03703638231656128,0.7174693652702366,0.0,0.05308460365130191,0.0,0.0,0.059557934715436606,0.055212798580513325,1.0,0.0,0.0,0.041165113385136495,2.9864480382426462e-05,0.009544974775772486,0.0,0.7584633557475924,0.0,0.0,0.0,0.0,0.0,0.03976098979869736,0.7882977171959157,0.7738658028377681,0.847017220529034,1.0,0.7480386291057654,0.0,0.02958641989207906,0.05229694084238598,0.0,0.04376471271674261,0.0,0.0,0.0,0.0005180528840780764,2.0
0.06651188860251622,0.029633480052422702,0.05663135169996866,0.0497460179401715,0.0,0.0,0.05160565121855996,0.0,0.0,0.0,0.0,0.09367818369560595,0.015923585748363566,0.009837789785002382,0.0,0.0,0.09098057758645627,0.0,0.7443093678222458,0.7857655357105704,0.7986022697633907,1.0,0.0,0.0022831105077819494,0.07458117024604134,0.8284376357765253,0.0,0.018628591168921772,0.0,0.0,1.0,0.0,0.0,1.0,0.0,0.0,0.0,0.0,0.741100864041133,0.059674720161684104,0.0,0.928083360552275,0.04517347490894876,0.036529156253473354,0.24317081273806676,0.0,0.8244163088710749,0.0,0.0,0.6592876254658234,0.0,0.02829917822825498,0.0,0.043829183416996674,0.9338626363954043,0.05384065299588338,0.0,0.045253222960025756,0.7592248832535942,0.7848663456679196,0.9503119344374692,0.9071856925551325,0.0032124303381255367,0.0,0.0
0.0,0.9480441619203231,0.9655396126070073,0.7584531143197396,0.7132515299459358,0.7107981532411404,0.8887767886899266,0.015891493746371246,0.0,0.0,0.008187484219594162,0.0,0.0,0.0,0.6958599142125219,0.0,0.0,0.047031368106878246,0.0,0.0,0.0,0.8938330530260482,0.0,0.0,0.0,0.0,0.07327862823819516,0.03515127746494774,0.813474813109009,0.005833212197907248,0.02086345069748104,0.024284012140210438,0.0505850288000871,0.0,0.0,0.9273022168291928,0.0,0.03699505084757739,0.018322168367329545,0.0,0.0,0.04343773803861274,0.7384480776806678,0.0,0.11516337659940337,0.03210391819637037,0.03844876946827091,0.16407348895082907,0.05994495578746009,0.81967317648829,0.0,0.023353439187541174,0.29636324106485495,0.0,0.0,0.03637187863145174,0.0,0.2533926384234207,0.005839482027720078,0.0421208276593298,0.064698611181292,0.023781974813227885,0.0,0.0,7.0
0.0,0.0,0.0,0.752939653721333,0.028487358548147126,0.0,0.0,0.028756207125188494,0.0,0.0,0.0,0.8047307444060364,0.0,0.0,0.05134355741666888,0.01556246149949283,0.0800497810823932,0.01944054534529331,0.0,0.87768681027934,0.23353125774841127,0.006850035977990363,0.00968478630395915,0.048627320946655866,0.0,0.0,0.05623996657603147,0.8350631164659309,0.0225287429247452,0.0,0.0804006688223266,0.08455681993521197,0.0,0.007515207939929419,0.02761248092423271,0.9490773754258044,0.0,0.0,0.041374946564696,0.0,0.009848939657558722,0.0,0.0949120982092764,0.8931418496396493,0.0,0.0,0.29838582405404446,0.0,0.03166280324761149,0.0,0.0993440623258312,0.8790557616434326,0.0,0.07033844115963282,0.00010293280139021447,0.0,0.0,0.0,0.0,0.8928801588413661,0.02667990925588408,0.13231778332391225,0.07902952527342405,0.0,1.0
0.03449009979589432,0.05113713871384243,0.0,0.0,0.0,0.01839033442617022,0.0311452221846443,0.0,0.05918200435850299,0.0,0.775831834860887,0.7104607313018111,0.7173111032577181,1.0,0.0,0.0,0.0,0.0020954560348149256,0.0,0.0,0.0,0.0,0.8448305138747334,0.07889572595194964,0.0,0.038185514652477444,0.03493748272642316,0.07564446113858489,0.6666795073782373,0.7077581407392574,0.9737030680724343,0.023718536918869135,0.05531054484392781,0.02328410876696728,0.0,0.07205090019404052,0.04587047632534112,0.0,0.8036559342065488,0.0,0.0,0.0005761799827183352,0.0,0.0,0.0,0.024719784209400596,0.7275547904527717,0.0017198919477052572,0.0,0.0,0.8607378734124422,0.7937914770800734,0.942031605338214,0.8719260971720763,0.0,0.015504435375550123,0.055929286852781396,0.0,0.0,0.0,0.0,0.0,0.0,9.305837333271669e-05,3.0
0.016912982779127474,0.0,0.012051097010156487,0.0928844979343147,0.0,0.02073925092063976,0.0631317218840754,0.0110315738450288,0.0,0.09786638503292419,0.9528849362102189,0.9396663215936764,0.9177455096606097,0.7695860742387263,0.0,0.04066283501545137,0.09554396861514002,0.0,1.0,0.1450848939240442,0.0,0.05447014867332267,0.0,0.011192264478793623,0.0,0.02877846192117295,0.7007936863526775,0.8108321928990132,1.0,0.9999306565419921,0.0,0.02578024767695904,0.00274029966748835,0.030892083175633064,0.0,0.06815424540993642,0.0,0.0,1.0,0.017235794052300593,0.24085654436568676,0.03495974522070614,0.0,0.0,0.030068965943398886,0.01606954744100018,0.6409790527975805,0.0,0.0006432265063198673,0.0,0.7729656498732372,0.9299118225263922,0.8745203375669865,0.8899595261155512,0.0,0.0,0.0,0.06818859956373907,0.03803474902562334,0.10933280669421225,0.0,0.0,0.31244300084208915,0.0,5.0
0.0,0.00453850880002072,0.006999589277157975,0.0,0.0,0.0053191265060707656,0.0,0.0,0.0,0.03576301523953642,0.03984845157640404,0.0,0.0,0.04801167561857472,0.001207916972723451,0.0,0.08662474238839417,0.052794902780529875,0.8620202217679375,0.7527389511508509,0.7437568489019313,0.826529379722987,0.06083188103759094,0.0,0.0,0.6747669648055741,0.0,0.052550586819788594,0.0,0.020861764122333325,0.7708338497158654,0.0060750308724662125,0.0,0.24738167777181108,0.7606718481303321,0.7897608348338876,0.9576989980382137,0.8860779349952488,0.0,0.04104917875785907,0.0,0.9573411474050412,0.0,0.0,0.018690946509292927,0.0,0.8826767156925956,0.0,0.021581099519844143,0.8873657139640657,0.0,0.0,0.0015046280782526683,0.04352968429622349,0.9218862499759936,0.0,0.002219944021224109,0.02012725824810801,0.7164652828352305,1.0,0.8581582634398979,0.7301973166899179,0.0,0.044320829091501465,8.0
0.0,0.0,0.03577251683110821,0.015076837337495215,0.006480463440182216,0.05820926940918405,0.047783339246981894,0.0,0.0,0.01509158642450864,0.032134700105094526,0.0,0.0,0.0,0.0,0.014933132983923384,0.0,0.04134859839309194,0.9105146419193698,1.0,0.7508534599236982,0.8583902505004286,0.0,0.05727313489019231,0.0,1.0,0.0,0.09237484126157824,0.015080405821958624,0.003173951867943452,0.9348627372989803,0.0,0.0,0.040576259383953324,0.9393959696607463,1.0,0.9574426607332206,1.0,0.05635918945011248,0.03808978608649578,0.027195656352207737,0.7573720889526849,0.0,0.031180727823467154,0.0,0.0,1.0,0.0052276371735241155,0.03388943217974481,0.8607303068627403,0.02141945722213505,0.1301993803765168,0.0,0.0,0.9591599464521687,0.06668363206968966,0.056057619673580944,0.022843180037351855,0.9260117798813543,0.9021427762171487,1.0,0.8176229122213358,0.0,0.03125547621183167,8.0
0.04557522727672757,0.05368171968257716,0.0,0.020482134523672018,0.037357150243577546,0.02443028462656993,0.03667068560582236,0.0,0.0,0.009881061694290328,0.897640674929002,0.8098917191176884,0.6797730524734968,0.9287088983266146,0.0,0.0,0.0,0.0,0.0,0.0,0.022658749341446956,0.0,0.7099048227729952,0.04096562854102882,0.0,0.0,0.0,0.0,0.032220709178628536,0.7895043021428154,0.00018728041638647598,0.0,0.02818759389451305,0.011155917854809409,0.00861357205728134,0.0,0.90618427574356,0.02211166817872013,0.025880204015620425,0.027117103121659103,0.05572482058854255,0.0,0.022961195701817802,0.9257681006842899,0.0,0.06378683906418019,0.04488165857352528,0.0,0.0,0.058634475551597634,0.986218141206376,1.0,0.8973738605463212,0.8436424858417184,0.7697520642724293,0.04408470470332501,0.020852461492522054,0.045388839280837034,0.07042619551143035,0.0600284285856633,0.0,0.03470160416097109,0.016599554821938152,0.04684214236796006,2.0
0.0,0.0,0.06844192824695401,0.0,0.0,0.0,0.042625601041452466,0.004115694908893436,0.0,0.03663498660320529,0.022216610706972884,0.0,0.0,0.022523347650653,0.02340133671076928,0.0,0.022639621481752664,0.039628240821346264,0.8853310580656658,0.9835799222025992,1.0,1.0,0.0,0.0,0.014059113725767453,1.0,0.0025788854815010165,0.03318471395297117,0.0,0.0017343582244454423,0.8450356253080192,0.0,0.0,0.04846248797614243,0.9491550776255787,0.9094810174943352,0.7740679273346432,0.8893663500259223,0.8403072579132098,0.0,0.0596955594652295,0.0,0.0,0.033023179103366294,0.0,0.0,0.786859776143222,0.0,0.04523009953340058,0.07474982456411458,0.0,0.0,0.0,0.006181998353767361,0.9830676875825195,0.0,0.0,0.0,0.025209764970150053,0.0,0.0,0.0,0.0,0.0,9.0
0.0437578299104123,0.02767861987006571,0.0,0.0,0.12077207075585823,0.07378500426956044,0.04586123235687039,0.0,0.0,0.0,0.0,0.0,0.0,0.0,0.0,0.0,0.033097545934890886,0.023739571649183333,1.0,0.7323170270568946,0.7437901155304258,0.9878732507612927,0.054604459552860946,0.004585521771286364,0.023247147183979976,0.9634727986485109,0.043545954801605564,0.031047272947298296,0.025910500044525477,0.012974450765682028,0.8199058498491327,0.04066090861370236,0.013625970781346204,1.0,0.054408028668655455,0.0,0.03213897386881613,0.01656114525032315,1.0,0.014528596600463984,0.016856453525340043,0.7053303243597394,0.0,0.027139317567341326,0.05636010623232988,0.009034688541029411,0.8018280449765282,0.0,0.03194554202567459,0.8653295448755688,0.0395897748572205,0.028781694373491613,0.04352310391478016,0.004159065399347698,0.8452826178704751,0.0,0.0603168697409045,0.0,0.9591578545045608,0.7207225681107359,0.9835014099199313,1.0,0.021620244300197704,0.05720237562488981,0.0
0.0,0.0,0.0,0.0745256588201479,0.056925751231712056,0.0,0.0,0.012187043693766698,0.03225131997264823,0.0,0.0,0.0,0.01653935238952573,0.0,0.0,0.0,0.0,0.03796695048595846,0.7587080253538799,0.9144721805412667,0.7317692530033786,0.8556485254723462,0.0,0.0,0.040062245092848,1.0,0.041313583797075434,0.0,0.0,0.05769242851903204,0.0,0.0,0.11218098862301942,0.7497974471370373,0.8224589210251555,0.8953336986265928,0.8282036158647307,0.7647338297301108,0.0,0.0,0.054730222867158965,1.0,0.0,0.032364317537194945,0.03886821194471209,0.0,0.8129586094525085,0.05123626793821471,0.0,0.79673654853526,0.024837509306960364,0.0,0.0,0.009755510627842204,0.8291543042175046,0.01908827079684884,0.005762743677742125,0.05396154281916411,0.7409468436281613,0.7986435465640231,0.8217889646883071,0.8545682010137854,0.013282935242454661,0.0058122784058676795,6.0
0.0,0.0,0.04966768168113066,0.0,0.0029661371207194377,0.0,0.0,0.048801691535805616,0.03055583436502142,0.0,0.021297798339926812,0.0,0.0352769350574886,0.09139962684224275,0.0,0.06716988889885818,0.0,0.03447160337366549,0.7406695438938239,0.8146975704785338,0.8601292386520598,0.8722285106941434,0.057940621945597716,0.021450894950294574,0.0,1.0,0.024457381981623692,0.027136248077237038,0.0009659756715853498,0.0,0.8557340652321659,0.06677518412038018,0.017120061266367285,0.0,0.9759476640257441,0.801314677818077,1.0,0.9237732798602137,1.0,0.021961357775666643,0.016465685950693556,0.0,0.0,0.0,0.011438412045367281,0.0,0.7874665641139298,0.0,0.0,0.0,0.01794050703437573,0.0,0.0,0.06618753653709712,0.7314243193919356,0.0,0.02284011205567718,0.0,0.08711472537646907,0.024721301823571226,0.28146022394195946,0.04567496371068534,0.046896612075284255,0.0,9.0
0.027751140125839308,0.0,0.0,0.0,0.025810139364700307,0.02342212544006446,0.02615130558663873,0.021510074116830338,0.0,0.010125999031135067,0.011702099034681513,0.0,0.09110210630065903,0.000862844469576701,0.21804822411542937,0.0,0.04236041515288402,0.0,0.754539974593732,0.8178410038894189,0.9183482970454903,0.974587641420091,0.012820908090035513,0.015673625925636665,0.0,0.7316430561990614,0.0,0.0,0.0,0.06969363440487018,0.6663784059433964,0.026758847350333532,0.027826164017377194,0.19913593060832852,0.7677456944284381,0.724321373675736,0.9642486303406245,0.8288987058074055,0.8550427116699706,0.05075661647917382,0.0,0.06648990791540729,0.0,0.13068227964101817,0.0,0.0675287456593288,0.9010009806654159,0.046844084333613874,0.0,0.052681913016170215,0.0158715977710415,0.0,0.0,0.058466689340927226,0.9415504815208855,0.02878362895735645,0.012214775575423031,0.004762229812342803,0.08941165761068559,0.0,0.03975890581056302,0.005444200606923782,0.0,0.0,9.0
0.02264437619392501,0.0,0.0,0.006503271885552161,0.01141107701874314,0.0,0.043580286354382304,0.037500073197158146,0.0,0.0,0.9681097050495203,0.9509211252733547,0.693896896312692,0.7645526602490825,0.0,0.03437118107827807,0.013612413741414066,0.08520457480016706,0.04820937270204179,0.05308760589399682,0.07382780812321654,0.018016531157563367,0.8841441783428954,0.18984914765329325,0.0023436535826215983,0.008255254268439649,0.0,0.0,0.0,0.7305538118583979,0.0,0.006356936908482564,0.0014166774731892541,0.09002213490352917,0.0650282762707824,0.015839196842689248,0.6985559109572262,0.07180340700246497,0.0,0.07951066480230062,0.04013545360423504,0.0,0.04490074840121405,0.7155523568625052,0.0,0.05438075921876188,0.021840638169105392,0.10077525358516473,0.005841849548447872,0.0,0.7770318525377966,0.7677956243258841,0.7129233511946854,0.7460005940830763,0.685181847323805,0.045055865796152894,0.010915538735446604,0.0,0.05468222882162436,0.05173827321830337,0.0,0.0,0.0,0.11988303022264074,2.0
0.0,0.05439506685571974,0.03096415456049504,0.0,0.05575355246819467,0.06015021582321787,0.014682898445208564,0.0,0.14206793694716732,0.07139779941099567,0.0,0.05280430276135894,0.07978710319923744,0.014384538378069328,0.02556661364644651,0.0,0.0,0.0840566968731524,0.7660340910844331,1.0,0.8420787447703735,0.7157185900756204,0.005488945508865518,0.0,0.0,0.7548594940458377,0.0062562457469237595,0.15422442715556886,0.08632838641040068,0.0,0.00740666290189855,0.0,0.01137748980706675,0.8711423036476815,0.9132522472444056,0.790563251837567,0.8719117410314098,0.7043974701555974,0.0,0.0007818704396379226,0.0,0.8204218949216983,0.06648168486685323,0.0019497690186554388,0.05352329691603491,0.0,0.9400935994372841,0.02208203071546372,0.011225230243636398,0.929968691924637,0.04823769387013455,0.0,0.10044346113286919,0.0,0.8732274066245861,0.3154654174365078,0.0,0.011527591674430807,0.9821034114186787,0.9536661983815038,0.6262936973136257,0.9199444899388145,0.01768857970060626,0.0,6.0
0.0,0.0,0.0,0.026867729253691294,0.018706399957658125,0.0,0.043902437459430524,0.040040837130611136,0.0,0.0,0.0022280968425403263,0.0,0.0,0.0,0.005696201801869204,0.2518576043718481,0.0737057711574585,0.0,0.9374096009769417,0.95474287030508,0.6982775920273185,0.7710420487626622,0.009852787587606271,0.0,0.0,0.9617196844187924,0.026864241280601206,0.0022100278883113184,0.0,0.0,0.8350346115541276,0.0,0.12083690283028659,0.07766036480582195,0.6628312915087163,0.8352484975950875,0.8892405935947325,0.9999779214307726,0.0,0.009819341850076109,0.0,1.0,0.0,0.0,0.0,0.0,0.9012198675896731,0.07446865963748434,0.04042686320081729,0.7668487589410702,0.0,0.0,0.028706130349207094,0.045928145439293876,0.8050134494342042,0.0327742268601517,0.0,0.054875729387632965,0.8384860251037727,0.7787547063770323,0.8965929246107219,0.7486662469329389,0.03513192150041912,0.04901115037989623,8.0
0.0,0.0,0.06445872191563684,0.0,0.040259432253063276,0.0,0.08495644837105801,0.0,0.06698478888016758,0.050149885925312325,0.0,0.018945191368601847,0.0,0.0,0.0,0.10402688943538262,0.0,0.0,1.0,0.8677037122566605,0.9065802442524091,0.8436649420631595,0.004311169616802819,0.00047176891336750295,0.0,0.9012423096981333,0.0,0.0,0.01015082005732078,0.0,0.7768974466871733,0.025513980416345935,0.035898143573350465,0.1250793058104198,0.6749111954663894,0.9118523078321151,0.9026496931626742,0.9065862245114753,0.0,0.011265103535155911,0.06962553997779017,0.746811322945735,0.0,0.014685571455906524,0.0,0.0,0.7692939937150901,0.08260411393029682,0.0,1.0,0.03373346106376572,0.03858706451474114,0.0524892805742057,0.0,0.8841463015369135,0.0,0.03175486502168694,0.0,0.7479418722399933,1.0,0.7612516289948402,0.7290792949582212,0.1402428568403967,0.08566566006093737,8.0
0.006470204618281659,0.8344760623815812,0.0,0.020552680667927356,0.0,0.0,0.0,0.0,0.05852985694848172,0.8382376159879307,0.0,0.13199518904711116,0.02912783902085941,0.05664528791124143,0.0,0.004398103353808114,0.11334140924796887,0.8008387440484916,0.03178201295785126,0.03948123277907292,0.0,0.058879985810216195,0.8438606298042205,0.002732949884397599,0.0,0.9179543272528009,0.8969337888822554,0.9874225481981711,0.9502364697966788,0.8584042769456203,0.9555749424779764,0.0,0.0,0.0,0.08657085896457017,0.008435338430408583,0.05354580657120257,0.0,0.9502951171453909,0.0,0.03164887213805012,0.0377301741246129,0.0,0.04620955674209115,0.0,0.022254470200814388,0.689108010137347,0.0,0.15595059146021267,0.03206414701554747,0.015416456479718406,0.0,0.05326313327001021,0.0,0.8186724322625396,0.0,0.010767252540402247,0.0,0.0,0.08871034799051751,0.07449157858336175,0.1217544297047408,0.0,0.05019601069470462,4.0
0.08716599433131461,0.01821233877689813,0.0,0.0,0.0,0.007014420018305243,0.0,0.0,0.0,0.06858668408381657,0.8279995007175439,0.7654660582049546,0.9833074166593798,0.9102061898471515,0.04591099410570019,0.0,0.0,0.0,0.7516645073545151,0.0,0.0,0.0573382942970219,0.017357160885878183,0.022435174662090544,0.0,0.0,0.7189924782161616,1.0,0.8364158564704105,0.8967867122849719,0.0,0.0,0.0,0.0,0.024664499255637504,0.03364869767295866,0.04160702679305275,0.0009649382782328797,0.7531657716126828,0.015190222133352521,0.0,0.0,0.08065217865273794,0.0,0.014638691925193351,0.0,0.9284413751021696,0.01573017900153853,0.0,0.0,0.8487201185379627,0.7876211092459503,0.7458997805838978,0.8926585509397342,0.0,0.01692461653612668,0.0,0.01638196168250468,0.0,0.0,0.0,0.0,0.041287235317608,0.0,5.0
0.0,0.8955670454612312,0.03913911045523921,0.0,0.0,0.0,0.0,0.0,0.0,0.8205358872953014,0.0,0.0027947749920441273,0.03461989373203958,0.0,0.0,0.0,0.02938213692858048,0.7752474551140756,0.034588775902496725,0.0,0.0,0.08501976139889843,0.6549196835524247,0.0,0.3552751947405891,0.7914466069843578,0.925144764235212,0.8682797796172487,0.6611682773810528,0.9733620361360775,1.0,0.01684119177979396,0.03432007040693574,0.04098084563668964,0.0,0.0,0.02248388994818633,0.0,0.7351691488859212,0.0026164952658815216,0.0002584189021050376,0.0,0.04113034216987646,0.0,0.060870128817014126,0.0,0.8779992650313778,0.032345456656056336,0.06807933338835075,0.0,0.0,0.01570554954947991,0.05245886426006681,0.10966749552976592,0.85267386095961,0.0,0.0,0.005630863778215544,0.0,0.055342033730797206,0.0,0.0,0.06663765243139111,0.0,4.0
0.054819169901986486,0.05048016881138515,0.030001924650875086,0.0,0.0,0.07197007109277304,0.0429207153633833,0.06773821950778623,0.0,0.0,0.79888621296217,0.9366712576317645,0.7345054415424308,0.9422974606220169,0.010164459384643616,0.0,0.17332465712945327,0.0,0.0,0.08325002985745078,0.026661924902885898,0.07294978743341633,0.7138816765965457,0.03993501376351615,0.0,0.037357449167541544,0.034127859621779104,0.0,0.6979150869233457,0.9423148587032792,0.7123813669562507,0.0,0.20114957904815978,0.03530360583384331,0.03971851278418999,0.006383049604459183,0.0,0.0,0.8403763026098068,0.04102824459098883,0.0,0.0,0.05802529375050805,0.07613339341568608,0.0160301745799897,0.013927886013128683,0.7077679682286403,0.044893135880382795,0.0,0.0,0.8841902655805899,0.6783410059995583,0.7584412986311323,0.7604632674031061,0.0,0.007456860167636194,0.0,0.0,0.0,0.0,0.0,0.0,0.055894798601026974,0.117162070232554,3.0
0.0,0.06527034350047085,0.09071843894416705,0.018984428949656674,0.092704632995664,0.06414804285570493,0.0,0.0,0.06688470349498364,0.08265115201697205,0.8150500992940595,0.8930509398395483,0.9113025637221418,0.8388023467624697,0.06303985593564097,0.0,0.0,0.0,0.0,0.0,0.0,0.0,1.0,0.07524352977698844,0.05316852918216243,0.11437728559171774,0.12371242390290729,0.010998926429399206,0.03484102773555058,0.6721609987617568,0.0,0.0313092710015379,0.020518704758558232,0.0,0.0,0.0,0.8091437829016576,0.0,0.0070442021040155005,0.06357773416060782,0.043472110836093515,0.0,0.0719104399959786,0.9657765216062801,0.005574513416735717,0.0,0.19277744634208752,0.024114749246476847,0.0,0.0,0.8500869542396784,0.959942122421,1.0,0.7920119219674694,0.6862790598553342,0.0076115278586067064,0.01331693375267028,0.002769439563637119,0.047334539895485854,0.0,0.0,0.03106210094626946,0.01979855613391798,0.0,2.0
0.0,0.005334474837868558,0.019738709100327656,0.0346535959182439,0.0,0.024240212079407755,0.032975808281444106,0.0,0.0,0.04000208446735864,0.015018405717248752,0.1573891315622945,0.0,0.0,0.07214916989853361,0.018056732814033825,0.036894586571027566,0.0,0.640565860011444,0.9216221893526394,0.8378464618684376,0.9706255740248939,0.02385973038758332,0.0,0.0,0.7242430243055565,0.0,0.0,0.0,0.0517422086012963,0.7604009862175154,0.0,0.0,0.052991101960173106,0.611535292724274,0.9460305148186618,0.8603694140540338,0.7486946341710701,0.01327424013746123,0.0,0.04163301677411539,0.9236425905310519,0.0,0.0,0.0,0.0,0.860167243290805,0.0,0.0,0.8224562356923203,0.0,0.0,0.05034051479664186,0.0,0.7576588056191177,0.004223451038025697,0.022097108578688393,0.0002920947867807189,1.0,0.9682238023510671,1.0,0.9792173855507481,0.010608746375721246,0.0,8.0
0.0,0.0,0.01831774058582396,0.10419964594617769,0.038781938570798334,0.030879575063751163,0.017442186016632288,0.0,0.003315400271704191,0.020997249788718347,0.9457096496778654,0.8592871100282923,0.8406737940631006,0.7776134353392744,0.0330501797273712,0.0,0.018899241484303757,0.16180191307023428,0.22937904775126808,0.0,0.08034132028655226,0.08224536125658113,0.8412406245306937,0.04310003842657426,0.0,0.04095682134619352,0.0,0.0,0.0,0.7130980301272851,0.0,0.014533560248813885,0.0,0.060207696681670024,0.05147326062846707,0.00405390252856572,1.0,0.0328244038639161,0.040401332020696595,0.06597325579355702,0.0,0.0,0.0,0.7262536813327722,0.0,0.0,0.02472028344251398,0.0,0.013101607052715356,0.06834430991265066,0.9035680824077468,0.9128258724099394,1.0,0.8182093084065064,0.9421172977748657,0.022961954165276743,0.0,0.005346162435392308,0.0,0.0,0.07553728636884095,0.04925731115840182,0.07031533043293207,0.012033759216708961,2.0
0.0,0.015721032775848916,0.001545728772474781,0.01846592209804931,0.0,0.0,0.0,0.0,0.0,0.0,0.060496271186831534,0.0,0.0,0.0,0.047805033051783186,0.1294196416423725,0.0,0.05471194758607045,0.8942090128378704,0.8497198685614411,0.9671283780753644,0.8533699295993754,0.0,0.02275283377383563,0.03133418178178892,0.8827126686642515,0.03765703386959287,0.0,0.0,0.0,0.6670621779894284,0.0,0.0,0.0,0.8090615545864029,0.8800855888630581,0.7852005869411565,0.8299643822322891,0.039159783005491694,0.007466545499381784,0.009150683940879508,0.7365784360833366,0.030427950038399577,0.0,0.167272376627424,0.0,0.8807117165999034,0.05214764023417689,0.06391343038355263,0.9028009934697807,0.04564525306391429,0.09061926937672873,0.11439374043605798,0.0,0.6568202099491501,0.0,0.0,0.0,0.8900727316932231,0.7341123766907632,0.7297410582572622,0.9600834405864654,0.0,0.0,8.0
0.0,0.8765229990286867,0.7967440252301925,0.8819710931512946,0.9074376237633949,0.7902558159848123,0.8928061995274456,0.0,0.0,0.0356151013081026,0.0,0.0,0.0,0.006691499548176516,0.8651032611487935,0.0,0.03678319252053773,0.052614997188301676,0.043941895437491614,0.09467335967835333,0.0,0.9481271316486127,0.0,0.004738711618512662,0.005612857294990503,0.010558018038291116,0.0,0.0,0.7054118171763963,0.0,0.0,0.0,0.11119412044400262,0.014194047034938803,0.017474044381839575,0.811781783789162,0.0,0.11469947932879594,0.0,0.0,0.027454532494078684,0.0,0.9450253202096095,0.0024905779618665433,0.039655605902844566,0.0,0.0,0.0,0.037561983702181834,0.8260764546095369,0.04145332563847824,0.07287872839679561,0.17326792605700433,0.0320405857057035,0.0,0.0,0.08317886101045557,0.012455298448938331,0.0,0.0111887319066911,0.0,0.0,0.0664216821868932,0.0,7.0
0.0027137639697800958,0.05504972858518323,0.06305606145209115,0.8889435982245546,0.0,0.0,0.0,0.0,0.024601165126076043,0.0,0.04621908543053683,0.8478625239003834,0.0,0.0,0.0,0.0359806160417993,0.05833533478178739,0.0,0.08677120301701959,0.7167229810977283,0.026255666746341194,0.0,0.0,0.026022968704621438,0.06522037559619635,0.046557915411569006,0.06293627443503645,0.686439155206767,0.000780974446836444,0.0,0.047393915334582176,0.023381825223275005,0.0,0.07813256981713133,0.0,0.7718222904634979,0.0,0.016941638250860782,0.015424306311978945,0.07730410944943487,0.0,0.0,0.0,1.0,0.044606291664118114,0.0017928710259223727,0.0,0.08992228685075761,0.0,0.014809891926082286,0.0,0.8773760977337122,0.04539337450238926,0.03859625038005926,0.1408159007852084,0.0,0.0,0.0,0.009422164548516562,1.0,0.0,0.07556248097418661,0.036656439883269464,0.02718267700836101,1.0
0.0,0.03201052467364495,0.05497890557100387,1.0,0.0,0.0,0.08883872544319071,0.0,0.0,0.0,0.0,0.7472536148701292,0.0,0.08388841087741503,0.0,0.04856212491290478,0.0,0.0,0.0,0.9298015625043506,0.09953003495881842,0.0,0.07226199964370841,0.04195379504708244,0.0,0.0,0.0,0.8044038051888548,0.036517222944817976,0.16022554254756455,0.0,0.08717799888900127,0.014980545612034503,0.0,0.0,0.9979568916317315,0.005758939193597969,0.0,0.09522721745960012,0.08110267261152795,0.08547499071556297,0.07072218353375488,0.05031408827088482,0.9148447870094258,0.024852448138492272,0.016451300441027435,0.0072053958896761945,0.0,0.0,0.0,0.0,0.8713841937732764,0.04772006352834396,0.08467292945080136,0.0,0.08947812381709597,0.0,0.0,0.05806337812286203,0.8899883052792993,0.0,0.031944143413925034,0.0,0.0,1.0
0.12507032764061432,0.06308133577574906,0.010137456195804959,0.0,0.009452777315939373,0.0010671346288491945,0.015148451792261562,0.0,0.0,0.028372263613271737,0.06237601604435379,0.008664859160856776,0.20552410138713126,0.06034893125259712,0.09509211855150541,0.02755853715473619,0.0,0.0,1.0,0.8097889259434844,0.9449320953368658,0.7946180249675101,0.0,0.011275513516266475,0.0,0.8585113442345418,0.02910045795549325,0.0,0.037558395202630435,0.10934985383976872,0.8412589770439842,0.04907445934319208,0.0,0.8616410138705927,0.02228223105849565,0.010929656498699546,0.0,0.02269397046545745,0.8963977155287374,0.0,0.009729003770485314,0.9154102646482192,0.061947612344896166,0.0,0.06662420503369446,0.019874947096519255,0.7481556152217739,0.0,0.014531034593582383,0.7127233304324786,0.028350751440996715,0.041446226287351375,0.0,0.0,0.9278501248967393,0.0,0.02533037513615585,0.1534267600385689,1.0,0.8130382684655761,0.8496232459830995,0.7031939727528181,0.07097336681002753,0.0,0.0
0.0,0.08050745513305602,0.007501719325741747,0.0,0.0,0.024574214937692917,0.06794470055239037,0.0,0.08907598930389106,0.0,0.6451843968351255,0.702831453302744,0.7320446489576784,0.7598235211181013,0.0,0.0,0.046370417884094704,0.004262433722052534,1.0,0.11150039570655557,0.013346102984892328,0.0,0.032378202565614064,0.0,0.0,0.0,0.9278721002483946,0.7849425865877205,0.7987756019955218,0.9933640793438439,0.0,0.047353094779107444,0.17506160206264026,0.012024777020987143,0.0,0.036032921234414775,0.012616149925979356,0.0,0.859910631148993,0.0,0.06158284615107517,0.0,0.0,0.00233068922683185,0.0,0.028700748078091438,0.8828126609830698,0.0016681647461204907,0.0,0.0,0.7489398999637217,1.0,0.989714092421822,0.7847877959282347,0.0,0.0,0.0,0.054821770555946725,0.0,0.03233617460620462,0.0,0.012543602311239202,0.01248665605343479,0.031217067655773645,5.0
0.007123666240948099,0.0,0.0,0.0,0.0,0.0030543641259678286,0.0,0.032075885469474666,0.0,0.0,0.0,0.0,0.10065190130185644,0.030851785632190817,0.0,0.0,0.029544597687604285,0.009218941144905006,0.7899256109757565,0.883351087638353,0.89983589397238,0.9815168110215575,0.027080067265226777,0.0,0.012131724915283231,0.780129373013556,0.04583746621974513,0.0,0.0,0.0,0.9516481065418274,0.0,0.05122906039984252,0.0,0.8308360941251852,0.8158705822372708,0.8054951918927671,0.7194059566276713,0.8126685089604643,0.0,0.0,0.04145277272447662,0.01749884507724949,0.02252856111815847,0.026805618962438917,0.10483112987548614,0.8049849996986741,0.0,0.0,0.03204918014179608,0.009013117975854829,0.0,0.041372084859004205,0.0,0.7567507185437843,0.08608322975675965,0.03795655230491975,0.19759432849763348,0.0,0.054326669139056996,0.02530443432924532,0.0,0.0,0.05410223067176295,9.0
0.0,0.3882091541269005,0.0,0.030748425380675688,0.057790684524377356,0.0,0.0,0.003134835809723092,0.0,0.046095324832578256,0.780152002624857,0.8617129058573084,0.9211142092590615,0.9000673320150995,0.0,0.0016003954842884688,0.045071650914012384,0.0,0.9540340643299182,0.0,0.0,0.09384722789196212,0.06653081953251715,0.0,0.040693326940745955,0.0,0.7445960639172118,0.9885187003456568,0.8498301562791868,0.7648167449766985,0.0,0.0,0.08477213971411217,0.0,0.05662621431254285,0.0959467690528851,0.0,0.03665296748215498,0.9717169264832198,0.0730253040745088,0.0,0.0,0.010688949942225153,0.024902555709607435,0.04335440074179876,0.0,0.6769848598395505,0.03575856026150088,0.0,0.023312749265422168,0.7644195723600943,0.7513635613380538,0.8972383296000437,0.7448332470920636,0.0853992669374565,0.0,0.013726536539230075,0.007310946885951804,0.011893820668998287,0.047052040301600755,0.0,0.001942316213426552,0.047497665362144934,0.06791156488243633,5.0
0.0,0.7781548536861853,0.0,0.0,0.0,0.01248950599596741,0.0,0.0,0.05577645411329753,0.861446936600762,0.011998184027221692,0.0,0.0019936349274502028,0.06358554524338053,0.0,0.0,0.0,0.7733287337675205,0.04166986657799816,0.0,0.02355621799668085,0.0,1.0,0.01810074051535462,0.12508110154770904,0.7144488995302359,0.9885533835488944,1.0,0.8583724870382256,0.8919149507211983,0.8949225842929786,0.012793269082115583,0.006093724641974732,0.028320638124886995,0.0,0.010376192572314244,0.0,0.07988224743344417,0.9871553909161093,0.007890139947892328,0.0,0.09450024951225455,0.0,0.0,0.0010223787381397856,0.06750874796481891,0.8170697309830087,0.06854453710633586,0.021572522945334544,0.011543836045156108,0.0,0.0,0.025625420250447145,0.0,0.9516293358186722,0.0,0.0,0.0,0.02987673766982933,0.06229760570473203,0.0,0.020308768342307316,0.036406278132501135,0.0779415485715862,4.0
0.02029514088097964,0.8184076805797474,0.011451316402298828,0.0,0.1372127165495407,0.006987110776271422,0.0,0.07766779436739758,0.0,1.0,0.0,0.0,0.0,0.0,0.059402376653133006,0.0,0.03382741862225132,0.9586198183687717,0.07683062185365366,0.03419351093906044,0.006132485875665417,0.024815521329760823,0.8740855193669228,0.0,0.04019979338667867,1.0,0.7901223155177116,0.8765534149762009,1.0,0.8070273904697866,0.8391145792050957,0.0,0.042981950024664824,0.0006709635788656374,0.0,0.19990330278532015,0.0,0.07528016537523173,0.9038022444418734,0.0,0.08445431677303236,0.012342681567153688,0.0,0.02588757383170949,0.010953041705014963,0.0,0.9378067447365306,0.0,0.0505328398694085,0.08220650847365417,0.02575626906853208,0.07534483845067941,0.0,0.0,0.7824716262751303,0.0,0.020084211742799327,0.009019483452938652,0.0,0.0,0.021508010976712656,0.24749196475345842,0.0,0.0,4.0
0.0,0.0,0.05917476564374198,0.03559645917476118,0.05548359357003818,0.0,0.0,0.0026437837909251034,0.0,0.0,0.0,0.005879405239878309,0.03051315492003663,0.0,0.0,0.0716861247561593,0.0,0.06127229486932234,0.9019285320296926,0.9152727015929769,0.7833920962732877,0.7925565136119569,0.0,0.0,0.049816686290656734,0.8096303436826507,0.0,0.0,0.0428182980882722,0.10802389779275737,0.0,0.0,0.0016142190304307817,0.8048564425669417,0.8795519279994515,0.939799578381881,0.8340237462317904,0.9353320617060885,0.07647036296976659,0.005419517773080361,0.0,1.0,0.0,0.0,0.0,0.026522101535633315,0.7415098550649482,0.0,0.1132113506917602,0.7939635854709663,0.027224323604679596,0.020801889767405858,0.0,0.022335793426083585,0.7660108748231802,0.0,0.0,0.11564738265552021,0.692733757155465,0.7568825815204258,0.8584321185774825,0.7506970209384674,0.0,0.0,6.0
0.0,0.0,0.02480815493361422,0.02335210373789436,0.0,0.0,0.12465323198312624,0.0,0.03598712377675981,0.0,0.8548450820185092,1.0,0.7361319595703225,0.899440520705715,0.039084474462507644,0.0,0.0,0.0,0.0024085026767716377,0.0,0.0,0.10859939607497036,0.931710940903065,0.0361119933939343,0.0,0.00936092853348618,0.015966551464294813,0.056962861558418725,0.8307865265577778,0.8288661218726461,0.8843223989286495,0.0,0.0,0.0,0.0,0.016378949183849238,0.0,0.0,1.0,0.018485737947171208,0.0,0.0,0.02148777755458718,0.0,0.019485161687961574,0.06702963043100181,0.9293624043450183,0.0,0.07426980609723,0.0,0.9149008613452724,1.0,0.9097334833945667,0.6088255388005247,0.0,0.0,0.0,0.0,0.029452034104428045,0.0,0.027296763087616124,0.02007425299401624,0.0,0.12552447273507636,3.0
0.0,0.008595690078304453,0.06450351363711701,0.01655322437859713,0.03118703131855179,0.0,0.0023298452040192734,0.17562985247678553,0.06110024911185779,0.000732991348300252,0.9707505090148951,0.810375558066857,0.9343973240817358,0.94999579586737,0.0,0.0,0.0,0.06454340753430052,0.018693702827460672,0.0,0.047126887403693196,0.0,0.8882711356355053,0.041271676263773364,0.08417545978130675,0.03720642038780513,0.0,0.0,0.9247645794502146,0.7517223065435632,0.9703634814954916,0.0,0.015423240027635619,0.022902896628411384,0.0062505539619526086,0.0,0.0,0.0,0.5911445819925709,0.0,0.008890812226872121,0.03693961502854239,0.018371397325105676,0.0,0.0,0.0,0.9044469012202652,0.0,0.0,0.0,0.9478650249130187,0.8280551070898062,0.9120574040664268,0.9444701767467794,0.0017519183053300682,0.06977978543357491,0.03532845995488678,0.0,0.01492435094208327,0.0,0.0,0.06650032838584212,0.027305173457556228,0.0,3.0
0.0,0.0,0.0,0.04285682946458648,0.05818598078175102,0.025947493647075145,0.0020923543643404157,0.0,0.0,0.0,0.7841229445138272,0.9666746353024609,0.8539108345002979,0.7870854744344191,0.02033403517852922,0.0,0.0,0.01263922733600712,0.031303641946388266,0.19921230832117132,0.0,0.022161891906705602,0.831407747724523,0.04619712255655872,0.0,0.09465463788536466,0.0,0.0,0.9391794730731401,0.684558678820605,0.8369211068102002,0.05791181526701861,0.0,0.03782707358107958,0.019493974879224406,0.0,0.03346147780317985,0.0,0.8744391661186842,0.0,0.0,0.0,0.0,0.0258857784167788,0.009386148147318748,0.0,0.7168034961831358,0.0,0.04140707038438032,0.00046970448466639007,0.7600286036718832,0.9425765175033732,0.9670916005218926,0.8260761178010624,0.0,0.0,0.0,0.0,0.0,0.07359966757959538,0.06876178544511775,0.0,0.0706194315278338,0.07808547635470427,3.0
0.021345535643662608,0.014993609849898296,0.005286816963637551,0.06777005854776087,0.0,0.0,0.021149060708783748,0.0,0.0,0.0,0.0,0.0,0.009125997369372996,0.04176934355396827,0.0,0.17827801641396632,0.015790030967573077,0.0,0.9768636481758453,0.8388534291846844,0.7018999916660865,0.7841014759351451,0.0070187199786017965,0.0,0.012200160156945783,0.7828955563078539,0.10190187568809106,0.0,0.0,0.0,0.0,0.039915094114193674,0.2109817508893348,0.8038956132294738,0.7384958216697023,0.985481110958232,0.9839687718475141,0.7986360969546317,0.13807123112932382,0.0,0.0,0.9595653954241989,0.09024490500766924,0.02274197490613763,0.0,0.0,0.783029404157812,0.0,0.013887574341920818,0.9280987102018673,0.06595804610153143,0.008443539774836742,0.09250014293392218,0.0,0.8336886160972675,0.005405095500609253,0.045495422090334296,0.032722154757595545,0.992626475711615,0.6300080128729799,0.7504344429375439,0.7630174712116834,0.0009755351357656072,0.010004225915200816,6.0
0.0,0.02332467022215456,0.12635321928550575,0.0,0.02848561603435878,0.043002533146381326,0.14643742022445227,0.13442854053264347,0.0,0.022545361924574448,0.012019958383470242,0.0,0.13409593608739487,0.0,0.03816875420771285,0.0765561801261092,0.001700716595818666,0.0,0.9240740050577938,1.0,0.872553229479081,0.6747772334787842,0.0,0.0,0.01302553781854017,1.0,0.0,0.0,0.0,0.019074740398241776,0.002526111354105138,0.0,0.0,0.9103050489354234,0.938094345733658,0.9768361728432459,0.8779660850000186,1.0,0.0,0.0,0.0,0.8529476528452141,0.030597694907879443,0.0,0.005006291022541887,0.0199718394564444,0.7112842356288094,0.0,0.0,0.8412342982699682,0.06893534275738077,0.03013382323246526,0.04326945697305673,0.08650145001463509,0.9796058557465863,0.1345162033255211,0.010295480376350093,0.0,0.9690406852401272,0.7003581908377196,0.7526100858264332,0.9099817833255134,0.0,0.0,6.0
0.02846914609410064,0.0,0.08234929613758982,0.0,0.07627758353992214,0.04073326333141139,0.015868120138621548,0.008835753387478799,0.02703764095305355,0.0,0.018556645900021842,0.02701160424278449,0.0,0.0801170808750728,0.06689057841629,0.005543283261642169,0.0,0.06764951280761443,0.8822897392050003,0.955524888679434,0.9146695900429141,0.7747157942574822,0.052676525207370074,0.02580570974580225,0.10633175675989923,1.0,0.0,0.03664137386796332,0.03836410686685764,0.01277175430811024,1.0,0.0,0.005304513017567022,0.0,0.7940746587436665,0.7264991724609976,0.7405669466414021,1.0,0.9938365677404629,0.05654050887043374,0.0,0.034531276703097045,0.02425035020878022,0.06409046449324998,0.0,0.010230417464649075,0.7827308195548509,0.01927931916878755,0.0,0.0,0.012132761423854685,0.07192012589269724,0.020377716452994826,0.0,0.7021846854687078,0.0,0.011968232978344146,0.0,0.05344474266681609,0.08055275134789414,0.0,0.0945000276296647,0.0,0.0,9.0
0.0,0.04435487713691039,0.02778763372701596,0.03508281103810897,0.16259577261680716,0.0,0.0,0.0,0.0,0.04890172883727655,0.7812789847429663,0.9485938940324988,0.8431310549055384,0.7419827872804368,0.018301103985498227,0.0,0.0,0.0,0.029659188920435745,0.07952117420016735,0.07170050222290425,0.03936661572758496,0.7770806213267365,0.02092489566241342,0.05133205105946216,0.0,0.0,0.06038650948043686,0.0,0.8018011375535945,0.010260776770910803,0.0,0.018499752052862677,0.04277307970583402,0.012237675559400252,0.0,0.8442361451401266,0.0653387114136209,0.04088237794563588,0.10328806107190731,0.0,0.0033227532668710404,0.0,0.8362976374212667,0.12210312636969699,0.0,0.0,0.016792380933284137,0.0,0.0,0.8690630301323831,0.7697507751419623,0.7842081222003178,0.7086436353663489,0.7225698753222822,0.0,0.05438719911677253,0.0008648671157358613,0.09723780098949933,0.24398966549841355,0.0,0.0,0.006242989098195738,0.0,2.0
0.0,0.760611334933399,0.8153485425882785,0.7942252082001534,0.7268909259877733,0.7887835847757667,0.8557952781635295,0.04715185632313367,0.0042223991355600605,0.0,0.0,0.0,0.018372048628992145,0.0,0.9240353856944026,0.0,0.0,0.0,0.04433566054022911,0.05817425178762582,0.3767591771802328,0.7925544514143569,0.0,0.0,0.0,0.0,0.0,0.0,0.7899188610483434,0.09198447719296349,0.032591695792687135,0.0,0.0,0.0,0.0,0.9276499717976338,0.0,0.006474830534748198,0.02064156357145973,0.10984613102968366,0.06025438099413985,0.07255692064551816,0.8240197403606225,0.019300478882705294,0.0,0.0,0.0,0.0,0.0,0.8515977138029159,0.07350376891147074,0.0,0.0,0.0,0.026005993468077124,0.0,0.0535379982152711,0.167640439186232,0.012472668822477257,0.0,0.0,0.0,0.07730190836607259,0.0,7.0
0.0,0.0545327393734844,0.029494569068209193,0.0,0.0,0.0,0.0,0.0,0.20474297192496071,0.03135830285597648,0.0,0.0,0.12368710697894968,0.03280284200892093,0.0,0.0,0.0,0.0284767384810682,0.670208556951141,0.7799863443298279,0.9502092342701906,0.8185560568584187,0.0,0.0,0.037222156162152256,0.9955288936685575,0.0940255302738362,0.051913888493696825,0.0,0.0619898491588384,0.780600801465215,0.002330441477827101,0.0,0.0,0.8987663087662414,0.9911405603270941,1.0,0.8946021008239912,0.8761579874779731,0.050742788727792344,0.05311815999658481,0.003974972805642098,0.0014531588591809174,0.0,0.056293561160393524,0.03872130440909875,0.9634386772172276,0.0027225571223897923,0.0179265246729547,0.0,0.002134624364254999,0.033770842668771714,0.00011273308897993661,0.0,0.8919336930180931,0.019542773236791253,0.013346250306036693,0.006113883542862367,0.0,0.0,0.0029545740879727465,0.051717610201056086,0.04962270842753748,0.03135088501698082,9.0
0.13170128364322184,0.024829922703768454,0.0030252515115502766,0.04825227681855216,0.0,0.041046855338454626,0.0020990698194478506,0.034297425014872165,0.02577630636814778,0.03860111918079887,0.8729981988803878,0.9119277623917545,0.9430126712812338,0.8682597646805703,0.0,0.0,0.14303312166381776,0.0,0.0,0.027084576677617406,0.0,0.0,0.7364353011681241,0.1017052670231296,0.0,0.002224732246588199,0.0,0.017063679845389125,0.0,0.9652456012042223,0.07200014827463144,0.2561946739902222,0.0,0.020607724100181305,0.014846761002901047,0.0,0.7111379760504092,0.0,0.0,0.03719390215135363,0.0,0.0033055988621385336,0.004406130019300513,0.8008300298155421,0.01686030584588344,0.010109856260531557,0.0,0.014359979524998963,0.0,0.0,0.6873027429583944,1.0,0.8062563011984902,0.7973151118610362,0.846882917500621,0.0,0.0007228077184111715,0.0,0.0,0.0,0.08486441148211679,0.013375158984001934,0.0,0.013454141146209651,2.0
0.0,0.0,0.029313925143408394,0.0,0.057586421292444415,0.0,0.0,0.027523206343337665,0.03685702511452869,0.02225458939166685,0.019368339240098863,0.01326317411912807,0.0,0.0,0.0,0.017860867652754128,0.0,0.0,0.7830090799662078,0.7366013238216869,1.0,0.8529079211977624,0.0,0.0,0.0,0.8268012426951532,0.04496290016078545,0.0,0.030220498922366536,0.021639751228573038,0.9473553360550419,0.0,0.014611413927689252,0.020379960226577964,0.7366843706644497,0.7879144333476555,0.8283907937389817,0.757372618109766,0.047477765199523354,0.0,0.0,0.7722951667040109,0.03010233767891045,0.0,0.07123280597247533,0.04750757122351934,0.9615139633467861,0.037892053027180225,0.04147730010649644,0.9464181764372702,0.10934434770311703,0.006917606460167278,0.0,0.0,0.8594814986016657,0.0,0.09259681336496668,0.22437138847544744,0.9168610764038168,1.0,0.8476834314280569,0.740549582323175,0.0,0.0,8.0
0.0,0.9595968800053549,0.017972540882675223,0.010412601169845723,0.05925146829155742,0.0,0.03291304645862283,0.07523713969837272,0.04918429584260657,0.9108502228025348,0.0,0.1855998939955903,0.06872186255399881,0.0,0.0,0.0,0.04174273968448089,0.796131807411786,0.0,0.06698306178841089,0.005372235047420597,0.0,0.915854109562082,0.0,0.0,0.9943061849126509,0.832088121458664,0.8543663813323747,0.9273923980844259,0.9608975030674987,0.8149184336826722,0.05252269820224566,0.08204455048743307,0.0,0.0024346406918996874,0.010395050805449918,0.04136145371841034,0.09891297744623223,0.9000477998589177,0.0869433224556771,0.0,0.0,0.09957382141486579,0.01311351887541199,0.03997757480789732,0.0015166872968083367,0.7955876837959844,0.0,0.0,0.0,0.02522045574094834,0.01212222365413567,0.03178840957495601,0.03544370868171821,0.7861866005680697,0.0,0.0,0.03833056662636059,0.05087498864848164,0.02656821949269447,0.0,0.0,0.08074189136576654,0.021220073507966526,4.0
0.0,0.0,0.0,0.08946986641385782,0.0,0.08586107826869642,0.012077187959539121,0.05880061769403227,0.0,0.0066298978461843405,0.8772599288715234,0.8238215211597807,0.7494680036979694,0.7955656398750028,0.0,0.0,0.058678649438532265,0.0,0.8598697498384136,0.09537602937097854,0.0009237571842318776,0.0,0.03571767413336345,0.0,0.08321091679791522,0.0,0.7659016214560945,0.8928171649353498,0.732371297469385,0.9477881605814381,0.0,0.15998122740730422,0.0,0.025413615486470066,0.0,0.0,0.018990250390248542,0.0,0.9836187461013097,0.0,0.0,0.014819806323079679,0.1007085819170697,0.013384016845082556,0.014918535132758266,0.0,1.0,0.0,0.0,0.0,0.8361896409101331,0.9454014686178844,1.0,0.9679524702292092,0.0,0.06635249648278693,0.0,0.0,0.0,0.0,0.0038721394263131212,0.0,0.0,0.08730134540122447,5.0
0.0,0.06875252080085577,0.2797388249874192,0.030133440906744753,0.0,0.029071469211178105,0.041030815250688885,0.0,0.0,0.029966664430631687,0.0566567242630056,0.03174756272279778,0.07916592142181325,0.0,0.15110131744989552,0.0,0.0,0.0,0.8561839562161457,1.0,0.8026413153365386,0.9656596639063927,0.0,0.0,0.0,0.8921068666310739,0.0,0.033485863243163445,0.00809133064350096,0.0,0.9691756385425571,0.0,0.0,0.8337400692323795,0.051736705188394294,0.05496090281194798,0.0,0.0,0.7982553821954714,0.0007112799161943554,0.0,0.9472627361275673,0.038247041986700175,0.059534599424941416,0.102714394142919,0.07329167613599316,0.8331391439630572,0.15038001683032054,0.0,0.8432912290533859,0.0,0.0,0.012651120369364239,0.01545418660618228,0.9373673118962496,0.028947289750630135,0.16105236214802024,0.0,0.9822545569168902,0.8918571809338282,0.8074465206768677,0.9535444860341513,0.0,0.0,0.0
0.042893354980659965,0.0,0.0,0.15097359802801363,0.0,0.0038227788101740812,0.0,0.0,0.017505061818413624,0.09711391584644509,0.06036801487532354,0.021265929643410564,0.0038984577135880217,0.012533253068427834,0.08995550372944212,0.0,0.0,0.0,0.9182563945599629,0.9103485065149592,0.7564177457421213,0.9778235763681571,0.034820266687933886,0.0,0.0,1.0,0.0,0.23815927430646658,0.0,0.0,0.055727342060900215,0.003761974479389263,0.0,0.9609844526618926,0.786482950382449,0.80189439927541,0.8418237751838252,0.8149399582961839,0.0,0.01832500111411531,0.01297000753408924,0.8467342413422477,0.0075208330934287485,0.0,0.06753713022175242,0.01987634227185915,0.9480703599862033,0.0,0.00820237614888476,0.8231256206579138,0.04070711221925391,0.0,0.014975238323045953,0.07338082520557232,0.8443777333601792,0.0,0.0,0.0,0.8880603711211686,0.8949874114429396,0.6942282229228497,0.9532895232463893,0.014332342658904497,0.0,6.0
0.0,0.05169027130899778,0.024030564470289353,0.02041292154126054,0.000890447816720435,0.0,0.003169760566844589,0.0406288461550116,0.0,0.0,0.06531009573392381,0.035552958796121935,0.0,0.0005929706675082346,0.0,0.0,0.05971762033169268,0.02816206728410733,0.6897975654069111,0.8763859613697474,0.974806628750861,0.9561029226948571,0.0722942974337417,0.0,0.0,0.9258698412811098,0.0732477400534865,0.02816301215841262,0.06339130194768591,0.0,1.0,0.0,0.0771879944930769,0.7313463463236995,0.0,0.0,0.0,0.002974413656530246,0.816598261669934,0.0,0.1083887088766842,0.9271659219049329,0.022190535081741472,0.031771338309605976,0.0,0.005302869446289601,1.0,0.09557922878593338,0.0016099916179350277,1.0,0.0,0.012717151088726841,0.0,0.0,1.0,0.0,0.0,0.031844694143544905,0.8614512493983087,0.792853901122395,0.8109072451609016,0.8008122099433449,0.0,0.006097683009381754,0.0
0.0,0.0,0.0,0.0,0.09525497565165417,0.0,0.03825580406598793,0.0,0.014618144646836232,0.045960131881119484,0.8824503384963859,0.7115702220047395,0.9531498898949052,0.8808423986930416,0.06982333945566678,0.0,0.0,0.04855908198325534,0.7887715782290159,0.0,0.304702838096805,0.0,0.0,0.0,0.070641096541288,0.0,0.736082416002706,0.7814498816996208,0.8903210323756406,0.7798470680960592,0.00238051014800727,0.00862428783980494,0.05126444486099614,0.095367984445995,0.03536853104539568,0.0039730845702422735,0.0,0.0,0.9160570314448333,0.0,0.0329234650569234,0.0,0.23161269399261086,0.0,0.03856679618310905,0.0,1.0,0.0,0.0,0.005108941467651798,0.9593549234129242,0.7061282488767381,0.7365692671636525,0.9186974941444663,0.15010158945689217,0.0,0.035514074502233296,0.0,0.0,0.0006503972321162961,0.001335323514723584,0.03809318462716666,0.018221943333737552,0.017695385522929968,5.0
0.0,0.0,0.04133046154267928,0.007069074095834588,0.0,0.007932730763276519,0.008634852971114314,0.029124352775292087,0.06152684013679847,0.0,0.0,0.02598280755315965,0.03672394584575875,0.016791119435918014,0.23797826689833781,0.011069145972192844,0.0,0.0,0.9136962876307979,0.7865576852700583,0.8305692509803819,0.8585815786684413,0.0,0.017597459210861192,0.0,0.9476413346306772,0.015578467554737864,0.0721874081270591,0.014106232296382701,0.16702717245943352,0.8476522935722013,0.0,0.0,0.0029049126381999295,0.7545973459374694,0.6900176623104269,0.9238047215648916,0.8623733349964651,0.6637706566749615,0.043700356177680894,0.023280795234862234,0.03855105555123642,0.0,0.022483730626161668,0.0,0.0,0.7725849496729082,0.060454191232220414,0.0,0.03602296896414154,0.0,0.15902519297952758,0.0,0.059375931688733986,0.8579411164425793,0.0,0.00801173748755305,0.0,0.0,0.0001530023555900749,0.0,0.0,0.07761603755554196,0.0,9.0
0.0,0.05934921651251042,0.0,0.07081458415858007,0.054207427112330286,0.07518308728647849,0.0,0.0,0.02437097772218976,0.09691802494884433,0.9369874941648625,1.0,0.9345061969790347,0.8258861501829643,0.02167153886358998,0.0,0.0,0.0,1.0,0.02976525502743245,0.015239636417495303,0.07588607666146163,0.0,0.005138268831915673,0.0,0.0,0.801044491612973,0.8673589575862521,0.6975350895726522,0.7613508302237351,0.0,0.011131281745994303,0.0,0.01657861391705386,0.0,0.0,0.01654857473640776,0.0,0.9513697073300853,0.0,0.020632825102743724,0.0,0.028873772847190827,0.022127362780390947,0.05209655039189587,0.024935034921756777,0.8068952388400604,0.04507035774099866,0.0,0.05563077232395838,0.9116997375899689,0.682259847974814,0.8698736603741207,0.9828579402042067,0.0,0.0,0.0,0.2129095511619751,0.0945735086275451,0.015938109939630535,0.047362419788061966,0.008851132856939706,0.10657913812946133,0.0,5.0
0.02510496410592047,0.0,0.11160000589366573,0.0,0.0,0.16353666138256617,0.003959232538709819,0.007792627804410548,0.09806687786708644,0.01003977511714796,0.0,0.020253581109622273,0.0,0.0,0.11371920837228165,0.033653226855835015,0.0235582329342825,0.0,0.9278960744049297,0.9697817289796041,0.6587866066355174,0.9498473664291994,0.00404334576590354,0.0,0.0,0.7861875227978654,0.0,0.0,0.0,0.26574275718769347,0.942036969490341,0.024268661691734875,0.0,0.0917944515567855,0.9390523782243649,0.970206364002794,0.9463763663575114,0.6927025643073966,0.07935842398811381,0.0,0.014776133166854201,0.8298239546602538,0.0,0.033358530247149985,0.0,0.0,0.7199998597422373,0.026814499530715376,0.02087339427185292,0.7576614703645163,0.0019891706344925585,0.05165382737102464,0.08501822310699989,0.06107702090640307,1.0,0.0,0.0,0.020769746510200866,0.7988327899343602,0.7488861029987558,0.9465757031218861,1.0,0.08128078092371616,0.019745045382003085,8.0
0.0,0.0,0.03563841941170794,0.004192954569153412,0.09304119943559282,0.0,0.0,0.0,0.08715621725356364,0.0,0.0,0.0,0.0,0.10466656870905428,0.01433162674820892,0.0,0.0761787925314289,0.023368426303098194,0.8195857149734218,0.9517476272930081,0.9611648942403915,0.6892823642676495,0.05178272500806043,0.015533731804866278,0.0022810121117225277,0.7040161787773167,0.0,0.13507119446830984,0.0,0.0,0.9181166866578113,0.0,0.0,0.0,0.8242213404124098,0.8879427662836417,0.8904861860350488,0.6430486921316456,0.0,0.06494453156820744,0.0,0.9239447839578446,0.0037943806358766356,0.0,4.444890404539763e-06,0.0,0.8868338337453816,0.022899368656919508,0.0,0.7904071326875312,0.029076764435147673,0.0,0.0,0.008160541520220341,0.8344269834955618,0.0,0.044856210754375195,0.07038188256075863,0.8371559862752534,0.8062653803772615,0.7837507681711483,0.9724202002315536,0.03462622064777955,0.0020322252899872702,8.0
0.0,0.0,0.01726200375965863,0.0,0.0,0.041778791062921185,0.008299192764186362,0.0,0.0,0.0,0.8970684988511418,0.9572730546274619,0.7651614739481472,0.8933846529638554,0.05359066039163046,0.06424913870616358,0.03116259020564819,0.0,0.0,0.07915292488506466,0.0,0.1820256707843814,0.9695995460164957,0.07538233610510534,0.19137305098302362,0.056931319052768395,0.09673304242315367,0.07904480718632778,0.8175398987108065,1.0,1.0,0.0,0.04444217251250651,0.07246334559361554,0.05525696774359118,0.0,0.08668750868274157,0.03427648440555589,1.0,0.0,0.05865977904426635,0.08871975027473965,0.07046597698665114,0.0,0.0,0.0,0.9216999665611302,0.040003614370956175,0.0,0.0,0.8184614398891532,0.9028019706742132,0.6921585246152957,0.9545797782195918,0.07184393516428407,0.0,0.00724025074270763,0.0,0.0,0.024610611544075046,0.06841469107862862,0.0,0.037108774581544095,0.022927308577042577,3.0
0.032045234265479394,0.20305826568364532,0.0,0.0,0.0,0.0,0.04439280422666515,0.010526052806033357,0.0,0.0,0.0,0.03431624878502398,0.00840609626572853,0.0,0.0035734837861218973,0.0864970082122304,0.0,0.02857063202407495,0.9291780445320952,1.0,0.7307686284662321,0.7515080331661448,0.05456826090038012,0.04957158290208401,0.0,0.6809000247745675,0.0,0.0,0.0,0.0,0.8811459946917974,0.0,0.0,0.008479174603750578,0.8408221190672123,0.9589722231889606,0.9783119396290823,0.6932419392118646,0.9980969189887698,0.0,0.05213215706462344,0.0,0.0,0.0,0.05564583610668125,0.07264554147160293,0.8452051284179782,0.0,0.03764177064339251,0.0,0.0,0.016903179064068987,0.0,0.029733188358307662,0.7589367318208395,0.01312206200223984,0.0,0.057102741497092095,0.020972480609028607,0.0,0.0,0.0,0.07135968885301115,0.0,9.0
0.011577490679189038,0.02341956919279918,0.0,0.010495073660217754,0.047775929081930665,0.0,0.01818917404738885,0.0,0.019931959545526033,0.0,0.0,0.0,0.0,0.06068889309939224,0.032419914674941756,0.001183438114260485,0.0,0.09682643911231566,0.9856204417209783,0.9309292908035939,0.804022334447713,0.7755847285918559,0.04410745278348479,0.0,0.0,0.985618723830527,0.0,0.07735312284736745,0.02528083045855131,0.0,0.7026830707730328,0.03561305049508314,0.016551239152562344,0.00677889871066798,0.8157514896743373,0.8068962538506542,0.8295772851302162,0.7667239186419098,0.0,0.047734337036119706,0.05066469620263057,0.8522056860013667,0.23585391356724844,0.0,0.009087292964640692,0.0,0.9431512360930526,0.0,0.0,0.775666931422955,0.0,0.023312292406677555,0.0,0.023852454144064263,0.8374286074290973,0.0,0.027408179936325845,0.0,0.830334821827943,0.7280128817361524,0.9413813661465192,0.6524210464590506,0.0592671385514521,0.025067895421239952,8.0
0.0,0.02273133590602608,0.00639615714411404,0.04392366360194881,0.0,0.0,0.0,0.07726953222433476,0.0,0.0,0.8149764275717652,0.7434082834917007,0.9314144545629647,0.8967787480624074,0.0,0.08515788582804507,0.0,0.3389805483945262,0.0,0.0,0.0036630191910214417,0.03539919632240462,0.7847374640442056,0.019733546697443722,0.08097340764084122,0.048457974431969905,0.20283462349485162,0.01146266290597163,0.9041168396903244,0.8380530709540038,0.8059871752919102,0.011979820428602392,0.0,0.017348454147043134,0.001296220172514283,0.0,0.0057052121539413435,0.0,0.8913213567216025,0.0,0.02701935966156241,0.0,0.04435577193062744,0.08149998133840436,0.00022315412544202443,0.0,0.704855986648276,0.0,0.030673096028157126,0.0074695035264761706,0.700690012951851,0.7183894305857172,1.0,0.8812293663906057,0.0,0.0,0.12141221450210515,0.04837203603688051,0.0,0.018552238978058827,0.0,0.029918832514369522,0.043994756427873,0.0,3.0
0.0,0.016823407882119615,0.023617064601773367,0.017770159212780873,0.0,0.006762897537489996,0.0,0.0,0.0,0.2514124959384507,0.013373257788404404,0.07934503486068907,0.05833857092667754,0.0,0.0,0.003406828805406883,0.0,0.0,0.7224486187092942,1.0,0.8103766475497916,0.8746231127355546,0.019731358289136587,0.06619626403961272,0.008910065311489608,0.6929741595154988,0.056912664146741704,0.0,0.0,0.18277353127929252,0.7759794680329823,0.01710888607928412,0.007279541765864724,0.0,0.78573263827897,0.8854956789108542,0.8896467632129774,0.907884388881925,0.7910518746455186,0.04985051001021182,0.04459785877425193,0.0,0.06176021116599737,0.0,0.0,0.0,0.9523350715431375,0.09995077365878627,0.0,0.017518263507333303,0.06789952196495287,0.02669910652817536,0.05750699902515605,0.11247297133615244,0.7737191045407086,0.047783719624853255,0.0,0.007859088360321924,0.0,0.0,0.027801599829087205,0.0,0.0,0.0219328744608149,9.0
0.0006347312964285484,1.0,1.0,0.8166493242736051,0.7434731205700981,0.746942914860197,0.7839553750524992,0.0,0.020798875342439176,0.047577023482725245,0.03134818577251242,0.02358198864492704,0.04981715589078603,0.029312271683304487,0.7261828207483059,0.0,0.0,0.0,0.0,0.02068911681146754,0.040393852793392714,1.0,0.024490042525907897,0.030283719825871726,0.15503962786611752,0.015154018071722161,0.0,0.08687518531070032,0.951932830752773,0.0,0.0,0.10106411045655948,0.0015887841194568695,0.0323398091930985,0.24843916435392865,0.8878262779974578,0.0,0.0,0.0,0.0003794405450280765,0.0,0.029200361875373882,0.8352581312143178,0.062412418898676686,0.0,0.0,0.0,0.05036880263886172,0.020311933597094364,0.7117541753163249,0.0328063640352974,0.04887148532900909,0.0,0.06738826336068347,0.0,0.0,0.0,0.05630042660036147,0.09226593632440291,0.0,0.071137459556729,0.012990642138153478,0.0,0.016553245551983932,7.0
0.01747853199387071,0.93507450994307,0.0,0.06626944230034726,0.1017780264342912,0.0,0.0,0.02548714258136477,0.0027421423170313694,0.7280700496207266,0.0,0.0,0.0,0.0,0.08488093879721172,0.0,0.04384828464856302,0.7443827011680351,0.05122183769495482,0.033287463264444025,0.0,0.03376156228646673,0.895981519585436,0.0724154776781993,0.0,0.9824480552862966,0.9165374013484844,0.9031902114462166,0.8695357748997123,0.7742186218558124,0.8222240487272395,0.07017092165638535,0.0,0.08213711569914978,0.011187841777851943,0.032962808904762005,0.0,0.006853196619965751,0.813256305025347,0.2621195712076404,0.02840511366172272,0.030190267604685968,0.023813131836532657,0.0,0.0,0.0,0.6333250850461829,0.003170004037825699,0.0,0.0,0.01468594993386449,0.011460696152287444,0.21361310776426004,0.0,0.952674512007134,0.0,0.0,0.0,0.044465752783390974,0.0,0.0,0.04641183195082455,0.0,0.0,4.0
0.017692869760645925,0.0,0.0,0.03154613806090331,0.0,0.10055649695441758,0.004908753033271071,0.0,0.0,0.03895926565594347,0.04760872116686692,0.0,0.0,0.0,0.009879449842373102,0.07517070555339642,0.10109368277634125,0.04970493249974505,0.7662026019166649,0.8643875562591483,1.0,1.0,0.0,0.0,0.0,0.6916024245825121,0.0,0.0053876588350617455,0.0,0.09340804556126682,1.0,0.00442135481591247,0.0,0.03170544258975309,0.8776623193268861,0.7519689560650991,0.6588492982649836,0.7081497594527333,0.8610829426031169,0.0529434275731697,0.0,0.006260141328481935,0.0,0.012125784879481245,0.0,0.012514604128374915,0.956896962637361,0.028404936655051557,0.03170892539252213,0.02320367946112505,0.013754507982478582,0.01834202242457085,0.06080395794707705,0.0,0.8156205267525056,0.0,0.0014390169045492853,0.0,0.004793730511202052,0.03548214071102354,0.0038747725596115067,0.0,0.08007624572697553,0.0,9.0
0.09618140439134215,0.04072382437916135,0.03116882210693686,0.10083968198379055,0.0009499134464231404,0.2120598637311536,0.0,0.0,0.010553139695910763,0.01389048344962765,0.0,0.06753517599681713,0.0,0.0,0.028445948447405413,0.0,0.0,0.0,0.7922546062598417,0.7403438126233081,0.9015944201317406,0.7477734504422773,0.0,0.005473214224251709,0.0,0.7396085899346834,0.0,0.033094745977777916,0.01092009838583273,0.04456236917236826,0.8822380816634815,0.05055797651045788,0.0,1.0,0.04023441402592107,0.04275668535782414,0.0,0.02159631236217688,0.851243089419693,0.0,0.0,1.0,0.05068347039528931,0.12269800220469947,0.0,0.05084312675404341,0.6924476423241847,0.0036951801017479514,0.06664927687786847,0.7716359192470876,0.008983341787621958,0.008932676276736192,0.037928307429638736,0.0,0.8204321299487899,0.316108763603816,0.0015582190543765753,0.0,0.7875575493466089,0.745849462529893,0.7261787706815753,0.7742993246851071,8.004872870904737e-05,0.05202293839148077,0.0
0.0,0.7612826964369658,0.7239827818959438,0.7132469211754957,0.9534510352459609,0.8554346926443392,0.7338576349196618,0.0,0.0,0.0,0.06263875124462041,0.0,0.23484642240602824,0.03083264178888195,0.9555559292062719,0.024159432167914288,0.018611366059003442,0.0331572946549426,0.0,0.0,0.0,0.6997381371290089,0.0,0.03680226398575504,0.0,0.04310824583371309,0.27874347790673387,0.0,0.7798339557338241,0.0,0.0,0.0,0.0,0.07359386881134049,0.0,0.9471144966681092,0.04136717539038795,0.0,0.0004089370712404955,0.0,0.0,0.07308153808668384,0.9264110118021578,0.0005441712725976864,0.00435422922134554,0.0,0.036486153080626686,0.044545846839770996,0.036627065796466914,0.9311564917866935,0.013016771274292958,0.028421945123896165,0.16168065151401298,0.0,0.0,0.01863600712065188,0.042611288195835706,0.0,0.0,0.0,0.02914128669726611,0.0,0.05391020779362182,0.06527415236456469,7.0
0.17501372328410839,0.0,0.0,0.00816531115875274,0.05080062333364212,0.0,0.0,0.0759283470982199,0.02244077064319706,0.04051110651537855,0.8617845987368677,0.8695270118620892,1.0,0.9035830249181447,0.04490654170184763,0.021558041083164656,0.07987972082354973,0.10328039008413183,0.0,0.0,0.05524359449223867,0.050933273870284616,0.836753213094926,0.0,0.10162136366830382,0.0,0.02120627621233725,0.04745957332825035,0.03110601109252858,0.9147595361184386,0.0,0.0,0.012587213781603622,0.0,0.0,0.0,0.8324874001786308,0.29222273986714153,0.04000993950234078,0.006860205437782818,0.0,0.0,0.03757360129110389,0.7551867339400309,0.0,0.0501672543668266,0.014415775850497243,0.0,0.0,0.0,0.9969917606843857,0.74524398818654,0.773058087503356,1.0,0.6819453286537064,0.0,0.0,0.04513745756240544,0.03144171559809598,0.0,0.05034273632963119,0.0,0.0,0.0,2.0
0.0,0.8509108670182501,0.0,0.0,0.0,0.0,0.07094531506899993,0.02388965773499272,0.0,0.8728112723519199,0.0,0.0,0.0,0.06320977523907825,0.0,0.0,0.0955180988895501,0.8235366930371804,0.0,0.0,0.025332344617566956,0.04337152895572821,0.7802533036222018,0.03295897478673684,0.035979359675323196,0.7571596137738559,0.784047289662857,0.7970348695454446,0.7811456548554572,0.8748870555337587,0.6665930402159206,0.0,0.0046582773824632535,0.0,0.08780614083786853,0.09272099738728949,0.0,0.04575644688047314,0.6304253368377695,0.0,0.2714579103171574,0.0,0.0,0.0,0.29236073219017417,0.09055653861307172,0.7532093547600998,0.03262559315763223,0.011469355643560233,0.031803847498650444,0.0,0.0,0.0,0.009161312274915704,0.7854625905903181,0.0,0.0,0.049632109580620344,0.07572366186727844,0.0,0.0037698392876253555,0.021317784378883514,0.0,0.09514330719634485,4.0
0.0,0.0,0.0,0.0,0.004212535503749924,0.008066696205948437,0.0,0.0,0.0,0.0,0.0761104881337064,0.01466865770244901,0.0,0.05043313432097118,0.09445406513715487,0.35525706039588434,0.0,0.0,1.0,0.8971414807677635,0.8555215429692945,0.8224327552977049,0.0,0.013886909675597709,0.0,0.915241743776891,0.005386143472185792,0.0,0.049105406471892474,0.0,0.8919070855064904,0.0,0.0,0.0,0.9110561812905373,0.9334859445264385,1.0,0.7056544217337347,0.0,0.09446121660076556,0.016154096377923154,0.7267405418674708,0.029357638560358175,0.0,0.0,0.0,0.8207265450993044,0.007310490063476728,0.0,0.9241845371892825,0.0,0.09477314209998634,0.0119187772559411,0.07445569043066452,0.7810938878043556,0.0,0.017842861860679342,0.026175424414688134,0.8464478281696657,0.6766279645925162,0.7543937562741314,0.868723466664266,0.0,0.0,8.0
0.0,0.0,0.0,0.030295262643260563,0.0,0.03221962579888049,0.0,0.03168347172704447,0.0,0.0,0.0,0.035141797518301605,0.06725119503458891,0.06223228304699592,0.0,0.0,0.0,0.0,0.8249950339259656,0.9228078704148499,0.8219443257951049,0.9417423443078299,0.009090689644504052,0.0,0.006911841672630451,0.9543376611344752,0.016435583082526326,0.0,0.015767177375279422,0.0,0.8270389048596836,0.013304349172387762,0.0,0.7437169455387062,0.0,0.2936352169804042,0.0,0.0,0.9831264351934299,0.10208678975999151,0.023611744934039853,0.7705530090301468,0.0,0.011403408172179538,0.0,0.09319122751073043,0.8687435937331845,0.06065669534368043,0.0,0.7591666763546603,0.016213168149536394,0.0,0.08637834399288603,0.038131044601164996,0.8999734317098497,0.0,0.0,0.0,0.7499918542896008,0.6691222066748435,0.9166807800317407,0.9462230643445566,0.0,0.03146303354934749,0.0
0.011765734616153017,0.07929638099677871,0.040863895940268284,0.0026820344274955904,0.0,0.011635678962009921,0.023027481050433143,0.03796804564406367,0.0,0.0,0.8162843607787597,0.7706598801004333,0.9141525641327319,0.7494037985588662,0.0,0.0035341222350326017,0.0,0.0,0.0029080593428574475,0.0,0.0,0.0,0.8440601513575194,0.03158400388933395,0.010784340907358915,0.08630070978135586,0.0009498775487849647,0.0,0.06279049749411378,0.8696078379816072,0.02075979647369203,0.0,0.0,0.06496957741622265,0.0,0.0005162698704443044,0.9508869432228112,0.0,0.0,0.03726095003882637,0.07061671023216108,0.0,0.02020543119634324,0.8741506818412286,0.033692498673688745,0.042092508310592455,0.0,0.0,0.08165145831839314,0.016099910052321382,0.869487992874408,0.9899196209767807,0.935343135126288,0.8878191714463582,0.751413020485302,0.021744429178208444,0.0,0.1757179111059666,0.07636560782597406,0.0660320766804624,0.03956298017793059,0.0,0.1579274891455893,0.027887987401506494,2.0
0.03527598574221195,0.02326314258810545,0.04058793912609828,0.0,0.0,0.04994478097488183,0.07789252440214316,0.0,0.00024923810033814083,0.08702079305911997,0.027197761714385482,0.07289836997498204,0.03644836102023897,0.004569806006785289,0.06723844269701963,0.16926739634692844,0.0,0.0392799914325325,0.7299852635852286,0.9701948019078551,0.7880275566735601,0.9205439989149716,0.027344601579051525,0.07195909981259466,0.028592349168694138,0.8414922525327836,0.10399203860470338,0.0,0.0,0.0,0.9002754586532874,0.0,0.0,0.0,0.7536609751906309,0.7219443383249643,0.8727057496461871,1.0,0.7686833060766,0.03495507211279172,0.0,0.0,0.03151834903396846,0.0,0.026877867107095218,0.0,0.7841176425183476,0.0,0.000978953258617336,0.0,0.04747219712244699,0.0,0.029989305381775307,0.003193674243347552,0.9073717018743467,0.05280716476035178,0.013484398942787752,0.06787073305263817,0.05725530866862695,0.05429068487237998,0.027440560514319673,0.07299824580585491,0.0,0.0,9.0
0.0034339181789846984,0.05739146305480927,0.05093910076861352,0.0,0.0,0.0,0.0,0.0,0.0,0.0,0.8941988646385773,0.9949609154826189,0.7447921592168874,0.909159549426414,0.0,0.0,0.0,0.05719565854908055,0.07241646327553564,0.0,0.044573019202049695,0.0,0.6142308198891373,0.04330350658018116,0.0,0.0,0.0,0.08988449171889851,0.05855974761045819,0.9282163764919008,0.04504896536592358,0.06336210899357554,0.0,0.0,0.011446218667173812,0.025415014610473904,0.918367643323944,0.0,0.020792197965990866,0.12515590264105758,0.036731943660852064,0.0,0.010518536718172829,0.7338911876336911,0.0,0.01592232243023622,0.024290957150714148,0.0,0.007947560652864718,0.029678752778241786,1.0,0.948014506718881,0.7791091473599268,0.8118418113474106,0.8924951330195878,0.14185822335951812,0.0,0.13380753820675886,0.07320704750201128,0.1395893462556372,0.06709598849940603,0.005582530406478262,0.0663416292726169,0.01846708677938893,2.0
0.0,0.0,0.0,0.0,0.041140044341633375,0.0,0.06359423951577457,0.0,0.0,0.0,0.0,0.0,0.0,0.0,0.0,0.011250380738169639,0.0,0.0,1.0,0.6591098385363734,0.5663444864808779,0.8354452711630148,0.0,0.011007501530498426,0.0,0.8623953507801896,0.0,0.09530241280937782,0.11716081022506318,0.02212070814848139,0.8903456012485472,0.0,0.08541819725446707,0.026823092537370825,0.9321039776561036,0.8839081411701291,0.6913486263789085,1.0,0.03053144669566121,0.0,0.06636184188943467,1.0,0.0,0.018825442504917647,0.0,0.0,0.7107275226529399,0.018299757712428394,0.01380915094367754,1.0,0.0,0.0,0.006830176663444067,0.0,0.8000809253704071,0.0,0.0,0.0,0.833057460373931,1.0,0.8093584053421238,0.7389861836606297,0.29798094740388886,0.011246728480279838,8.0
0.000367197013117742,0.0,0.01102029806359458,0.0,0.02130417155113468,0.0,0.018887769990221237,0.006683181989742406,0.0,0.0,0.0,0.30630634205294616,0.03212756207692408,0.01792026467202192,0.03001885109642919,0.07954362459970896,0.0,0.0,0.9715432906749935,1.0,0.9744284282415672,0.7430806412977509,0.0,0.0,0.01193113186134939,0.9076697247016633,0.0,0.049461034005292594,0.1488500593052109,0.02651277104906076,0.9922451460509338,0.0,0.02132296529501047,0.0,0.8905892993608614,0.8157118827626613,0.7777246676815689,0.8659631353130474,0.8739820958076517,0.02081350220110185,0.06083501919765858,0.0,0.009601439112534095,0.0,0.003924137317693225,0.017527651138442114,0.890083076063964,0.05613373186583262,0.057268994134146295,0.04452846204816855,0.0,0.0,0.0638689170335946,0.029193265883526272,0.6736837894374236,0.0,0.0,0.0,0.0,0.0,0.2571154386887937,0.0,0.0,0.0,9.0
0.1324442644799893,0.0,0.0,0.06613424820334866,0.03414035764865082,0.06522403317441054,0.02396738254904749,0.0,0.0,0.1003350167390239,0.14352942056403237,0.04862116550875292,0.0,0.0,0.009750855628357783,0.0,0.0,0.0,0.7599897020916345,1.0,0.7343917778281845,0.6570864398443023,0.0,0.0879240661014983,0.0,0.7541458337425491,0.0607083403940577,0.0,0.0,0.0,0.06711874275759107,0.0,0.0,0.8228497421125524,0.8079075133337089,0.7686706692168601,0.9690978486351276,0.7425717497888611,0.0,0.005374677594607015,0.0,1.0,0.0,0.0,0.0,0.0,0.8824021095674612,0.0,0.011461146873662287,0.7232984994536628,0.0039577655387430756,0.0,0.036504442522185536,0.13976986507100303,0.9559238818091578,0.0028147573051100876,0.0,0.00969484944987419,0.8893362926918492,0.8178667192042156,0.7698176926090055,0.9750127831132398,0.06911063704222403,0.0,6.0
0.0,1.0,0.0,0.020961763996103455,0.0,0.07344639798217595,0.019078805957173563,0.0,0.0,0.8213961531993751,0.02534773454405777,0.0,0.0,0.0,0.014419691445460911,0.0,0.0,0.7970391254213846,0.04178750894520381,0.0,0.0,0.09797081976481685,1.0,0.02010604283300945,0.0,0.6849404972452896,0.8077821630065033,0.725180941288604,0.8826342667693253,0.870982026402681,0.9682033277682385,0.02531092853604197,0.003720987009010312,0.0,0.0,0.12001237748501299,0.020063228792706857,0.004366086185623601,1.0,0.0,0.05205640827972964,0.041691416009844835,0.023409926758148254,0.035123140636016896,0.0,0.0,1.0,0.0,0.0,0.020976605426443713,0.0,0.008552280530621913,0.0,0.05021148167771043,0.9997557886992396,0.06623530614194718,0.0,0.08542359516254495,0.06871020931816127,0.012245614012337647,0.06291455878711895,0.0,0.0,0.0,4.0
0.0,0.19609962576280837,0.0,0.02802067904755097,0.011006531523581362,0.0,0.0017309193724744385,0.029901113947420444,0.006052008870933566,0.0,0.0,0.0,0.0,0.01937594333406693,0.006382920542863818,0.0014045104989754168,0.04083023604279591,0.0,0.7722280230357361,0.8065261711044831,0.9894989960401198,0.7845779489705916,0.0,0.0,0.022137676245651237,0.9891405492354686,0.021669107958522744,0.08103257370865599,0.0,0.001613936064908488,0.6979347872281116,0.002408789791875705,0.0,0.0,0.7621662785744071,0.945237823127454,1.0,0.6525212456895995,0.0,0.0,0.017616834121012715,0.710413664423214,0.0769318013244011,0.0,0.037549876221774414,0.0,0.9187961064026056,0.0,0.04919819284793289,0.9666777697866359,0.2852847792220527,0.08676317910803144,0.0,0.0,0.945824166690279,0.02738899472471959,0.053880074417237724,0.060945184702913394,0.7497133199725196,0.7696942752737058,0.9832753262593614,0.9289233329981763,0.061652080897583464,0.0,8.0
0.0,0.0,0.029684063916715728,0.8981669333430194,0.01770006348759828,0.0,0.04107774577693296,0.01731119620895926,0.0,0.021786603280447063,0.0720419824317725,0.812218621206717,0.11381610318788281,0.12791876388690462,0.02233916684380861,0.0,0.19062658047748426,0.0,0.051085673794498215,0.885948615697728,0.0,0.0035796557984689795,0.0,0.12350527696767642,0.05038226094779415,0.0,0.0888207406429975,0.8145405718659134,0.0,0.018554563226484407,0.0662962573430278,0.011753360569373855,0.07112167543171238,0.10118043612278094,0.020801958209891374,0.869726063862305,0.023560892667275502,0.0,0.030530006119353387,0.12374799412203726,0.10089478571341481,0.0,0.0019797218252807468,0.7163075074967729,0.0,0.0,0.0,0.04261252563526773,0.08275447587388074,0.08817961097358547,0.0,0.9116320332615305,0.0,0.018275022926339275,0.0,0.0,0.0,0.0,0.012154444211374715,0.9272629724592285,0.05390351111296629,0.0,0.0,0.049106396293476434,1.0
0.0,0.0,0.3573590662773647,0.010814559964394123,0.0,0.0,0.07512522365430097,0.016426638260725285,0.011932132610769024,0.0,0.0,0.0,0.025641312699164354,0.1061881641396937,0.0607767739534921,0.027486391134885463,0.0,0.013991247236762589,0.9307738384366481,0.8276007189357547,0.8597495575165032,0.7814451550402228,0.0,0.04271264044123255,0.0,0.7312791709412598,0.018206013412437987,0.019266900566376,0.0,0.028876042041856904,0.8888389521407088,0.03547434154476616,0.1413802179653537,1.0,0.02669313783799733,0.02224561321441647,0.0,0.04029109834257667,0.8847981578071393,0.0,0.0,0.7954902063852338,0.0,0.0,0.05919726870913711,0.06719961806194849,0.8580908381032015,0.04266009970640052,0.0,0.7981882144156374,0.0,0.08405581961749084,0.10217031857111392,0.0,0.9120370016615369,0.05923416471823012,0.0,0.02509537472939572,0.8159780843154771,0.8887820621873106,0.7917060647022294,0.9984064401979565,0.0,0.0,0.0
0.0050798788585050166,0.038163951425215475,0.0008874918124661714,0.0021346986245319847,0.06522210640089689,0.06763215766375107,0.0742423621731733,0.0,0.0,0.0,0.9184163164705098,0.8909176034941194,0.7266168936355932,0.9985191441346932,0.0,0.006510927375975086,0.05872655707360596,0.0,1.0,0.04531893377081207,0.020611811590670083,0.0,0.03833992091153334,0.0,0.015066261919354056,0.051879011529852706,0.9666858578172549,0.7318605372544614,0.8967656867752934,0.848666742908231,0.1546684020830359,0.0,0.0,0.03848497807774761,0.0237831355859376,0.0,0.0,0.0,1.0,0.0,0.0,0.09381171875031641,0.0025147802266073656,0.02750791689046549,0.0043439296296512485,0.08080512075907194,0.9011286031053373,0.0,0.0,0.053269869655641726,0.8000186353459049,0.9493920660123737,0.7986665168709386,0.8404095113169234,0.06479473688419034,0.0,0.006930657971511077,0.006935613290649083,0.0,0.0,0.04453760014241432,0.011496321796492624,0.03276233625306143,0.0,5.0
0.0,0.019736124766226458,0.03426654467434389,0.05284954260970914,0.0,0.0,0.0,0.0552203356172952,0.0,0.0,0.06556625695846764,0.030908504898966245,0.1006967422486099,0.0,0.0,0.0,0.0,0.02448638469953126,0.9426228728845286,0.8324084892500885,0.9541278184175973,0.9156840839421051,0.05392451249598817,0.014296041838597454,0.02894452060867285,1.0,0.01329941641897823,0.0,0.05027597736007137,0.0,0.0032094720931673984,0.0,0.0,0.8765070754006545,1.0,0.9164621154595656,0.7962104640087821,0.7516356486921442,0.0,0.04456584758333435,0.0,0.8266279231050536,0.0,0.0,0.049697042140493336,0.0,0.8076219455973399,0.0,0.0012580442395315168,0.776182677262614,0.05781708707500963,0.0,0.0,0.018947851750319936,0.827291885853841,0.0,0.030594800551244535,0.0,0.797084684413457,0.8976474891889344,0.7546012862125453,0.9395338572927469,0.0,0.07037078919172819,6.0
0.03689867284807157,0.016667292404108226,0.0,0.0,0.0,0.004474344267603181,0.0,0.058077315508642036,0.0,0.0,0.06981031895800394,0.0,0.005365999559261944,0.387979830008897,0.014265868760449343,0.0,0.046048989809643504,0.0,0.9995686790095532,0.7848889022686676,0.8869089959283707,0.8283666883261582,0.024622708147113023,0.07437111218641262,0.0,0.6955252176650496,0.0015124810217473548,0.0,0.002186548243896702,0.051933542896530877,0.8283240966685316,0.009496710013488632,0.16608359164426173,0.7182517148283956,0.020327991416637187,0.0,0.0,0.1600348247553608,0.8380405439387897,0.044356557358018175,0.04882139742981381,0.8673345794496329,0.023923857592447417,0.0,0.05567267388354108,0.033309600241533475,0.840889369545489,0.0,0.026504061170723927,0.7862101542495683,0.025523325866069424,0.0,0.0,0.0066727142381575,0.6586649513676011,0.0,0.0,0.0,0.6927449331920463,0.9449842543890412,0.8643194432219631,0.9510390156071059,0.0,0.0,0.0
4.5915092115268175e-05,0.024620274953260374,0.03504424556753092,0.03415275069754147,0.008337436828329416,0.0,0.06930713946269047,0.00801061355688884,0.045416136462282326,0.03883489854447272,0.8469376784144036,0.8894073472061751,0.6836601027894152,0.8490686123438059,0.028938397120307546,0.0,0.0,0.0,0.7678817888022009,0.14765615317752628,0.0,0.0362966129158594,0.059389543282936386,0.021048111525583783,0.2020775000837119,0.0,0.7014389338292676,0.7303471349130198,0.906100389315786,0.7619581750054351,0.0,0.0,0.028655873428729925,0.10765360154449691,0.0,0.01879175507699473,0.0025638339821402603,0.0,0.7363750267774694,0.0,0.025543167125284445,0.0,0.06641355764256317,0.0,0.018692769979974575,0.03402024436594666,0.884943411698889,0.01789291973075711,0.0,0.0,0.8674016674348407,1.0,0.9634663878939355,0.9248917239652185,0.06302173673805744,0.04908478801454637,0.0,0.0,0.04559829209912451,0.03229834459198052,0.006047087822825144,0.06535922868863996,0.0889440517458694,0.12162548064291259,5.0
0.0,0.0,0.06073681112520664,0.0,0.0,0.047392430322343054,0.0,0.0,0.0,0.06918368273452272,0.6855028519663336,1.0,0.7211527702133721,0.9689533635320804,0.0,0.0,0.09421540483272274,0.03803883272155468,0.0,0.04385879597771539,0.0,0.0,0.9879926937254063,0.05086025194681021,0.0,0.07254209799933357,0.0,0.0,0.7553403445373812,0.7972222683704766,0.9444549673195926,0.011867901478779615,0.0022535376190580335,0.05346623122659944,0.0659372358799467,0.0,0.0876796827470918,0.05075811532325472,0.9183727985089862,0.011424757582363672,0.0,0.0,0.0,0.0937231165351701,0.07122451020007209,0.0,0.9947533448870052,0.028619886249647054,0.007533209176248858,0.0,0.9272712221355511,0.9904239411345716,0.7999079653984267,0.9545748558113881,0.05016715713386896,0.0,0.09037529974322933,0.0,0.0,0.0,0.0,0.0177092232860405,0.0,0.0,3.0
0.013437998920161294,0.8726111633132825,0.010237854363311939,0.0,0.031315103952123675,0.06707940613799385,0.0,0.0,0.0,0.7955011971592147,0.0,0.0,0.03444560077824907,0.03284676570772759,0.0,0.0,0.03324470794808325,0.838354678861001,0.0051850240070834535,0.0,0.022905838187271068,0.03812561925865229,0.7078095137988647,0.0,0.0,0.9698286915338293,0.8315353698360619,1.0,0.9353586769967418,0.895898353907752,1.0,0.0,0.04083258949244144,0.0,0.011840798150814208,0.0,0.02804808273428047,0.06092909259696366,0.7619225702203766,0.0056985681126065545,0.0,0.0,0.028298727758608356,0.0,0.0,0.043591511299549635,0.83951935438524,0.0,0.0,0.023233383522435685,0.0,0.0,0.0,0.0,0.9795340449660093,0.0,0.0,0.09011497717338567,0.0,0.0,0.06461970169873879,0.0,0.0,0.0,4.0
0.0,0.7898509319939585,0.0655642321998088,0.0,0.07969392769213869,0.0,0.01908327705393167,0.0661053343086239,0.032778883157244025,0.9281059878996676,0.0,0.021490835582250636,0.0,0.02951436320217801,0.01689783444729136,0.15545834181199789,0.018569886012899845,0.7940110259259635,0.0,0.0,0.03649281773751789,0.0,0.9815670112046433,0.11803183704576213,0.05794650689398648,0.7480726766444586,0.8129415233356414,0.7258667270768043,0.9293625506225339,0.7608727917066546,1.0,0.0,0.05295101649758236,0.0,0.0,0.0,0.07147883926861241,0.05520020671702286,0.8576043042601583,0.13500779439777416,0.0,0.016278559389783273,0.08178178855999185,0.0,0.06913117966178095,0.0019090481554664388,0.8329235325902692,0.04653985832556756,0.0,0.06946239499816201,0.06941152126650897,0.0035016061050788688,0.0,0.013600283974135183,0.9062154138620643,0.04630447904831139,0.0,0.0,0.004914221219082238,0.045064150545115145,0.0813272495607904,0.031646014139443665,0.04397785190269942,0.0,4.0
0.0,0.0,0.0,0.950594399201007,0.0,0.0,0.0,0.021237141603839868,0.0,0.0170000870639114,0.08404440312615731,0.8031457416844869,0.0,0.00021654717115562368,0.0,0.0,0.029849996389683053,0.0,0.0,1.0,0.19488474462272828,0.0,0.12839883915049252,0.0,0.021895075699209333,0.0,0.0,0.8472622871971933,0.056064898122211104,0.06612279769603349,0.07115663313297005,0.09498319409736794,0.0,0.0,0.0,0.8436556701016331,0.0,0.08910618219965516,0.0,0.0,0.062486074246107894,0.0,0.0,0.90984670372647,0.0,0.0,0.04580929764874927,0.0,0.0,0.04649814532414363,0.0,0.7210691839471535,0.0,0.0,0.004415880480364383,0.0,0.0492014264461041,0.0,0.2669507584007294,0.9434510702990689,0.0,0.0,0.007822312556233163,0.0,1.0
0.02817697855041462,0.0,0.0,0.9658871892327218,0.0,0.0,0.0,0.005478098704847203,0.0,0.004456637616900711,0.014070601173709354,0.7944831675045158,0.0,0.021124381853095245,0.1956302196126306,0.0,0.0,0.005628472809075501,0.0,0.8398632425341568,0.13639655685610982,0.03276697164949376,0.2348514701419885,0.025008534669881777,0.34157681042213117,0.07263633137706871,0.03143663546120824,0.6948423015630679,0.0,0.0,0.0,0.05058845257956686,0.027658866207447976,0.0,0.05109211674741063,0.6516090412821178,0.031264488364362575,0.0,0.0,0.017540013754933477,0.04828685927033754,0.050028037989919276,0.047675572256567746,0.9814878343573068,0.0,0.06336614482022881,0.04624684024281342,0.0,0.0,0.0,0.0,0.7592127581694302,0.0,0.0,0.002682629707299326,0.0,0.0,0.0,0.0,0.722260943641639,0.0007735255375142962,0.07680795042022147,0.023965098775875743,0.0,1.0
0.0,0.055593108795600976,0.039386669557826215,0.8309891463873824,0.0,0.0,0.01439009852479303,0.0038367815066223687,0.0,0.0,0.05648385729033842,0.7625065057629475,0.049505405954148166,0.0,0.0,0.0,0.0,0.04543883028162983,0.0,0.9319163964659956,0.0,0.0,0.004769188344857033,0.0,0.0,0.00978063506972523,0.0,0.8766586135521125,0.0,0.0471483925699298,0.03650343518025999,0.0,0.04327279207917655,0.05783043356280269,0.0,0.8018194406395194,0.0,0.01572950269444565,0.07144003566268207,0.016681425998094815,0.0,0.019428082158592094,0.0,0.6414574189254052,0.0,0.0,0.0,0.002085169788675651,0.0,0.07689698718252305,0.02959846038436913,0.6925108262090283,0.014961562415482736,0.015100918151070872,0.0047205213525622815,0.030250887303632956,0.012844293147384445,0.24038439051837915,0.0,0.7860842921880274,0.0,0.0,0.0,0.0,1.0
0.0,0.0,0.010003059052397772,0.030782787946319803,0.0362553568331432,0.005974329269246108,0.005424333218747608,0.0,0.03881446253838323,0.0,0.7719530073110302,0.9749655177455119,0.7704301486407067,0.779211183968989,0.0554994361613522,0.20286733897333542,0.015640561186890504,0.01645434563988836,0.0,0.008138409310963348,0.05897779586795317,0.07150394405620199,0.696842958404396,0.027198297760528053,0.06962301192251585,0.0,0.0,0.03348123253280739,0.9324225041758529,0.8073899777024013,0.7126675979608372,0.010233353501765713,0.08318884954540316,0.049869736979017754,0.0,0.028639101589133492,0.0,0.0,0.8693165296099352,0.0,0.0,0.017733915109965328,0.04854241957027216,0.007344216713328723,0.044053229337675526,0.023798670976470062,0.7843661118937574,0.009866651087124841,0.11744188964037641,0.027879234366094487,0.8227528945701904,0.8040265139878511,0.7770370349243236,0.9218864813851328,0.0,0.0,0.05109989837084481,0.007696529316847007,0.1686580059813663,0.07873099898104928,0.04174919494122763,0.0,0.0,0.028890508485170788,3.0
0.0,0.0854879749535266,0.10646079305200232,0.0,0.0,0.030433200579331566,0.03902061501658879,0.06557768778763699,0.031235950731941572,0.0,0.06896463704657604,0.0,0.021444484252064622,0.0,0.03745976939916817,0.0,0.0,0.005379665807172829,0.906754451086895,0.795341509312054,0.9731804303906748,0.9406590109414648,0.0,0.012946909967497817,0.0019749944136262837,0.8275691144069118,0.07715285480704705,0.0,0.0,0.0032603541448568197,0.8276466387154928,0.009081346604401923,0.029543062784691716,0.7535839711570096,0.0,0.0,0.10128852185867508,0.10646094023184281,0.7382982621841199,0.0,0.0,0.7509547877331325,0.09218656250362021,0.03447129931457953,0.0,0.0,1.0,0.06613670179489645,0.0,0.806168483380846,0.012299349693559884,0.05875235197000181,0.11355495451303663,0.0,0.7290695982291103,0.007923873605670716,0.08242668201998243,0.03403881460435787,0.896079682695269,0.8893017146244133,0.9288962923041053,0.8801601582626173,0.0,0.0,0.0
0.021866798388178496,0.020440210009126446,0.0,0.9367610814242794,0.03195363724157768,0.26618890521000316,0.014466623178400008,0.0,0.0042311590257041445,0.0,0.0,0.9585321034131162,0.026556533593162335,0.0,0.03298979249259988,0.0,0.0,0.0,0.0,0.6693500897113217,0.0,0.062321057495351634,0.0700048816524565,0.0,0.00341939219160285,0.012456324756797624,0.0,0.8688727145117927,0.015381232337494216,0.08932788140062015,0.0,0.0,0.0,0.0,0.04771610997376274,1.0,0.0,0.0,0.0,0.018584998441704338,0.24088151998197013,0.0,0.026810197372972397,1.0,0.0,0.03417615692643341,0.0,0.0,0.0,0.0,0.0,0.8274729463095976,0.0,0.005320303356001539,0.030623033369284864,0.0,0.020418098217671495,0.0142467239286066,0.0011593578423181154,0.9793710362793111,0.02320659390027444,0.0,0.02342344936949342,0.013961574576269712,1.0
0.10049581843416083,0.8499619887383144,1.0,0.9855285767245164,1.0,0.8680705405474987,1.0,0.0506667161437134,0.04826749568191724,0.03120137415582899,0.0,0.027860778008373922,0.30112166885742986,0.040158058418792386,0.9334564945529993,0.0,0.0,0.0,0.0,0.1091175102670709,0.01776348779954873,0.7419115152214513,0.0,0.07369433495398928,0.0,0.0,0.002860587687925684,0.022221137292761574,0.8516367154154527,0.012478119864014668,0.0,0.0,0.0,0.05640194904362085,0.02734725390907876,0.7594777484689074,0.0,0.012449649310234047,0.0,0.0,0.15801747315736386,0.0,0.9203377364824874,0.009476671431187064,0.0,0.013903140828495844,0.0003497782752523962,0.06414593707744973,0.05091245184807537,0.9649585950614817,0.0,0.07574414660485695,0.006546893263478408,0.0,0.051394019181821196,0.03096118093704745,0.0,0.0,0.0,0.00018759090864200193,0.0,0.040907917952279826,0.0,0.05301632122144928,7.0
0.10090089430629619,0.03447251003858213,0.013649091935935427,0.0011207417652930307,0.026862785716082173,0.0,0.20040672615508195,0.00022691668242810515,0.0,0.0689480913818193,0.9101020388281047,0.6101058721987659,0.7577924978549471,0.7220480789804522,0.006449263609524861,0.3105670242522401,0.0,0.0,0.9504223326390423,0.04820921571124508,0.011512817813825245,0.03907132674692845,0.041064828806911625,0.06459916069662679,0.0,0.029996193669639123,0.9465738077505179,0.8193775544652269,0.8195280065497582,0.9360999842608296,0.05154829097220825,0.04607130051977952,0.0,0.0,0.0,0.11151894582812874,0.0,0.006012768308933134,0.6939548323357769,0.0022979569935099725,0.05820134821411671,0.0,0.042874240427465043,0.0,0.004495709699680987,0.04056109429799268,0.9832608399303784,0.0,0.0,0.025262536011142145,0.7680249132775856,0.9656014495563349,0.9071235394949998,0.7667742044977194,0.0,0.0,0.0,0.044135550338847786,0.0,0.10498077879676891,0.07256772249963823,0.023837212347268807,0.0,0.0,5.0
0.012461891715988285,0.0,0.0,0.026813223863878105,0.0,0.08150831365814308,0.0,0.004183722683680539,0.004280042586961556,0.0,0.7953889832337984,0.7900948529640158,0.8494225767192983,0.8369253951733993,0.012128228558320887,0.0,0.0,0.0,0.0,0.23876771939277638,0.0,0.07109723558438068,1.0,0.006507558104690882,0.0,0.0,0.0,0.0,0.0,0.9527598849898606,0.06408884721543719,0.0,0.0,0.0,0.0,0.003679286443381578,0.7520392012495297,0.01298505068890877,0.18085582817537044,0.0,0.03365774491820897,0.06816732311913846,0.0,0.9604959173274823,0.04586650095340179,0.0,0.0,0.007863797959556558,0.017213024908596868,0.019057040301102387,0.6251097538815846,0.6930198219990606,0.7376422137700982,0.8819476333831274,1.0,0.031248318751466737,0.03757970565221963,0.0,0.04980937352862519,0.0,0.0,0.0,0.0706403625420838,0.0,2.0
0.0,0.004146894922316937,0.0,0.002768187390800441,0.0,0.12062258364534668,0.02791040991543486,0.005481801301214614,0.008445763792242754,0.054473222081521736,0.040276547303670744,0.03222719754680994,0.004859939518833886,0.019201719524804692,0.0,0.0,0.0090560676187378,0.0,0.7845689261002847,0.8151504642135786,0.7556502431679377,0.8054143760589758,0.05863706233285604,0.0,0.0,0.9618360757049828,0.0,0.0,0.0,0.0,0.8883542450540262,0.034638734162743205,0.0,0.0,0.893489356102783,1.0,0.9251653442526225,0.9029834382994422,0.0,0.0,0.05109421722359782,0.817122040369689,0.04761285618232547,0.01763095190220656,0.010161220678851593,0.0,0.7851831185691143,0.0,0.0,0.704169114655324,0.06533528541636634,0.008017316560317442,0.010834149571089316,0.10036517500306141,0.6583886708536092,0.0022797568713493993,0.0,0.0,0.8573497378883285,0.9031892252340818,0.9033090707878881,0.8731898070906349,0.019438216163890194,0.010679608271543135,8.0
0.0,0.0,0.0,1.0,0.0025163220417228852,0.02210846052699611,0.021995553124489406,0.0,0.0,0.13835836923696637,0.0,0.8404315971448157,0.0,0.0,0.06908954501412189,0.0,0.0,0.0017235795219961523,0.02547413097993197,1.0,0.0,0.0,0.010202074410705557,0.0,0.011528187120231358,0.0,0.0,0.9571063124485991,0.02214656014226582,0.0,0.0,0.04350936059873738,0.0,0.0,0.009658735719709655,0.8934356746917101,0.04891361900906035,0.014988682156193315,0.03564184339767903,0.027747388830116283,0.0,0.0,0.0,0.7142049482943761,0.08409784608387622,0.0,0.13454807102056185,0.0,0.035796552128777914,0.044169298780709174,0.01456571565933183,0.7434416503909785,0.0,0.00880028081005167,0.09358069497092963,0.010429126065057517,0.23987340330191637,0.0,0.0,0.9663704856192246,0.0,0.0,0.05386954755893904,0.005890658526303794,1.0
0.0,0.0,0.062256565691473545,0.06122957455269898,0.02873224273745613,0.012943818756705087,0.09190593109321321,0.09282339215683955,0.0,0.0,0.0,0.05625570926882978,0.045414989023281796,0.0006604921719168342,0.019114388086822323,0.03378627081598314,0.012039936855325478,0.04174382886268521,0.9189729852517092,0.8008631783899854,1.0,0.9311552143119365,0.03227651925165646,0.0,0.09623366289729268,0.6557236732910143,0.010711011931215372,0.0,0.0417273479697085,0.25033678323918995,0.8152078963350144,0.0,0.0,0.06699765930101571,0.8378216173782012,1.0,0.8263098210324811,0.9709294472182962,0.0,0.0,0.09552627699522076,0.967029550603051,0.2173302572558004,0.0,0.09149059646345498,0.05645521024861031,0.8804974178214066,0.04994362210285542,0.0,1.0,0.10378694415096966,0.05392089985950532,0.0,0.010148669047413994,0.7921702862686678,0.0,0.003565864563503342,0.04901196542195638,0.9035305951161733,0.957294990781897,0.8924093122582212,0.9333367948477089,0.0,0.0,8.0
0.01964463261848716,0.92100263604051,0.8619881832812035,0.8473991167977791,0.8469245604864706,0.9292361687635262,0.8175920823654242,0.14555573026890617,0.0,0.0,0.037917683804399444,0.0,0.03225815188837975,0.027044579398795367,0.8793308611836235,0.0,0.04752230902941044,0.010342325899888325,0.033946957484035194,0.0,0.0,0.8212100410677972,0.045238513496098975,0.07277246424680225,0.0,0.0,0.04740902498798319,0.06939398537748523,0.8253219309088455,0.0,0.00938956965289847,0.08411941971024117,0.0,0.0,0.0,0.8386052899631075,0.0,0.0,0.0,0.06775644399857368,0.03548448320327417,0.0,0.9693413907980164,0.0372033843976846,0.0,0.0,0.024023412945060312,0.11179253400162044,0.0,0.9291154125783131,0.0797490788737928,0.0,0.28323107583024915,0.0,0.06568110221660083,0.01147880008237799,0.010286071001518945,0.041964088142600824,0.05629227057771248,0.0,0.032214496210475965,0.0,0.0,0.03515564586019753,7.0
0.05423639305272872,0.0004840716256495152,0.06589125835321605,0.015476513618486294,0.03214981323611601,0.0032124921387639456,0.0,0.0136364476813245,0.044739932518078944,0.05727581771656746,0.0,0.056797612554025295,0.0,0.0,0.0,0.0,0.04286979561781698,0.0,0.9531705161442714,0.9126252029889959,0.9385661486964565,0.8724731753947407,0.0,0.035856110476982735,0.04608956674958095,0.8821985724865679,0.007313631351593228,0.0,0.0,0.0,0.012460053406965862,0.04474189866718446,0.04309537246888604,1.0,0.9538280215031463,0.9651959086390928,0.8076917265542265,0.849145944743947,0.0,0.05007497272924499,0.013030437029626139,0.9126148929798186,0.0,0.07484276939215338,0.0,0.0,0.8316736054537694,0.13052824128521667,0.0,0.9854242237675609,0.0,0.03839589427512294,0.0,0.005418948693031107,0.9537244607249498,0.05417734311564792,0.04171294437083742,0.30557900612378386,0.8487622624886855,0.8560996119609239,1.0,0.6825145944245972,0.0,0.0,6.0
0.04170362976116174,0.0,0.0,0.0,0.07783040260317829,0.04540436036689462,0.0,0.038934588386324416,0.0,0.0,0.022166302247858403,0.0,0.0,0.0,0.0,0.0,0.0,0.009146013003085249,0.7929237417374627,0.7634392920587099,0.9559496502975091,0.9448464817923182,0.015121488522098062,0.0,0.04977251872067894,0.8752550607128113,0.0,0.0,0.06439687487834841,0.01179425835984409,0.9514783246732426,0.0,0.0,0.021881185409220325,0.7831769355142116,0.8055963339342632,0.7875987784161158,0.9202839558191692,0.0032533378719258976,0.0,0.12543238120608668,0.9250643972050929,0.0576341444165514,0.0,0.01418726323243367,0.0,0.7458383977346607,0.01917317434745459,0.0,0.8638762214733575,0.013503648039178258,0.06418442336515513,0.0,0.07115896412811272,0.8607756507217187,0.0,0.0,0.033671779863441616,0.6708587095368148,0.7391810959348818,0.726402591404741,0.6979845002506584,0.009534432706822596,0.0,8.0
0.0013593813843049854,0.08206765459994184,0.021363203214674588,0.0022341087493339645,0.014624626164609756,0.0,0.023311368024774695,0.0,0.0,0.054325536026447074,0.05125689884355064,0.0,0.0,0.0,0.0,0.008633664404259726,0.020018019498349984,0.0,1.0,0.8689453312197416,1.0,0.7789292589570243,0.08383659336302086,0.0,0.0,0.8038332147193814,0.0,0.0,0.02558003565726413,0.0,0.0,0.0012490119556590959,0.05439126040452898,0.8327061232761405,0.9535392114801572,0.9624425657632332,0.7871212208933082,0.7877537678691563,0.027840385922215046,0.0,0.07362810941482555,0.8253053695578612,0.06592545810469198,0.06980777867361819,0.042955464134487704,0.08943855058982207,0.7493159942166254,0.0,0.0,0.982893717667801,0.06605713357963922,0.0,0.2757661884309453,0.0,0.8619783823796776,0.0,0.0,0.0,0.8410731722679804,0.8532622513170294,1.0,0.9087665683520554,0.0,0.31826946291990954,6.0
0.038857981930097325,0.6565472523619028,0.0,0.04802978952146061,0.0,0.059880754983265116,0.0,0.05763625222767176,0.09140547390329579,0.9123116447573636,0.017172297623733367,0.0,0.06357879872486892,0.024088033795943504,0.027066193699595006,0.0,0.020774929332472762,0.779619451464572,0.027402720260437077,0.2471899680049623,0.002598263197165507,0.06228842426562543,0.7822151872844433,0.0,0.0,0.9703089075623547,0.7840368208837467,0.7248114550477804,0.8957520747182455,0.8973719381959163,0.9625178853548122,0.0379166512140909,0.0642275280704719,0.13881705631934052,0.0,0.0,0.015833764184260902,0.035043867147023025,0.8435941679933867,0.04393420062972618,0.0,0.0,0.01753868753375627,0.04733496620549508,0.16263302992002956,0.006046210258103316,0.9103661644646701,0.040296406782773374,0.0,0.03758806506226101,0.0,0.027610419720222146,0.003064887706194983,0.01416687501038661,0.8831144764915586,0.0,0.043460921235824373,0.0,0.0,0.07246527419874349,0.0,0.018331278026907982,0.0,0.08491376800108215,4.0
0.018294892343622228,0.0959575311682579,0.0,0.0,0.006721436077832619,0.02708178376360772,0.0,0.00807835598856623,0.0,0.026060716752534893,0.0,0.08955366725925143,0.0,0.006536122201203896,0.27333364192875587,0.021865650791465015,0.0,0.022608877332282618,0.6383008722461907,0.7987940580808327,0.7248313204086582,0.9785199563356779,0.009662687690946954,0.03752422876535723,0.0,0.7526641892171824,0.01451272295593522,0.0,0.0,0.0,0.7996701103197057,0.03399713803638825,0.021192428539646327,0.02483190307145953,0.8039784863081146,0.8827781583317975,0.8023777465726205,0.8606358266091247,0.769594004686436,0.02138185337354377,0.016923432707412076,0.009544449981832022,0.0,0.0,0.0,0.0,0.8981742694985508,0.17688669899190274,0.03994416823267319,0.029081122273120975,0.0,0.0,0.0,0.0,0.7257235593820417,0.04322588594284284,0.0006941089562148004,0.0,0.097806192959841,0.006372857376172771,0.0,0.0,0.0,0.04132156003490969,9.0
0.0,0.0,0.03259716321728172,0.0,0.025680598917312752,0.0158196552945745,0.057047580285992355,0.02778172714040247,0.0,0.0,0.7991040546831781,0.928069091608281,0.9713155283394671,0.8192718292543066,0.018822151754339066,0.0,0.0,0.0,0.0,0.030081715267076144,0.0,0.0,0.72038632671878,0.021865317053117464,0.0,0.0,0.02944831764593893,0.0,0.010836506094861316,0.7466233309516789,0.0,0.0,0.0592156104860483,0.013752906856273723,0.0,0.0984174901154129,0.8746428788980646,0.06486905918836432,0.0,0.0,0.0,0.017800419363868253,0.006904344129259204,0.7001708833578543,0.0,0.007702811839760831,0.06712712034910422,0.0,0.019632387093814877,0.12530265849135833,0.863407997168912,0.8287098055042585,0.7511465711187855,0.8960525525594885,0.903918433077568,0.0,0.00866904653219324,0.0,0.017066174288886828,0.0,0.01812537731617569,0.05630274279619888,0.03351646406638175,0.0,2.0
0.0,0.0,0.05261824017903577,0.7856773657165163,0.03500123485582591,0.011254910467671015,0.0,0.05875132926162249,0.012894629445101325,0.010280447651727956,0.05320375904349528,0.9211280648686524,0.0,0.0,0.0,0.0,0.0,0.0,0.0,1.0,0.1052867484814468,0.0,0.0,0.0,0.14308813074326757,0.0,0.0,0.8734224995288205,0.010224459434004128,0.003607593689184393,0.0,0.030996680925760606,0.0,0.0,0.0,0.7362031895762045,0.002093242870160408,0.0,0.1983866863132151,0.004565128409294822,0.04370298785251695,0.0,0.0,0.9401788224395254,0.06072279940950397,0.007966807145885426,0.0,0.05310067322911345,0.0,0.0,0.04044242571273904,0.9997738995458587,0.02548927804493778,0.03812476666867398,0.01250588741293674,0.0,0.0,0.0,0.0,0.8573769561010206,0.02095610855437875,0.07770928435531077,0.0,0.0,1.0
0.0,0.9407394491720031,0.9905210339545902,0.7884171564470741,0.9975475557480429,0.917462918856138,0.8937170886005521,0.0,0.04596975693447157,0.0,0.0,0.014283671868180423,0.0,0.06634598457906694,0.8258554279088098,0.01017316536489539,0.0,0.0,0.021717550539073587,0.014561621531034356,0.0032412219895616755,0.9413878539303548,0.0,0.011282198157194383,0.08179995113837171,0.03459183663254892,0.0,0.05167183423470877,0.8909075664051945,0.0,0.004217146579574701,0.0,0.04873677327541068,0.0,0.0,0.9002306978724868,0.0,0.0031758607279405225,0.0,0.035761759575746045,0.006937333926427281,0.11984716876658702,0.9899494178252009,0.045146309037361915,0.0,0.06175105553146842,0.0,0.0,0.0,0.8497103420470911,0.04314431926142496,0.0,0.07092196480292183,0.0,0.0,0.028163569961396746,0.0,0.0,0.023806566001489286,0.004780776681387482,0.006938906972939554,0.016356345136186785,0.0,0.0,7.0
0.04029619957703254,0.0,0.043387267689878696,0.08434987194364763,0.0,0.0,0.007208269498126445,0.0,0.0,0.0,0.850346771106084,0.810453187924986,0.7306713520941327,0.7455274971956519,0.0,0.0,0.0,0.0,0.03650461604958707,0.08209147318121501,0.0,0.023260745662897965,0.9199891257570175,0.0,0.09302542441205582,0.024569599504441417,0.037594944227939096,0.0,0.9829001300780246,0.8116573297334384,0.9920754253459229,0.0,0.09699434658372012,0.0,0.06495228980264423,0.051239032555034474,0.0,0.017883554071441883,0.6695836983536062,0.015571714374367994,0.10413947508385342,0.0,0.0,0.0,0.0,0.0,0.9500268486114543,0.024488538688983798,0.0,0.0,0.756971178224731,0.7363701291560049,0.9047703080100276,0.9051146053986685,0.01892969719943699,0.0,0.018611029460028895,0.0,0.04315125003514806,0.05632678166501473,0.0063934022027871,0.05409411929121896,0.07904728051507517,0.040106592349776024,3.0
0.0,0.0,0.0,0.742639634493055,0.001916266757435489,0.0,0.0,0.03464516112608953,0.0,0.0,0.0,0.9241465512807072,0.0,0.12243574255032884,0.0,0.009786758838810174,0.0041762297031269205,0.018981304280847697,0.0,0.7881535378067498,0.0,0.0,0.0,0.0,0.030004811821737122,0.05076294651364726,0.013373187852420122,0.8754022732620015,0.0,0.0422266079268706,0.04794504694696102,0.00836812824592481,0.0038535387218467214,0.0677551989571079,0.0,0.9508420899260017,0.04346860456558589,0.020797843249684964,0.019996010219707313,0.0,0.0020321916782962144,0.0909036615335218,0.0,0.9307042613797893,0.0,0.060645878968707184,0.00788424741007893,0.0,0.11948632622792897,0.0,0.0,0.8388346654667669,0.047791830100971516,0.0,0.0,0.0,0.0394945615807738,0.0,0.013768731834191847,0.7698308440771552,0.06890388630802045,0.043584881373645204,0.0,0.0313174228786448,1.0
0.0,0.22210442525670732,0.05710442781727015,0.16358642415505084,0.0,0.0,0.0,0.0,0.0,0.0,0.04308650493050626,0.03912965979789415,0.0,0.0,0.023475975765139188,0.033001797339695986,0.0,0.019433571269889746,0.7167776618884004,0.6469237714053452,0.8196266763375788,0.8369211844084896,0.01059603779388132,0.0779141863207853,0.02035331960985281,0.7782081490758693,0.029139102093863736,0.052820042730947585,0.0,0.0,0.01846718682951117,0.0,0.0,0.9105205710746832,0.8175498660332295,0.8418739989530675,0.6586824033584406,0.7870128916751126,0.14568405052238792,0.0796593360689102,0.00057748932810165,0.8194777073089946,0.00955917392015387,0.0,0.0038451247486117335,0.0809137682427392,1.0,0.0,0.0,0.6320411013513731,0.0,0.0,0.0,0.013554560674660094,0.8322949664977531,0.023686117362850204,0.021431249554397996,0.0,0.9403525835576854,0.9751234446617634,0.9877614672538632,0.8136407183092397,0.0,0.0,6.0
0.05127799593927797,0.10862694254383241,0.011941486602068162,0.07879107019825476,0.0208388552664025,0.008326859456082313,0.0,0.0,0.06100826108599227,0.0,0.010574304557903935,0.0,0.26260066518901726,0.02664191109934464,0.0,0.025489124179106995,0.0029943487450858515,0.2609504131753272,0.7439956216600634,0.7831881254368558,0.9035245477877881,0.7751243709201258,0.04319308969236071,0.0,0.0,0.9636067621340265,0.029712642618231713,0.0,0.03056377550161528,0.04618500296683841,0.7776309296839053,0.0,0.0,0.0,0.8508802270710434,0.8782029849873144,0.6509228148851752,0.8518250412796362,0.0,0.0,0.02561083689394766,1.0,0.04391484269984833,0.0,0.045025753777943496,0.004361178765681984,0.9231194338699725,0.0029051313461426536,0.021472784460825976,0.7335726658370156,0.0,0.04518212548954548,0.05502447487092119,0.0,0.7315646642225898,0.06593583771182791,0.0,0.23784282260599476,0.7214836101455474,0.7468594526475415,0.9191144135689824,0.945605262635946,0.0,0.01683163258762826,8.0
0.03636785809158671,0.024170134497941715,0.09588476199456365,0.0,0.08347458386853011,0.0,0.0,0.0,0.05858886310699976,0.09648263357560825,0.05052364709347054,0.10063477718344474,0.0,0.009244810621514096,0.0,0.0,0.0,0.0,0.8029280232573583,0.9046269554519837,0.9601397501536428,0.9669641347503498,0.009037922872884826,0.017200850754963134,0.04513927796118519,0.7981919716193197,0.0,0.10541382709590211,0.1566844872570083,0.0,0.7469026632237816,0.0,0.08616870297643144,0.0,0.6645707617521561,0.7988308483795554,0.8889404520404709,0.990065950515276,0.9240970171540557,0.0,0.0,0.0,0.04886993390275496,0.11328816040362202,0.0,0.12156967209924315,0.81687056348096,0.0,0.0,0.06601487130599963,0.0,0.06492576525598429,0.0,0.0,0.8167502565010462,0.0,0.0,0.0731826702628539,0.09811818762341785,0.0,0.0,0.002101111790347368,0.008291955653341853,0.05651948849298857,9.0
0.0,0.0,0.0,0.0,0.0,0.07720381600699873,0.048128797070577184,0.07968012481558334,0.15286866854172493,0.052520046025346157,0.7983552242274101,0.9670130195518076,0.817402098216688,1.0,0.0,0.05104101585176621,0.0,0.0,0.0,0.010329990196349349,0.0,0.060832358474255735,0.7215317520995499,0.008880702126956642,0.0,0.0,0.15197957174397553,0.2890597022355276,0.9802589222013369,0.7899532780585065,0.8402055127403828,0.0,0.0,0.0,0.0,0.0,0.0075431249945761185,0.0,0.9422537231263843,0.004519674389920419,0.0,0.0,0.0,0.020048030537246464,0.0418902760073042,0.017463625785982352,0.904069088695103,0.04254078563893134,0.0,0.0,0.8057469163839626,0.9937951158135617,0.7425241612488461,0.9126636396289619,0.0,0.0,0.009549359573665109,0.13389294539176874,0.054608942997481924,0.0687594061987006,0.0,0.0,0.015147646925849476,0.08517690336765671,3.0
0.0,0.0,0.14310928669915376,0.7735304259540822,0.0,0.19957389387646218,0.0,0.0,0.0,0.0,0.0,0.8951127230114861,0.0,0.006570001071674989,0.0,0.0,0.0,0.06554716397036252,0.07454323668773599,0.8370616673753393,0.0,0.0,0.0,0.0,0.05853365070716204,0.010780150100744283,0.0,0.949230862409599,0.0,0.058578047761226965,0.02551263757171718,0.0,0.0,0.0,0.0,0.7032901368332372,0.04105507298207183,0.0,0.00566118621663449,0.0,0.04237913204626032,0.028384392113113166,0.0,0.8645004423377203,0.058130176683126325,0.024194768531592782,0.0,0.011528273575427364,0.05040819909648168,0.10353978377879132,0.0016027992811772605,0.7178330262653635,0.0,0.0,0.023883176873491063,0.09639972288822274,0.0,0.0,0.1371190269193452,0.948931464009866,0.0622082970198547,0.0,0.04094197030660129,0.0,1.0
0.0,0.9174149047817383,0.0,0.03501966932062932,0.0,0.020294674392982562,0.0,0.0,0.015727716120277735,0.7470622151852961,0.01441038335376848,0.016687687808523994,0.042033024904188254,0.0,0.0,0.0,0.0,0.9265187662308939,0.0,0.11283138048434906,0.0,0.0,0.9584109774628493,0.0,0.0789449548316249,0.7938048476073379,0.7117741917938015,0.9190354301089644,0.9875412537135068,0.839942333279154,0.7100941940874976,0.0,0.00256423436521339,0.0,0.0,0.0,0.0,0.0,0.7538784538478179,0.16679375207400327,0.0,0.05138189728822922,0.0,0.02183619168050783,0.10670801199022938,0.06888559778435549,0.785974220950453,0.0,0.09600555344461623,0.05401992204008983,0.0,0.00460176230080397,0.025652181991034112,0.0,0.9645176472742139,0.0,0.052527626704249014,0.0,0.0,0.0,0.0,0.0,0.015767146148027718,0.0,4.0
0.013515031927417806,0.7540456458949867,0.9463088583155147,0.8424626806571858,0.7247869483108289,0.8744951055376486,1.0,0.0,0.0,0.0,0.09796559371025985,0.0010259795537206676,0.0,0.06573187642084903,0.818131525962378,0.0008311012325081699,0.08437785807621377,0.0,0.0,0.023310848380374106,0.0,0.694231703796201,0.01472843572719039,0.0,0.018924587415427296,0.09356561824429446,0.015065222051211047,0.0,0.7151696266753825,0.010808744014526505,0.06038468147116807,0.036371519370149284,0.014187001286833357,0.0,0.023516256604424704,0.837334993097284,0.183717950959466,0.0,0.0,0.011337729747997693,0.06866063569447153,0.0,0.6709790781081201,0.0,0.03777437810290781,0.07314085089546664,0.0,0.0,0.0,0.9641668867128563,0.0,0.0,0.02228195274005681,0.053221008522604245,0.08432117034054445,0.09287312890636187,0.0,0.006655193477093792,0.0,0.0,0.011926417084396998,0.0,0.035422717809087574,0.0,7.0
0.0,0.0,0.07406514648822991,0.0,0.04677989450632188,0.04819114918257458,0.07419273544484146,0.020269344126719685,0.0,0.0,0.7185425695714228,0.8149139679953444,0.8486565101152749,0.7627152152548317,0.0,0.013168883229209822,0.0,0.0,0.03144487591852888,0.0,0.03653678198979956,0.025176520768043827,0.7763778457633735,0.0,0.0,0.0,0.0,0.0,0.0,0.9509509671408035,0.013948674707859404,0.117122212198737,0.015139934610937718,0.0,0.0,0.017876650378006932,0.9995807320869718,0.0,0.03631889219639445,0.0,0.0,0.0,0.0,0.7309413477409846,0.0,0.0,0.0,0.0,0.0,0.07516082303586138,0.8624868230234735,0.9402360034180254,1.0,0.805027223111813,0.7049884490393926,0.0,0.03137295383206701,0.0,0.0,0.04295201324641669,0.057795158122900474,0.0,0.03253729991898468,0.0,2.0
0.0,0.24013229025773314,0.3319272598405242,0.0,0.0,0.0,0.0,0.03327694746631828,0.03947238676524492,0.0,0.8989299878781979,0.9543768740148255,0.8870822491323428,1.0,0.01167551220860022,0.049795977386932554,0.08614720575195392,0.05587433535375387,0.7828354098561333,0.041837392419015004,0.0,0.018731327899807252,0.04506243812121165,0.06554520765771447,0.0,0.0,0.9666980960990087,0.8175302941879671,0.6417107431508624,0.7454776100816771,0.0,0.056464598439298144,0.0,0.08218420238970468,0.0,0.0,0.010475424327380944,0.21102248432882478,0.889089782020402,0.0,0.0,0.0,0.0,0.02332151643648638,0.0038976518303810645,0.014719747786457786,0.9692398967842459,0.0,0.0,0.0,0.8432320954227607,0.9252454313927648,0.7290284369755927,0.874576804936572,0.01865779289788836,0.0,0.0014991301916371484,0.0,0.003125482021731372,0.10004562364402447,0.03327329798456208,0.0,0.0,0.0,5.0
0.0,0.0,0.13570556856336446,0.0,0.03381988822285346,0.0,0.0677285344557026,0.0021208700473266963,0.1850354678681371,0.0,1.0,0.6537496347883467,0.9504145283482308,0.7869626370964291,0.0,0.026614672708293305,0.006192910118623039,0.0001847624974275862,0.8855917506758777,0.0,0.0002533369955173086,0.04924796468574548,0.0728503060452849,0.07371562791947792,0.003907429067115018,0.0,0.7772210719922557,0.9430592622454697,0.9997587858392087,0.8712320070340943,0.0511058270337838,0.18350571607494967,0.05010118316243644,0.016068660627565623,0.03485833934823825,0.06851564030455508,0.023734669807786872,0.01874108896730203,0.9364444546933341,0.004443808458318841,0.0,0.0,0.0,0.0013569864351929623,0.0,0.02592732924227676,0.6670858056669489,0.0,0.021566554570962848,0.0,0.9479749098386828,0.7584291987358723,0.8421702246865836,0.7704106175027066,0.010539746120495061,0.0,0.0,0.0012383699564796327,0.042899058707442685,0.05429296160123055,0.05301733304969818,0.06270381928062656,0.0,0.0,5.0
0.0,0.04678546221537952,0.03702469364212973,0.0,0.08109825574716434,0.0,0.022536005929998236,0.015941305394449302,0.0,0.0,0.0,0.04565913713601963,0.011587745221192238,0.0,0.02545088725475337,0.0,0.0,0.0,0.7309093904041462,0.7865029408552131,0.9086987692878242,0.8315194434215085,0.039297449282649756,0.0,0.14548146877041593,0.7233851502911466,0.003103684357633791,0.027670029403563702,0.02849905879233766,0.0,0.7342057182391887,0.06533018690599267,0.041839836043003856,0.7968713805553536,0.0,0.0,0.032000685190460544,0.0,0.80194024700046,0.008265437021080338,0.0,0.8631621856852576,0.08195886874470441,0.0,0.06877436710512545,0.06542889545750073,0.6891645018129287,0.0,0.006797646508540646,1.0,0.0,0.015045892028051611,0.0,0.022070678651823356,0.8421200962474924,0.001671697560278883,0.010318177212895248,0.0710358778450501,0.9727941529869527,0.7575350504765954,0.9468465043245036,1.0,0.08795553522798785,0.020451834384154412,0.0
0.0701529733598618,0.022795674227666998,0.0,0.008309329829568703,0.032898218494054284,0.0,0.0,0.05038097445890404,0.0,0.0694155720180741,0.9618320593073821,0.7609729990155836,0.8923478375781532,0.7917589990130327,0.0,0.0,0.0,0.0,0.701325920753546,0.0,0.0,0.0002526776839223104,0.0,0.022698819506222493,0.0,0.04495084174820606,0.9432290510070368,0.73634172886641,0.9648676340760547,0.9068572339263735,0.04793067539452326,0.0,0.0,0.0,0.06768076869440703,0.0,0.06689708159273178,0.0,0.8558352111003953,0.06505189324857737,0.0009081224957369505,0.0,0.0,0.07656542052191997,0.005957346845002288,0.0,1.0,0.07617586369898677,0.0,0.0031197299605205436,0.7522234032632971,0.8700102038632379,0.844672630501845,0.9505330992876138,0.07377048134718851,0.029815896567142064,0.21005720758673904,0.0,0.0,0.0,0.0,0.0,0.012272737180857756,0.061691220368373045,5.0
0.0,0.05681084854442369,0.0,0.0,0.050317354947044174,0.0,0.05596589574442691,0.0,0.134488958310924,0.0723419460827021,0.9703257014200513,0.8680902598142645,0.8166947576510736,0.8563741567494848,0.0,0.030223403316301464,0.0,0.11515856725720723,0.059369759346020436,0.0,0.048974500023545996,0.0,0.8114425907126258,0.0,0.0,0.0,0.0,0.0,0.8234662981930541,0.8768232054696554,1.0,0.009733918445975362,0.0386426923602545,0.0,0.0,0.0,0.011470231680024274,0.0,0.9860620184838262,0.0,0.0,0.03765153726674641,0.04935866488046867,0.0,0.02656053055210263,0.011454247776828198,0.8464172972574893,0.0,0.05773769708195536,0.0,0.8519119844305592,0.6684428353397301,0.8843201871048215,0.7662833360247678,0.0,0.0,0.0,0.037240370050651186,0.014473882564738555,0.0,0.0,0.0,0.0,0.009472560886389479,3.0
0.0633107267750444,0.04189744726495981,0.0,0.030071127645358842,0.0,0.08078525834689311,0.0,0.11735658775785085,0.009305761501839257,0.0,0.0,0.0,0.02719091965143726,0.009868030873775689,0.058229033815386314,0.065769498523136,0.0,0.0,0.9268326721499502,0.8595646340099348,0.7597267324280811,0.9865081451683454,0.0,0.04278632619621415,0.0,0.7371705300121018,0.044467036444767044,0.0,0.0,0.116807013618494,0.0012330284466842171,0.0,0.010497250897683994,0.8835929804850664,0.6829772163605233,0.8936941330319549,0.7398402184915182,0.797868634068823,0.013432781834025246,0.09211386040662095,0.0,0.7815027704339715,0.005069783337275969,0.0,0.001454645293722098,0.0,0.8332190354081815,0.0,0.06199186766532366,0.747613596676722,0.0,0.004839412931127863,0.0,0.04455492070030987,0.7458900914148757,0.05760536074719426,0.0,0.0,0.8383046433192244,0.987679496430587,0.8798792850027733,0.7507078965679281,0.0,0.012270417697366162,6.0
0.0,0.0,0.06143683224314814,0.0,0.0,0.0,0.005822540015231581,0.10068507840057617,0.015971931859745794,0.00999778148759003,0.0,0.06951339393659675,0.0,0.0,0.0,0.05214377016462364,0.04669213936060418,0.07491976635646462,0.8838907761354009,0.8091877615879518,0.8664233985460427,0.932426261469347,0.008249791654932247,0.0,0.03486854836744451,0.9834631285373998,0.023567960850317468,0.0,0.03286509497200387,0.0,0.14768621427038692,0.023307673052979167,0.07309053619213507,0.9751143275747385,0.8834812646964804,1.0,0.9705784352691598,0.8820044693476051,0.0,0.0633709101586623,0.0,0.8829266249750405,0.017561675279115632,0.0,0.0,0.0,0.7815845852767767,0.08504997765416743,0.0,0.703043838236477,0.0,0.03953659843876554,0.019639060876577887,0.015854755612436246,0.763341006788139,0.004990875557588655,0.04501765827586813,0.0038643605914279624,1.0,1.0,0.8778901543983637,1.0,0.011121536222527468,0.03601115915619443,6.0
0.06356864809678218,0.0,0.0,0.006387645931058911,0.043037852848827066,0.0,0.01733259262740999,0.03106252558205563,0.04033503199882834,0.0,0.022696282071059237,0.0,0.019639319951923345,0.05953883219588982,0.0,0.10858447687718392,0.0,0.0,0.7729748525989597,0.8877269879572091,0.8988062150345277,0.8421453063762906,0.0,0.002137459137654347,0.07929854061444469,0.9029804338696664,0.0,0.0,0.0,0.0,0.9071250905931326,0.09428866035829858,0.0,0.0,0.8234599287670746,0.7777231544072506,0.7595886099533136,0.7942639957433978,0.028430452862327305,0.04769734013342841,0.041094307413346666,0.7687888452332501,0.018745874477354464,0.09147432436367958,0.046932649137328926,0.0,0.9580409598444597,0.0,0.0035869637695621183,0.9180820222815913,0.00531332335328644,0.03514839277227937,0.0,0.0,0.9334749068351617,0.05177267137487684,0.0,0.0,0.8617747775924298,0.9188480082140592,0.8363496744307752,0.7186774951952248,0.0,0.0,8.0
0.005719655146917708,0.03148851556122672,0.010233358402552697,0.7526829881920926,0.0,0.0,0.03658576145333599,0.0,0.011066409469771913,0.0,0.0,0.7788940613809947,0.0,0.021555712245687485,0.0,0.048261438403863904,0.06681531471892187,0.0,0.0,0.8135833285527477,0.0,0.00882223469001426,0.0,0.09827635194728784,0.0,0.019666971735194997,0.016839346792203606,0.7415800902187675,0.06177299896332872,0.04950424712218589,0.08615586763595567,0.01566089276001624,0.0,0.055461323809943834,0.10100809574971176,0.8949050664823767,0.0,0.03162262718622504,0.0,0.006710506757890856,0.0,0.0181396010071698,0.06544471645753074,0.7582583578254165,0.0024289120471207475,0.04596136377447883,0.0,0.11870907318819862,0.0,0.07847242144679002,0.04861343437325565,0.9244178745647247,0.10004730087515441,0.0423826467429157,0.0,0.05878140783209165,0.0,0.027459939691545688,0.05992749517680821,0.9849500165030619,0.0,0.0,0.054856363463027406,0.0,1.0
0.0,0.0,0.005794415912471729,0.0,0.04658637425288611,0.0,0.0,0.05311461242859076,0.0,0.0048519129361441656,0.0036535588032633156,0.0,0.3184833821569094,0.23670935450806374,0.007283836238841693,0.0,0.12700975470904163,0.02324998827982652,0.9165648252855835,1.0,1.0,0.8699930743734299,0.06162638899196132,0.0,0.0,0.9710483176297915,0.0,0.06681195304587234,0.057741632311268554,0.0,0.9457011845047343,0.0,0.0,0.06108926665327405,0.7667899403947711,0.6514430766823928,0.8782972732638741,0.886687936979337,0.9666535809666702,0.0,0.0,0.02664008018581343,0.0,0.0,0.0,0.04507743527971174,1.0,0.018411295071222814,0.07398251610822569,0.0,0.0,0.062423606335583415,0.03528465709592726,0.067848215474415,0.7903660823190608,0.0,0.04332408806611851,0.06048302060396139,0.0,0.0,0.028446312792912626,0.0,0.037258143039444774,0.0,9.0
0.0,0.0,0.010938144518285873,0.0,0.0,0.0,0.0,0.014545086714556957,0.0,0.0,0.8788866852629941,0.7918209081907472,1.0,1.0,0.0,0.0,0.0,0.0,0.0,0.1717067501415617,0.0,0.0,0.7259575583348495,0.0,0.0,0.011129012322436968,0.012342214634960443,0.3422834520447616,0.07238846073125502,0.9484575671523889,0.0,0.06871274542129656,0.03949834198285626,0.0,0.0,0.0,0.9819811396584253,0.009455152283682003,0.06499719114445508,0.0,0.016711357835052138,0.04007968532054163,0.0,0.9965057034224611,0.01665605294208193,0.013861521531431978,0.09803756628483845,0.051019221553291416,0.0,0.0,0.9688935564761418,0.8182119913043887,0.7232444748400764,0.9177960113692955,0.9273848164415956,0.0,0.08227987489443282,0.09285843849283798,0.0,0.15956202172661968,0.0,0.0,0.0943753394915135,0.0,2.0
0.0,0.0,0.0,0.0,0.22048040915859518,0.0,0.0,0.0,0.0,0.061258395207388905,0.0044356677351593985,0.0,0.02353718457642923,0.09710488195296502,0.0068565885232069945,0.04034538900640233,0.027401324071487446,0.049015555490395955,0.7545070553446313,0.7344859710624996,0.8453440202037874,0.7938958758261373,0.0,0.0,0.033664577282695764,0.8374366672135642,0.13003980542278143,0.0,0.0,0.0,0.7961772814947503,0.00985796244350806,0.0,0.6349083220157077,0.0,0.024223230310447753,0.0,0.08921910688060361,0.8807919831419093,0.0,0.0,0.7797845243442567,0.04640593261331485,0.11290310048118585,0.026887574438227892,0.00965547335440209,1.0,0.0,0.024239886389710245,0.7472473089467059,0.0,0.0,0.0,0.06808176534750371,0.8101036208562072,0.0,0.029649830775038993,0.0,0.8633790930391493,0.8936176248117833,0.7255970843678208,0.7186473350711757,0.041492172036401806,0.005666405995413568,0.0
0.0,0.024565258133222856,0.09297812450276619,0.08095338551389226,0.0,0.10624465657948215,0.0,0.0,0.0,0.0,0.0,0.003028091031667256,0.09709924411478776,0.0068329707584647075,0.11789263827246427,0.0,0.028085874391097006,0.0,0.7007307173747078,0.6737502731200451,1.0,0.5511766533347902,0.08075160542885479,0.06522148546324902,0.0,0.8344249692675996,0.022073366215460043,0.0582117500694069,0.0,0.0,0.0,0.0,0.0,0.7468289960543895,0.9472879367223287,0.9805994535516552,0.9962572795849498,0.9533973315166626,0.0,0.0,0.0,0.9594246791981215,0.0,0.0021872815122018735,0.0,0.05088829542698458,1.0,0.050061928323948235,0.0,0.7783659828585401,0.00818980305275382,0.16010993742173907,0.010295494807240752,0.044230540903766186,0.8961380250863964,0.0,0.0,0.029179332231530034,1.0,0.8387447164092443,0.9448565231975466,0.9596247911932424,0.0,0.0,6.0
0.09998255262447486,0.03943321993710711,0.02867899915901788,0.08084967610026247,0.10369950335177545,0.0,0.0,0.0,0.0,0.01910990572817602,0.9941230217797645,0.8929317078923679,0.9334936485516796,0.8981446830325073,0.0,0.0,0.29356635460212765,0.0,0.0,0.024068351173547217,0.0,0.0,1.0,0.011299949101178205,0.07588398160668387,0.0,0.018716290035718893,0.0,0.06577349200185548,0.7826735576300197,0.09399869215202433,0.17132669504444414,0.0,0.035250370287702386,0.04463147065204415,0.0,0.8254391202105633,0.0,0.039975458334606466,0.0,0.0,0.04220276830033494,0.0,0.8455796812966739,0.0,0.025065173680090227,0.0,0.0009937629747756188,0.0,0.0,0.7483238731926293,0.7267600788501295,0.8539215636765864,0.8628641992396531,0.8794188767926937,0.0014174227779777987,0.0,0.09668849869657706,0.0,0.012318674780370903,0.0734324498600754,0.25096541375168196,0.01625043913764151,0.034351016657713035,2.0
0.04010544925826259,0.0,0.0,0.0,0.0,0.0,0.0,0.18244621783142356,0.0,0.007175283997221288,0.924887601112468,0.9670725573015276,0.8378523828718122,1.0,0.0,0.0,0.02187713613805961,0.0,0.9331702174731398,0.001495400527654227,0.0,0.0,0.07879860950260745,0.03659565429089988,0.028462159779941678,0.04917446547280636,0.945624629895152,0.9462846929760441,1.0,0.7876916533503275,0.0,0.0,0.0,0.0,0.05424766807823727,0.0049824832419917055,0.0445680638908405,0.05624078483529287,0.8771274382506296,0.0,0.0,0.0,0.0,0.015623835793416177,0.0,0.0,0.8677358479935829,0.1899269941686364,0.001104002053943761,0.001262406952131059,0.8154000377463481,0.9896169550781558,0.8639811646198331,0.7483924631733948,0.020581858105835273,0.012875274486778124,0.0,0.0,0.0,0.002719523854682254,0.0,0.03163044237420572,0.0,0.0,5.0
0.0,0.01374828803945295,0.1262378978067199,0.008479812646001438,0.0,0.0054488930664661405,0.10405678197678699,0.04475690979012397,0.04671210874205562,0.025859093270537134,0.7331717110552163,0.8979292257758638,0.9468538558356776,0.9777074514778771,0.04621541322379947,0.0,0.02824891994332029,0.16207276783343053,0.8789190779334572,0.028321429491579588,0.07226940692206547,0.001206685273702251,0.031306278939874324,0.0,0.0125641352060723,0.060440322319611106,0.8210982195851351,0.8993948800865885,0.9464950111418644,0.882904943015371,0.011151114525401911,0.0,0.05530581188927595,0.012339865986568836,0.04061008554130494,0.0,0.13049961536931437,0.09249252102733127,0.7896577921138215,0.0,0.0,0.0,0.08488310839863905,0.0,0.018566856707069625,0.0,0.8754261483815757,0.018625512247817513,0.0,0.10982662434198678,0.8394650730848348,0.8245015408206392,0.9241382604310486,0.9793613425392661,0.016746567605500567,0.0028861887748593473,0.0,0.0,0.0,0.0674266727879619,0.0633252951668684,0.04906725781302515,0.04862335028706341,0.23876419961957154,5.0
0.011874133680958174,0.005928552035932165,0.024516810422464272,0.0,0.0,0.0,0.0,0.0,0.0,0.0896576216760402,0.009005001829263493,0.0,0.030087951202692115,0.03660687183699919,0.0,0.15108836900393757,0.03385688414213767,0.029588861898012554,0.897546050833157,1.0,0.8418000953477636,0.8036458319825684,0.05638625773687003,0.1466869343501093,0.022397005002641857,0.8531989637295068,0.0,0.0,0.0,0.0,0.02850551503585684,0.0,0.04660361696447189,0.9061152175285878,0.8203852284536325,0.8194882235752099,0.8217666074024417,0.9034253851631231,0.042658287711890314,0.0,0.2323540796644527,0.8954963461860022,0.005849246778558907,0.019513271160213726,0.0,0.0,0.8980244904515531,0.0,0.034118605895992256,0.9439254052967001,0.0,0.030337755851011512,0.04347475534352938,0.01626315808923785,0.735603176664736,0.03492517282115134,0.0,0.0,0.993527769436493,0.9353601651507015,1.0,0.9657626216473555,0.040809364722570046,0.0,6.0
0.06944207706149746,0.03622986293542218,0.0,0.2484897928501637,0.08509320369983597,0.0,0.013907725634621193,0.0,0.0,0.0,0.6824729026513983,1.0,0.9167079309474127,1.0,0.0,0.03629784482612263,0.045929585519613715,0.10875359597950059,1.0,0.0533664116231968,0.0405524114995069,0.0,0.0,0.08896741078086261,0.002037648830028139,0.031538435922897845,0.7744525766840864,0.8497679775963091,0.8109399168548337,0.7699371206974156,0.0,0.0,0.0,0.0,0.0,0.06425536848488596,0.0,0.0,0.9189759717016699,0.045419030365578344,0.0031660379517072868,0.0,0.0,0.022996006049162587,0.0,0.06807742087002697,0.6961923847860448,0.15202359031326795,0.03465378787470321,0.013872098517640073,0.7023914223625903,0.8903086284477781,0.8378681569798059,0.9153973981037576,0.009667633570218276,0.2764601513177805,0.0,0.04541407179388352,0.050323907507404946,0.0,0.00016229054379247505,0.021172528658485523,0.005201176361097249,0.055750961540769674,5.0
0.0,0.04148382621148359,0.014165555556512678,0.0,0.0,0.0,0.0,0.0,0.0,0.0,0.09961255661900065,0.0,0.0,0.0,0.03135605472567298,0.0,0.0,0.05832277601598005,0.8593708924293336,0.7206507416366552,1.0,0.8088776447897214,0.0,0.006267125951534058,0.007723826929091875,0.8398800156965838,0.0,0.01021427781115864,0.08987094913516534,0.0293400992818912,0.7359199480634794,0.0,0.029800950518930426,0.047405397942958574,0.8527033736830895,0.7718953294372326,0.8105881686817362,0.784122410976729,0.03296653299460686,0.1639803729119702,0.0,0.8812892698862353,0.0,0.0,0.041589433480445345,0.020692584780683136,0.8002152692476885,0.09384912053897652,0.16038148157006366,0.9415364577675068,0.01547239500971228,0.01751839695179914,0.15276343819776128,0.009811817433549157,0.7287799393362979,0.023118913840225654,0.0,0.0,0.8341258234384752,1.0,0.9126749847343153,0.9061541064442816,0.011384881531908043,0.0,8.0
0.013661129587570318,0.0,0.0,0.0,0.008340681247829876,0.0,0.0,0.11610192378615197,0.008212055313618362,0.0,0.7935617008999037,1.0,0.9768002831265711,0.9829210380022766,0.03961481469167834,0.0,0.001771235337190899,0.024306342496662376,0.0,0.0,0.0,0.0,0.8222840877118267,0.0,0.03193621830124633,0.083871745376129,0.011991630741959894,0.08235338662513009,0.7276707958888378,1.0,0.9905664066674957,0.0,0.006173409321174679,0.051860712790433076,0.03950012024548551,0.04983172109899473,0.0,0.022267090368755234,0.7411144669421104,0.041314997726222547,0.0,0.0,0.0,0.0036237565042788046,0.0,0.06251204407914639,0.7949336037493973,0.0,0.13174249847574354,0.056024498464633844,0.9119170429828075,0.7753037480652183,0.7834289127740577,0.8198747904963435,0.0,0.09366945395952987,0.07929487006487378,0.0,0.0,0.006004440136108581,0.050358587500205824,0.0,0.0,0.01628814494359161,3.0
0.0,0.09547186646015185,0.014251107754616452,0.0,0.019877259044202664,0.010952423885518911,0.0,0.0,0.0,0.0,0.7436557240920185,0.7805951052558621,0.6970501145343355,0.7244154680698219,0.010993826841631388,0.07103332597222255,0.0,0.0,0.0,0.0,0.02729913476568783,0.0,0.9600395258191192,0.05735501391031183,0.06598647538573929,0.06303604447323419,0.0,0.01397791514563509,0.8812606850357362,0.8833415248530508,0.9559445757676792,0.21556025069141865,0.0796846744249994,0.021653787174593875,0.07834450818763863,0.0,0.0,0.0,0.868013141285238,0.0,0.03510328703199005,0.02075999362254376,0.0,0.05399634464928177,0.001278931654267802,0.0,0.7670434598463141,0.029609461060879985,0.05233926474832065,0.048065878639564276,0.9333021725697008,0.9573586638728505,0.966070461716366,0.7541587509125265,0.24271241145890857,0.0,0.0,0.012215021727474865,0.0,0.0,0.0,0.07199929597634834,0.0,0.06819510654013171,3.0
0.04211311942370102,0.006922286116367186,0.0,0.7789812446675936,0.0,0.0,0.08893801716507796,0.0,0.01452429334039522,0.0,0.0,0.8381721239077284,0.28187739041611504,0.0,0.009104251701740004,0.0,0.05339038990222002,0.023020186798137842,0.0,0.9196091408027476,0.005854322595307987,0.06430004683006349,0.0,0.12401391686053267,0.08116867959430774,0.03582513473238943,0.0,0.883404557784644,0.0,0.021468211652793744,0.0,0.0,0.0,0.059653011376356715,0.0,0.6739518939521434,0.007201606647010434,0.02384109537558081,0.0,0.04349240576809657,0.00245224140618884,0.0,0.005479314486073553,0.7569552665901217,0.0,0.02365377160080617,0.0,0.0,0.0,0.0,0.0,0.8834733873032525,0.0,0.0,0.0,0.0,0.0,0.0,0.009164492335322873,0.9097721937589952,0.0007283066757332719,0.0,0.12827356155896136,0.0,1.0
0.0,0.0,0.05964789144453186,0.06997386710999502,0.0,0.0,0.0,0.0,0.029322655645807744,0.0,0.060570858706596065,0.0,0.22483973282070474,0.020567220554332997,0.0,0.0,0.02058945991303089,0.0,0.744676325453332,0.9749791144239527,0.937395345255276,0.74718487067102,0.0,0.02983335659103637,0.018966649079642038,0.9596946813414442,0.009880101601322504,0.0,0.0,0.241533470970032,1.0,0.07306369001503403,0.0,0.9688346748430079,0.03474005073494566,0.011070721460929741,0.0,0.04593058797372282,0.8967738792318077,0.08111281318549785,0.0,0.8524273945020059,0.025548275740297107,0.04223478504850677,0.0,0.0,0.8794733087815603,0.0,0.0,0.925458599720276,0.04787104309548071,0.0574915333504443,0.06956726401211726,0.03078867881100325,1.0,0.0,0.0,0.06639458250626153,0.9044623725392986,0.8723846871845136,0.8796436766131761,0.7438278720581185,0.0015689711147300587,0.14137105813088477,0.0
0.0,0.8493041526346888,0.05054717173440736,0.11338565501734428,0.06564321852465993,0.0058922514239148,0.0,0.0,0.029249771438621442,0.8765064741629595,0.07772453393860967,0.048619149997429986,0.0,0.005575865449471092,0.0,0.0,0.053147905297317624,0.9993899578224198,0.04181940218805896,0.03386231796743664,0.038050447669257526,0.0,0.8586286783712279,0.0,0.17355930215322146,0.7948819843573885,0.8124637121572456,0.8322405934719816,0.8491774548655863,0.8794905576205162,0.9264482984198665,0.0,0.07549836897785789,0.00737696361595923,0.0,0.04497831880514458,0.0,0.0,0.8523221567019521,0.027610152100058894,0.0,0.03435661310741468,0.05105594879232605,0.04073372142490954,0.0,0.06518872462368663,0.900948341002737,0.042249746223539025,0.002298588732842992,0.0,0.0,0.0,0.0,0.08336456106136397,0.6770790908505862,0.04462272589225164,0.02056505576928085,0.0,0.025117621879799736,0.0,0.0,0.0,0.0,0.06420520781408666,4.0
0.0,0.0,0.0,0.0,0.04779182123189779,0.06873041397663468,0.0,0.0,0.0,0.0,0.824869548744278,0.872544742814772,1.0,0.8920482769741135,0.0334114706327807,0.0,0.028577936241906472,0.0,0.04982703690270984,0.0,0.0,0.02991887324761308,0.7685067649487467,0.16476789627014343,0.0,0.014918377426758484,0.04196963679224,0.02898348934512154,0.8850788242381729,0.9962512059577444,0.7332030083680404,0.0430183275932107,0.018853993555205922,0.03374735765096605,0.0,0.03872447046020505,0.0,0.05896447151481679,0.7913568976700834,0.0,0.0,0.04342102353086283,0.01698958318538803,0.0,0.0,0.0,0.789365665546265,0.08584487622274461,0.0,0.03125434728237733,0.8642040716602725,0.6831177183989833,1.0,0.9611201819388725,0.048355903350826235,0.0,0.0,0.0,0.0,0.0,0.0,0.0,0.0062891554089190066,0.2865194747140801,3.0
0.0,0.029818210443289347,0.04297376296759471,0.0,0.0,0.0,0.24670264969844136,0.0,0.0359135232126858,0.0,0.01991936059295915,0.0,0.0,0.0,0.0,0.0,0.32046501591818055,0.10340936816617217,0.7193934177269002,0.8861852250224982,0.8069545221709735,1.0,0.0,0.00227283257892056,0.0,0.8969238051178083,0.38288826172000207,0.0,0.0,0.08383804039441382,0.7811076926176093,0.0074266010109240626,0.0,0.0,0.7287430853955509,0.9482693019091828,0.7030415476191204,0.9910821853896709,0.0,0.0,0.019836274359210412,0.7408053738777438,0.0,0.0,0.029113383712326003,0.0,0.8535819496883524,0.05095213362737466,0.0,1.0,0.0,0.034687631329710276,0.0,0.0937939517788241,0.7532121924438004,0.0,0.0,0.07705399091243081,0.883205005298454,0.8172579978167799,0.7570335485360823,0.7797235250456562,0.018047911303043913,0.0,8.0
0.06896592777042933,0.03341052310403075,0.0,0.0,0.0,0.0,0.0,0.0,0.0,0.13407761962767736,0.8876877275151838,1.0,0.8144856906242526,0.8275001836205815,0.0022451902969770807,0.001856203344568441,0.0,0.07478809411832078,0.04144480786806387,0.0,0.0,0.0,0.8897742398755448,0.0713058634913352,0.0,0.035635975546857074,0.0,0.0,0.06217672830313453,0.7839923763132298,0.0,0.0,0.0,0.0,0.0,0.03264473026663219,0.7812813408032636,0.0,0.0,0.03830288416467392,0.0004476902077984366,0.0,0.0,0.7643215863973138,0.007031745778584578,0.0,0.02479008612656381,0.019461046357725532,0.0,0.0,0.8900746503290565,0.7461604023101315,0.9464381353961254,0.772427096994126,0.8908034192564096,0.0996666103374232,0.0,0.02824865484260937,0.04568370077531955,0.002030562805889975,0.07662140832411107,0.026290531462144853,0.0,0.04812883402468755,2.0
0.0,0.026409201410565932,0.0,0.0,0.008743680737578785,0.028394763779641154,0.0,0.06655575383467414,0.021869243731158828,0.0,0.0,0.0,0.0,0.0,0.0,0.0,0.0,0.025556388606330246,1.0,0.9745882101501625,0.698628975231318,0.8772827652084672,0.11730103832909618,0.0,0.01513226441097377,0.9879099441759713,0.04570483570479302,0.006627883051905929,0.11549933791448078,0.03494882851002815,0.9557732004173529,0.0,0.0,0.7194501947365052,0.0,0.0,0.006863135137311207,0.0,0.8907685896794649,0.0,0.21590293992273205,0.849239745816041,0.032610874571911225,0.0032865374380199467,0.0,0.030876094433690018,0.863595554119155,0.0,0.0,0.9470458571528129,0.14842469193807925,0.05678114522710476,0.22727130590136763,0.0,0.926780467719761,0.008127824017297853,0.0,0.03773885212766903,0.9917710290979284,0.7756620197087845,0.944444859535997,0.7835187949232378,0.0,0.0,0.0
0.0,0.0,0.0,0.0,0.0,0.0,0.0,0.0,0.06579034819805843,0.0,0.0,0.028620309594701673,0.0,0.0,0.25088298748892124,0.019663130985229326,0.0,0.0,0.8432013709932279,0.6692046444578253,0.8973385416292495,0.7135338292972565,0.0,0.0,0.019562773152940468,1.0,0.0,0.0,0.017556295924074147,0.03851578776514348,0.7380071613208286,0.0,0.0,0.0,0.9133689715784734,0.7694124780128802,0.8835441815468693,0.8682353164191485,0.853424685378541,0.0,0.005532547467323504,0.0,0.0676176779957606,0.0007286187060687663,0.0,0.031804056245001225,1.0,0.0,0.11574462949603659,0.15755087527532546,0.007915951199362425,0.0,0.0,0.0,0.7882053514073892,0.0,0.0,0.0,0.0,0.06779078114373349,0.034078166477198565,0.05175528351511771,0.0,0.0,9.0
0.22761546551034897,0.696896438564766,0.012200528321822854,0.0,0.008209457641207863,0.05180841580974203,0.0,0.0,0.0,0.8849278009136333,0.055053414932997924,0.0,0.0,0.02607291820690577,0.1084863500845013,0.03680262215003443,0.0,0.6862259178079289,0.0,0.0,0.021036727895547988,0.046892872528753404,0.7709574733076244,0.039021720323977625,0.0,0.831799325495737,0.9625390000668175,0.8946790574020883,0.6603416336947538,0.9794393961626937,1.0,0.0,0.04234872185621481,0.05534238197983028,0.0011768091856107503,0.0,0.0,0.029683299791933127,0.8014956563131214,0.024119045206038227,0.0,0.04111412704115989,0.05781200504694156,0.05300798199700227,0.0,0.01762462684986175,0.7490237106359511,0.0,0.0,0.0,0.025566901449809654,0.0,0.0,0.11867989594504968,0.8424567596744604,0.029728715712351878,0.0,0.036698189621302536,0.0,0.04445122967393819,0.015928821398150494,0.0,0.0,0.07034414102320712,4.0
0.0,0.0,0.006730922298853115,0.01372656167015008,0.06139584691625763,0.012662469772376173,0.0,0.05353626267889605,0.06215798108282971,0.020784731539462975,0.011770452333410439,0.1362070539767564,0.0,0.006859578451649923,0.0,0.10994460922564629,0.0,0.025405960087646437,0.7546984099606605,0.783231324415643,0.8059101935887606,1.0,0.0,0.0774775898158912,0.0,0.8469165112525064,0.0,0.03687969916721378,0.0,0.0,0.9124221130114187,0.013181765706000464,0.0,0.0,0.6928123593460949,0.8941623941007588,0.6495191761568555,0.9248538804123119,0.7658261922886351,0.0,0.03351556638414038,0.0,0.0,0.040950467782535284,0.0,0.10929021479140816,1.0,0.007982455432050109,0.011146992927322394,0.06130106965845057,0.0,0.0,0.022929142321466096,0.0,0.962796504802729,0.0017795476012108292,0.0,0.03014760624108019,0.0,0.0,0.0,0.0,0.08228072410065629,0.0,9.0
0.0437920813409024,0.0,0.03346358378392086,0.0,0.0,0.0,0.020462325704553197,0.03726688049377583,0.0,0.0,0.070941134535858,0.0,0.0,0.0,0.10536396726096918,0.0,0.07293209483323136,0.0,0.7336619223875137,1.0,0.7930654621558403,0.9823386400737614,0.0,0.0,0.05929386810621939,0.7739858240348736,0.0,0.10987697858065244,0.0,0.0,0.11604825755939713,0.05011516786612066,0.08108832793050902,0.8110252898415673,0.9455357835132114,0.8234496594039596,0.8561121060239091,0.7673971709035291,0.0,0.0,0.007006616440389768,0.8986087487879089,0.0,0.0,0.02362418892569649,0.0,0.7294484061790322,0.0526344235047453,0.043294698959566676,0.9808781542104075,0.036512431839241126,0.023147795146412277,0.2399677465156853,0.018004789953044647,0.8836443919524102,0.040764271491468725,0.0,0.019034037458509196,0.7031442542825588,0.8729676946807392,0.7536739360998249,0.7125460685161481,0.08467320817559468,0.0,6.0
0.0,0.0004772758534078714,0.0,0.0714032566188873,0.0,0.07990785297773685,0.0,0.0,0.0,0.09878732501756543,0.0021283855208683172,0.0,0.02694687871215209,0.0707685498012381,0.1799473417580847,0.0,0.022806369068539036,0.0,0.8906512934419057,0.8410301769451172,0.8704009640816373,0.7278310486125947,0.0,0.0,0.0,0.9355469781640402,0.0,0.0,0.0,0.050205460609646035,0.9391263405545536,0.10266560546894246,0.02924868770087793,0.006236766383893746,0.8002057339504223,0.9700258968746439,0.8316017624699048,0.9789568207450343,0.0368616550984829,0.03644509761371572,0.0,0.9483532188834753,0.0,0.0,0.0,0.00529328807937839,0.9678036368236944,0.09929623790293735,0.0,1.0,0.04467614551454849,0.1446719072329755,0.051804894369199384,0.008098401980621792,0.7533086313411025,0.0,0.07818827692211865,0.0,0.696218475070655,0.6557841348716941,0.9545028690591995,0.7598891495596649,0.06811572851268745,0.041441031758320576,8.0
0.31415054916673113,0.0,0.0,0.0,0.01806821089400546,0.03670582262054285,0.0,0.052875400201932515,0.0615781260413282,0.0,1.0,0.8436283340896744,0.9843149987676488,0.7111123083174675,0.010954185763169623,0.0,0.0,0.08122589311631456,0.7605818107644851,0.0,0.047904772760978986,0.04144497258068713,0.05197411602227438,0.07563790597138981,0.0,0.0,0.896692720499212,0.7998570041534258,0.915147898811822,0.7286473523561114,0.04514914579301632,0.0,0.011927221794605928,0.0,0.0,0.005660149580281302,0.15115587160658359,0.0,0.969632159630551,0.0033942998694290838,0.05406144418666801,0.0,0.0,0.020701753406369473,0.029480405462994866,0.0,0.8353621871110009,0.025691322308950205,0.0,0.045383054369998545,0.6887311029300555,0.6822960327873255,0.8233370879007934,0.8095670311118321,0.0,0.0,0.0,0.0,0.0,0.06529437034635784,0.0,0.0,0.059528162825261056,0.028031287328603258,5.0
0.0,0.0558716987577242,0.015525084183413328,0.0,0.09562766370213154,0.0418967951992926,0.0396492232698465,0.0,0.0,0.004307873115260967,0.0,0.0,0.0,0.09826543580806203,0.0,0.0,0.010655179490612343,0.0,0.8249753397103416,0.7960388546162659,0.6550980033382344,0.8040271336004382,0.05119479494675244,0.0,0.04881485846141794,0.7408159564095742,0.04278170611234315,0.0,0.035968850712701575,0.0,0.7077883870319852,0.02468571511324438,0.0,0.0,0.8154994311248194,1.0,0.9243838260107439,0.8801889723638373,0.11593382535449735,0.010595205235932277,0.0,0.7162374397066852,0.010126543326134128,0.06401596924748419,0.0,0.030476690895753673,0.6998794027646187,0.0,0.006022757998056998,0.932296653424613,0.0390821607346544,0.02352419844628964,0.0,0.0,0.8213837051167195,0.0,0.0,0.0026800157106640753,0.9435978818319936,0.7783469518320761,0.9608795501865728,0.8024880974124187,0.011101663536939699,0.03184485801947592,8.0
0.0,0.21428051647084953,0.0,0.8377422736691202,0.08398589423790484,0.0,0.06381345664324196,0.0,0.0,0.0,0.04137690159827466,0.9610648894431721,0.0,0.03675448823285479,0.0,0.0012501073694897885,0.08487508740065434,0.0,0.0,0.9073633561698348,0.0,0.0,0.0,0.0,0.0,0.0,0.06664710105711999,0.879115172273092,0.053026291853557,0.0,0.04870276970960649,0.08529231513023683,0.017653480872133955,0.0,0.0,0.8667116124853927,0.09113125859041746,0.0,0.0,0.009210590329978336,0.04771281346963073,0.08699288092941321,0.01958157509600116,0.8925586061315472,0.005075903003148241,0.00708514153626188,0.01910052019769859,0.009876306052443232,0.0,0.0,0.0023128923589125173,0.6537661299520074,0.0,0.0,0.0,0.06317873336161471,0.041597663557288944,0.0,0.0,0.8853490037051281,0.03618039774931678,0.026629764036351807,0.011918485584492615,0.011775884077245273,1.0
0.03386909426722289,0.012704512625034359,0.1365031964981227,0.0,0.06795945324720912,0.004109190432048826,0.0,0.0,0.0,0.029536403495066855,0.78391025388401,0.9461132590857846,0.8921397321452956,0.8353843139081625,0.0,0.013321486927326735,0.0,0.013800412276196975,0.04736547690156438,0.0,0.025095506764608262,0.0,0.9152318882694054,0.04960079977926808,0.025549037492794503,0.0,0.026704027492876432,0.0,0.9657604689893639,0.9402770822968954,0.8057454194449474,0.055675212495725185,0.019329820424888247,0.0,0.04975970756435427,0.01040424762346319,0.001384196001084617,0.0,0.7818117288562204,0.017854189435685355,0.03856819666704547,0.0,0.0,0.0,0.0,0.04927408832390683,0.8947520367574765,0.08833883148304011,0.0,0.0,0.8252140083211981,0.881883534019296,0.8385454673891245,0.8673945896961583,0.0,0.11047896383753673,0.041744721393027984,0.052212633448784275,0.0,0.019285008428387998,0.0,0.031545113861750546,0.02149624925915113,0.0,3.0
0.03008581306771579,0.0,0.035648379106148535,0.04900935792981986,0.03763552455171251,0.0,0.03149549562975787,0.0,0.0796787152112786,0.0,0.7415907521833496,0.9792773270700847,0.8197433276460397,0.9952300466652245,0.0,0.011597942172109804,0.0,0.10846383771268053,0.0,0.030126865798389912,0.016461498539131113,0.0,0.7678117223922375,0.0,0.031340481602731264,0.06401401856583365,0.0,0.02856091331010619,0.9049470859459247,0.9797621202843629,0.9851599264818758,0.0,0.07789651654212451,0.012325789327612363,0.006149875053673436,0.0,0.018385359102428802,0.02124302511479442,1.0,0.03249024772236403,0.0,0.0,0.0,0.05719797544408686,0.05871264164292041,0.11401255060169808,0.7609518427676185,0.0007804185534565707,0.0,0.0,0.7648224410148652,0.8761300215308122,0.9878783118137845,0.8155482333414814,0.08958574835842265,0.019259980555657696,0.0,0.0,0.0,0.0,0.087576023204955,0.03057837631148755,0.0,0.0,3.0
0.0502146145112681,0.15619472858140518,0.019291003642773048,0.0,0.04100872025911954,0.0,0.01543180731569213,0.0,0.09646255229648065,0.0,0.0912552018878795,0.03247589959748067,0.0,0.07785501646518087,0.0,0.05296279535693593,0.0,0.0,0.9363417341826947,0.8701990040594219,0.9034941711640411,0.8747474339398504,0.0,0.0,0.0,1.0,0.0644522052629383,0.0,0.05169588376879813,0.0,0.755795604434731,0.21236802953407552,0.0,0.9927570629111032,0.0063866706599915255,0.0,0.028890439792495493,0.0,0.8761455407262809,0.0,0.0,0.8822651109960122,0.07714812907612596,0.02301873782789314,0.0047916381914882115,0.0,0.9197893417316132,0.0,0.01807184752680831,0.9638693853801925,0.032783236528631264,0.0,0.0,0.0,0.6948337269580092,0.0,0.0,0.07192742716159599,0.6774423525426034,0.9449915187157459,0.866074048253014,0.8450005454486718,0.0,0.052446095992651626,0.0
0.0410484323397558,0.0,0.0,0.033743752400535024,0.0,0.03328191552098877,0.0,0.1145972916888102,0.029028956281208246,0.0,0.0,0.06730053195613789,0.02181073093417749,0.08043622274832633,0.0,0.050998812571186075,0.0,0.0,0.8743250275168569,0.8429929713689096,0.8433342744187529,0.9805283488317165,0.0678469754520053,0.03709416904348586,0.0,0.7675873228606538,0.0,0.10654634472473257,0.0,0.0,0.8868518189213084,0.19993324120247322,0.0,0.0,0.7593189469764937,0.8862794206237149,0.779659165557627,0.8867582925889177,0.7493848160820648,0.04320982880285989,0.0,0.0,0.0,0.0445483302027844,0.0,0.039851519259895246,0.843136268199172,0.0,0.0,0.0,0.05619367676831746,0.1062554026676757,0.03224331930269573,0.04683523333352021,0.6133748065576314,0.0018049620186792283,0.037285648226239414,0.014326098714875599,0.0,0.0,0.018337004639358542,0.1294713124961322,0.0,0.04320788529384335,9.0
0.0,0.0,0.0,0.0,0.07577964562399789,0.026972919345614417,0.04491521134251337,0.0,0.0,0.0,0.7639756165949839,0.9724792147110628,0.9370937365681613,1.0,0.0,0.0,0.0,0.027568599258123556,0.0935145499869511,0.0022754785465623935,0.0,0.0,0.9542296037983719,0.0,0.0,0.0,0.0,0.0,0.8720959615055591,0.7353784391315119,0.8880802158591896,0.0,0.0779598387942453,0.0,0.0,0.004430074699999143,0.0,0.0,0.8447538887053776,0.27376708437076247,0.0,0.0,0.06448641085192258,0.040847345979690745,0.07806296226876588,0.061183626437500485,0.8335308541524559,0.0,0.0,0.0,0.8319129908567623,0.7796594316165133,0.7121614630685029,0.8402676694116613,0.0,0.06803801858336803,0.0,0.0,0.12019027912070211,0.0,0.06594266659698747,0.0,0.0,0.08290915451719158,3.0
0.055019421925545126,0.009204782133915759,0.04391875708846485,0.0018662917342278957,0.04183232899187518,0.05043413606876204,0.337926406199228,0.0,0.010844834844535425,0.0,0.0,0.0,0.0,0.007631245329029927,0.016843088418366688,0.024832940604126844,0.01564925645471206,0.026715469847940182,0.7545345609219757,0.7505721851002218,0.8778840423969863,0.8284520438264354,0.03329087843925122,0.0,0.0,0.7269188282153717,0.0,0.017677288710310973,0.03121646777366161,0.0,0.18780920512219482,0.08431602180637782,0.02616503099647833,0.8199922852093398,0.7825044189999611,0.7796093166695779,0.7837441439302493,0.7844416908065218,0.01972806709315511,0.0005367562718087272,0.14016595346224223,0.846737505488171,0.01287968647744215,0.04229136072809763,0.03077024184134704,0.019457355986456745,0.8064628360892885,0.0,0.0,0.8360742930111473,0.0,0.05386374122693616,0.08197811908743251,0.014979402884766123,0.8379260645054638,0.006566011709885994,0.03094777727918968,0.0,0.9634866958539958,0.9609770849281385,1.0,1.0,0.0,0.0,6.0
0.0,0.02382402307143082,0.0,0.0,0.09422548540982871,0.09045689628229356,0.13305468002373086,0.05220250010138312,0.0,0.06878381171599321,0.0,0.30684547757038666,0.023789755506837783,0.0,0.04226976156490333,0.0,0.0,0.009786980917486646,0.6970025421519886,0.7939756174271413,0.9413853853638506,0.9518738027397157,0.09061751399488711,0.0,0.0019669687936388486,0.9545245349322072,0.041607287310887364,0.03699661876234492,0.008424044640391712,0.0,0.853345249033096,0.03550223796744771,0.02379133692839642,0.0,0.9512379621284086,0.7222894299377461,0.9376339183294152,0.8930753202065435,0.09196813229823851,0.01838145309983919,0.022985173574368738,0.7056555511938322,0.06370082658959486,0.0,0.030488130684222625,0.015633530458336847,0.9420726377232703,0.0,0.13473550673657672,0.8407721609600719,0.0,0.0,0.0,0.017387294639581226,0.7702808935564008,0.03331136512796762,0.0,0.0711402166916472,0.8441831916803108,0.9212941909326918,0.7559533038631272,0.7641631854670925,0.05202090092841655,0.0,8.0
0.0,0.0,0.06218678601846228,0.8671433250512711,0.07445465716067617,0.006033766549613587,0.030271050143322716,0.0,0.04337142309369103,0.0,0.01670729411041753,0.8971447893020933,0.07041421233725569,0.09478543202408246,0.0,0.0,0.051850097068262824,0.06415181528263683,0.0,0.9641026026467141,0.10022831648269095,0.038489777341925324,0.0,0.003055571385854098,0.118468147277441,0.0,0.0,0.8846150791746511,0.03247758414930973,0.0,0.0,0.0,0.0,0.0,0.0,0.8976283094152122,0.021363720656760777,0.011828507965015393,0.03500631232097339,0.033529094440303664,0.0,0.0,0.0028562022721897277,0.7158975507294082,0.0,0.02239799181961374,0.04893955047120578,0.0430870803251725,0.040860859612955054,0.0,0.0,0.8169918734536518,0.0,0.03485289222942705,0.0,0.04834252893336597,0.0,0.0016111467186619923,0.020487200613579237,1.0,0.0,0.0,0.0,0.1955965911023509,1.0
0.038446341255824794,0.0,0.0,0.8089817186719268,0.0,0.040564816522893704,0.0021456114348930417,0.027273922465899183,0.0,0.0,0.1493871526846575,0.8538114537675418,0.06250811773892846,0.08107311154193851,0.0,0.0,0.03039323704800062,0.0,0.0,1.0,0.0,0.0,0.0,0.05760006251313263,0.023123762077208895,0.006266862277722225,0.03272570411219879,0.7227655991581454,0.10298489089748895,0.05927734246415739,0.0,0.0,0.0,0.03814436210981952,0.039160586481256504,1.0,0.0,0.09789097917182604,0.0009647820594804045,0.09422263608953144,0.01642062742079926,0.0019463401800382885,0.07745668947784547,0.9884021763118245,0.0,0.057579046937130056,0.0,0.10527147551817875,0.0,0.10236050954251,0.0,0.8699762580732513,0.040050226064113514,0.0,0.0,0.0,0.2504070730653996,0.007585670877591025,0.049200898388014246,0.7744908449029819,0.0,0.03927332894350634,0.0,0.019399043092187703,1.0
0.0,0.0,0.0,0.049968257033458405,0.0,0.24141868309647302,0.0,0.0,0.04009539164278884,0.0,0.9621426680985382,0.8598505425917408,0.8510992044559176,1.0,0.02762572694295621,0.03838959789156723,0.0,0.02355040546767743,0.02348877028979589,0.07970455473670629,0.0,0.010262512864816263,0.8637091842718126,0.006305183130172788,0.0,0.017996149581423218,0.0,0.02928400928391415,0.0,0.7129832850241926,0.07174537737028165,0.0,0.0,0.0,0.0,0.07782735852488293,0.6981138713747926,0.0,0.0,0.022129432224324248,0.0,0.012831770852997741,0.022394777627745773,0.9587824957454032,0.0,0.0,0.0,0.004455597096012509,0.017544395961701015,0.0,0.9390430207340575,0.8087425842643639,0.8543787933307206,0.6656802280421733,0.8660139869826551,0.023836821418055307,0.0,0.1439922762153011,0.002798982040325208,0.0,0.0,0.0,0.0,0.04334765832941166,2.0
0.19931608666974945,0.10892421865392848,0.08506111584059567,0.01907539140950345,0.0,0.0,0.0,0.0019822496084150017,0.0,0.0,0.0,0.0,0.0,0.0,0.0,0.07027783856201988,0.0,0.0,0.8486641528946527,0.815720469204789,0.6938522704314528,0.8463877204212769,0.0,0.009782851359684486,0.08278789744502689,0.9219940632324711,0.022386878569024667,0.2985370393116661,0.1122804416074105,0.0,0.804167957593424,0.05124973619434328,0.0,0.01796256340694634,0.8609881517243323,0.8370899718253052,0.8596605801834666,0.8153817817422412,0.0,0.02594393609484033,0.0,0.8643888641587101,0.031508482559072654,0.09797506942145828,0.008114440407835065,0.0,0.7845581172828827,0.0,0.0,0.7803998638429246,0.008883810594569032,0.034900361132777925,0.04061886725879221,0.012615886575871371,0.9069052492299794,0.004541862021637213,0.0,0.09219174477336504,0.8139550203078669,0.9387092185735167,0.8279229804249778,0.8528718815438521,0.016918314549123133,0.0,8.0
0.007786641581928844,0.004427256768785351,0.0,0.0,0.0,0.03625286488515161,0.0,0.0,0.05148017377973935,0.008204961718488555,0.8130075137234388,0.8671791121563103,0.787142869948449,0.7979978626482089,0.014800161620006023,0.0,0.0,0.059079384576390885,0.029347664570532984,0.0,0.04846889512366376,0.0,0.7658436053461023,0.0,0.056989962758775436,0.0,0.0,0.0,0.7338767898893112,1.0,0.8778869083701372,0.0,0.027938084798167392,0.0,0.0207994284122113,0.04960563847591575,0.28108965115061796,0.0,0.8220247645553774,0.0,0.027085284531260828,0.0,0.0,0.0,0.0063706009653102,0.0,0.7389084612793023,0.0,0.023017863049935347,0.14814381772741197,0.900732412535699,0.8130865865723024,0.7892182315118372,0.8911254793078284,0.09956341244868468,0.05216787235600573,0.0,0.0,0.057276270994625726,0.06834484193622457,0.0,0.048385433951805716,0.0,0.29776303291977024,3.0
0.0,0.9272565959075673,0.9040389611824351,0.9808684623619557,0.8030793463903825,0.746136006314616,0.7667425797361554,0.0,0.0,0.022850834475953014,0.0,0.0,0.06755165158038533,0.03750747011116719,0.924088884675133,0.02087757699092823,0.014955875299075891,0.060129111765095215,0.0,0.06983131221653474,0.0,0.9310966996147843,0.0,0.03097406420818878,0.0,0.030281199607718603,0.052141096386006607,0.07539332220819704,0.8513526219071936,0.0,0.0,0.0,0.0,0.0,0.1007207109214188,0.9203369011657891,0.0,0.015385491866861611,0.0,0.0,0.0,0.0,0.7614013453887635,0.0,0.0,0.10147495302822501,0.17800913775381308,0.005211826295362948,0.0,0.9805963079494481,0.03297167313559947,0.0,0.05208957951723561,0.0,0.0,0.0,0.0,0.05654935404949089,0.0,0.004407482234414987,0.10406346603067591,0.04241669047846344,0.028809682116634774,0.013127319809959154,7.0
0.0,0.0,0.0,0.058685742441122284,0.007156912920203304,0.0,0.040712515105200256,0.05408884993459376,0.08999072559388355,0.028989133525907734,0.018383973328269024,0.0,0.0008961631538411257,0.0,0.016835198756928918,0.025108272328311594,0.0478150534328923,0.0,0.8109182222858746,1.0,1.0,0.9146384417025374,0.08589722474620837,0.0,0.05586548274422766,0.9868521689290493,0.0,0.0,0.0,0.10397023201212643,0.8128590882325266,0.0,0.0,0.6445716820215658,0.0,0.0,0.0,0.0,0.7973004470034678,0.0,0.05776502819117554,0.8043414264125224,0.0,0.02096097298397468,0.020075189205617433,0.0,0.9167770748523654,0.03564002030573899,0.0,0.9551526811451873,0.0,0.0,0.02592163886162299,0.0,1.0,0.0,0.0,0.0,0.7203447930249554,0.8714919545729009,0.7927196539026624,0.8667298971721951,0.0,0.0,0.0
0.21950358027489625,0.8281671444589693,0.7890486592324543,0.7623654612572124,0.9233431953486667,0.8911121215718761,0.8967056648347115,0.0014966306868198227,0.0,0.0,0.0,0.0,0.0,0.08052019241134899,1.0,0.02653134256709413,0.0,0.0,0.0,0.0,0.04922714284559683,0.799515174705357,0.0011750785347479,0.0,0.03749309356684407,0.0,0.0,0.041958129646506456,0.8694503738777699,0.0,0.0,0.022009338019183273,0.0,0.03303140303802767,0.0,0.9123809935031268,0.0,0.0,0.03254838676004001,0.05922985542790406,0.024338750758597934,0.0,0.6971802964908196,0.0858906421657049,0.03762958172693155,0.0,0.05484918247900459,0.006017624295531464,0.0,0.7406355442667791,0.0,0.1686290141066537,0.09724221463091845,0.0,0.0,0.0,0.04879633104302217,0.0337073658874086,0.02389693964818929,0.049492840381371,0.0,0.0,0.012432316359797344,0.029325594289531444,7.0
0.0,0.03350222170113545,0.0,0.2757810996525496,0.0,0.0,0.018916852300448733,0.02405171974147376,0.07605833171008508,0.05180073063066194,0.0,0.0,0.0,0.0,0.32078367888905385,0.028380931156152558,0.0,0.04135973991048411,0.9069095445927513,0.8767335449699893,0.7081870168377918,0.8618644986402855,0.0,0.0,0.0,0.9782288679066926,0.0,0.0637354539394062,0.0,0.0,0.964186352583022,0.1715620831029473,0.0,0.041182919509612156,0.8118953678720168,0.90486803221039,0.9767218871340339,0.9375013285801654,0.08231068384584916,0.05497314650576544,0.0,0.8643074465198974,0.020225954559913988,0.003921050040870906,0.0,0.0,1.0,0.0,0.06893955153472678,1.0,0.0015183588502781385,0.0,0.0,0.0,0.843545427718662,0.0,0.02315609769002283,0.046912190823953204,1.0,0.79177770214311,0.9068228073398075,0.9726659071301358,0.0,0.15328224868601473,8.0
0.0,0.0,0.0,0.0,0.0,0.0,0.07706501245306875,0.0,0.0,0.0,0.0,0.0776662967876226,0.04055496052258534,0.11916604511367337,0.0,0.07593597395476168,0.2712148897824095,0.034327923112476705,0.9906145834500363,0.7816360570964133,1.0,0.8406421143024118,0.10548966390714537,0.02672379782660732,0.0,0.9556379624920771,0.0,0.017769079767207412,0.0536593564383729,0.0,0.753162933841212,0.20248475761630463,0.036760673720308557,0.0,0.7044646952442108,0.7694190676562606,0.8992767899934466,1.0,0.05726078308196764,0.04397652369011598,0.0536037435281911,0.9225067687698971,0.0,0.049918174574866234,0.0,0.0,0.9727083665342108,0.0010624993420985582,0.0,0.9433222688809801,0.005363462141634051,0.0,0.0,0.053329483676071245,1.0,0.0,0.017015996346156758,0.0,0.8120311193049402,0.9634885155505164,0.7199305029067223,0.7812193350332388,0.022731551069360256,0.0,8.0
0.08180128563726227,0.0,0.0,0.058641434150116814,0.004358222503870333,0.0,0.0007235142447125088,0.005703524194974274,0.009422991934694562,0.005257608992802437,0.0,0.039959708382168856,0.00439721931878787,0.0,0.0,0.11073310999438993,0.0,0.0,0.8436839974246413,0.8941459267089634,0.937118777837747,0.6627195541302253,0.0,0.0,0.08000880393566219,1.0,0.012955356871327284,0.21245868997945122,0.0,0.00889188427734366,0.8791916470919897,0.0,0.02006682077043355,0.7990831584099094,0.06490961059097398,0.0,0.08863369724678619,0.3259630574885554,0.8839536957860216,0.0647900024507389,0.0630545267733194,0.8000226356185528,0.020249053594079844,0.016356737622659264,0.022232671494744904,0.009707031922080746,0.7171421728111589,0.04174299792104756,0.0023180720515488893,0.9677295356432972,0.0,0.0,0.0,0.013246040536834855,1.0,0.039338043928032744,0.0,0.019006743167861162,0.7639887491879255,0.9812229342928714,0.7878069351270852,0.896441028308621,0.08202523973376653,0.0,0.0
0.018564833154698156,0.06563906690563918,0.0,0.9247838484281291,0.022947885314540756,0.0,0.0,0.0,0.0,0.0,0.0751555919403163,0.8281103627356691,0.0,0.0,0.07504086280771805,0.0,0.0,0.06813948226071562,0.0,0.8955178716691568,0.0,0.014794116431724392,0.09952634999925347,0.10504680022193871,0.11489144958260167,0.0,0.0,0.7585991074990015,0.02106403339675235,0.00934487699031734,0.0,0.0,0.0,0.049412083563494746,0.045397289246622764,1.0,0.03347828759451191,0.0,0.22361832109758045,0.044436291323675214,0.0,0.0,0.05105771622665235,0.6442087115787707,0.018276782284649233,0.06404036968651292,0.0,0.12844917413819254,0.0949577547799884,0.010463391775803889,0.04365690218603874,0.7862390102595322,0.05184846167641547,0.0,0.0,0.02352979938582652,0.021012301540942552,0.05128111628425165,0.0,0.9039670177758494,0.0,0.0016201824586668748,0.0,0.06798230459979104,1.0
0.0,0.0052083460961006725,0.0,0.09320385739707605,0.0,0.0,0.0669891777178384,0.0,0.008967599612353059,0.0037083758913864493,0.03127500612264476,0.0,0.0,0.0,0.02156919947678416,0.0,0.0,0.024599594271993208,0.7737339572428359,0.9059323834880401,0.86407260517075,0.8381461774933837,0.0,0.028478816526279174,0.0,0.8734039472288643,0.0,0.029116799145190633,0.252591560560387,0.0,0.942012359888959,0.05540610101866007,0.07250443634402298,0.0,0.7745166361043124,0.8560581145754544,0.7170866797073503,0.9791472626541766,1.0,0.0,0.01553586886507957,0.0,0.01926850521276477,0.0,0.0,0.0,0.7944075828996902,0.07525560861393764,0.0,0.01813524819262404,0.0,0.0,0.0,0.15501488952961273,0.93865316496582,0.08440494438109253,0.0,0.0,0.0,0.04983048051539013,0.02005524708369375,0.00819365591709065,0.0,0.016957405570320053,9.0
0.0,0.0,0.05082353117014574,0.06477083563700164,0.026849482586403385,0.0,0.0654183666580661,0.036102692707368926,0.0,0.0,0.6867818904708838,0.879011146057261,0.9681672358689281,0.8424610131353145,0.03835834223628154,0.026903561610718538,0.0,0.034831652507243085,0.0339515949942434,0.029675027438362468,0.0006902920092548743,0.03865140322157842,0.8934481041080926,0.0,0.003973483172217617,0.0,0.0,0.03388367587331455,0.0,0.7140148578025574,0.005823691126482784,0.006031015135323892,0.0,0.055957665301576656,0.0,0.0,1.0,0.0,0.19287331295474244,0.014307407345236778,0.0697854681725691,0.0,0.0031228859018445736,0.8250008191500988,0.04432604091987255,0.0,0.0,0.0781460252081122,0.0016896661001242208,0.0,0.9380337866105857,0.8275299910760627,0.9291891796176803,0.7407749680329515,0.8904846696169126,0.0320559903420588,0.037468268586109285,0.0,0.06263316540671313,0.0,0.08381277801863599,0.006192328237415775,0.0,0.0,2.0
0.0,0.6808170774974218,0.8456979202700453,0.6718922475841554,0.8179937334159328,0.8143658676176468,0.9330970596926325,0.0,0.0285656193869536,0.0,0.0,0.046619457403974496,0.020490532933217495,0.05226661723836737,0.7506997397973788,0.0,0.05476368372704113,0.0,0.0,0.22828635505297143,0.09291158694137028,0.8087010969713998,0.034814294971400865,0.0,0.0,0.023386875161547777,0.07693671256453666,0.029187595730401784,0.8239332055488596,0.023962434142074728,0.057200515617986517,0.0103848727043471,0.0,0.0,0.0,0.9044207614103235,0.0,0.0,0.0,0.0,0.0,0.00900839425283667,0.8360572062987265,0.0,0.19896949512651504,0.01012728733902821,0.031996630988760474,0.0,0.0,0.7206437871082194,0.03922261324950911,0.0034726973779751254,0.015343097449757896,0.008009189765591436,0.0,0.0,0.10859578860840141,0.0,0.0,0.0,0.0,0.052443585888359824,0.0,0.009082084878487422,7.0
0.11400256851889752,0.0,0.01409072756868949,0.0,0.0,0.0,0.0,0.0001491562898771878,0.0,0.03656206160327605,0.0,0.0006818485563876183,0.0,0.030862228840798797,0.0854209443650144,0.0421570133056322,0.028714405843360876,0.0,0.8056735630509827,1.0,0.7045673766755086,0.9823972050333634,0.0,0.0,0.012283104658172311,0.9030579957286,0.05900461042512017,0.046050406294504284,0.05362350374116172,0.0,0.9043120988602527,0.0,0.07756957710926903,0.06322555184904824,0.7967349950088221,0.7347668605159512,0.8036934413341501,0.7338926769012832,0.9543215639362631,0.0,0.042000695104115915,0.0,0.0,0.06631090275556793,0.0,0.0,0.9279554961316491,0.01795427666620796,0.0,0.06404930042209483,0.020838252565466998,0.011403357553224532,0.0,0.006826957602587694,1.0,0.007931431868101467,0.0,0.020303470764426543,0.0,0.007501794511350738,0.0,0.0,0.06999979904486935,0.028694141558586635,9.0
0.003249720502717851,0.030049729699253427,0.0,0.0009018484444507677,0.010111037250516444,0.09477650327251588,0.0,0.026544521617086238,0.06710426564179585,0.0,0.07466146187026765,0.00945872374717662,0.0,0.03482112699734545,0.035720298593491656,0.008265959479359968,0.0,0.0,0.8764748165238143,0.940564232386601,1.0,1.0,0.0,0.0,0.00676766938854517,0.8754991776936004,0.0,0.0,0.03125471286706749,0.02597332879002594,0.950977911034456,0.0,0.0,0.7991855486386497,0.0,0.26682486921006615,0.1379276855448042,0.039964537644987426,0.7366777452207544,0.019833769904423912,0.05501788822194368,1.0,0.023976147348811844,0.053479491237582305,0.08696006340985227,0.08909076020872925,0.8682665784818301,0.0,0.0,0.6919906669243558,0.0,0.030193821270675672,0.0,0.0,0.903994618238744,0.08675831239303208,0.012457967071872338,0.0,0.7641933459675962,0.8761342895735655,0.8402074025636002,0.8550114606219404,0.0,0.0,0.0
0.0,0.08130582141002078,0.03656968621244817,0.9636507723429155,0.00907478020545381,0.02300154185784011,0.0,0.049907696736134745,0.0,0.014012693662497761,0.022186561240017916,0.8018809997520863,0.02679731650725179,0.04987053658236622,0.0,0.0,0.0643545684809486,0.07025213343255195,0.0,0.8924977549360285,0.0,0.0,0.0,0.0,0.0,0.0,0.0,0.8546923433257769,0.059597278792414866,0.06499919154129763,0.0,0.11527762423015163,0.0,0.017108866188413323,0.21559729554532175,0.8112247681464158,0.024455128508840598,0.050499616367518346,0.0,0.07287376219738259,0.03165749055934388,0.0011051090558335866,0.04605325016100676,0.8106858986708108,0.050327454200224254,0.043813632271954776,0.0,0.0,0.034395721262204575,0.005629622186524053,0.08429671915787679,0.8508156036506556,0.11562668958389394,0.0,0.032472207300899635,0.0,0.0,0.005405918008807025,0.07574810443015954,0.7088738212264202,0.10389241143730901,0.0857592332660091,0.010701361843556965,0.0,1.0
0.0281362855958653,0.0,0.03657535068865227,0.12055757590343581,0.0,0.0,0.0,0.0,0.016988171859047673,0.025972086562724442,0.0,0.04645369824335005,0.0,0.0,0.0,0.012241741155706712,0.0073244039298540845,0.005337462160615492,0.9981459824764531,0.9471603611686641,0.9659000504997329,0.7035286789070596,0.038425966578611415,0.0,0.04350193009541122,0.8635470330248691,0.07534795636683692,0.0,0.01932190838996431,0.18937243915227767,0.0825615999821101,0.08158878990227642,0.18020613895164456,0.7323191030640075,0.8806511836846702,0.9766736847061601,0.9080005933815032,0.8570785606783168,0.0,0.0,0.14154944999089067,0.8847093118269904,0.0,0.0,0.04869785852995282,0.10261689565462451,0.8569743948506193,0.0,0.0849062674718458,0.804767680454946,0.06436202940017358,0.13055542566711428,0.2819802165850496,0.003510830820472129,0.8978553293853634,0.0,0.0,0.03280130226533176,0.7289308002584169,0.9220591527895733,0.963349559167416,1.0,0.0,0.0,6.0
0.008165223008835333,0.0,0.0,0.05247560715034075,0.0018969315017567682,0.0,0.15420974509688845,0.0,0.0,0.04051297697298836,0.010651992568932463,0.0,0.0,0.038564386576200864,0.09854724956650807,0.0,0.0,0.052572749470595974,0.9022655824922445,0.8394874250794365,0.816395834784943,1.0,0.003019505306786711,0.03258117055690626,0.03617582813181777,0.7458086304807041,0.03363258232063399,0.02631652863529258,0.0,0.027333629444450325,0.9673181158085831,0.029732502291200072,0.0,0.9375696456094752,0.0,0.0,0.012204449180688753,0.0,0.8025987526090709,0.07833393883158064,0.08413237600603919,0.7704849928060702,0.0,0.0,0.0,0.0,0.8973840231971915,0.006692800063036804,0.068231883754504,0.8402949986275361,0.0,0.0,0.032550838986515,0.0,0.8931596475658714,0.0,0.2963851752647241,0.01473692025978534,0.8702578500639301,1.0,1.0,0.9435596288282699,0.0,0.039659426249671344,0.0
0.005696751369939752,0.012948044489734262,0.0,0.02529707218583669,0.003143866029241568,0.027126464487374408,0.0,0.0,0.09409341852790624,0.0,0.0,0.0,0.04389690247156816,0.0,0.01688039386973288,0.02424583631267992,0.0,0.0,0.8209694360503894,0.8526407363024838,0.7997626740309234,0.7838778517816962,0.0032267692620938262,0.06250463621363633,0.09776228173241203,1.0,0.08123840073825117,0.0022343692006726256,0.025010433527860837,0.07270312261233478,0.7645492305932375,0.018157556182116945,0.0,0.0,0.8320851791747854,0.7656429617702263,0.887649865628866,0.8789741772213111,0.010197308575000102,0.0,0.0066916371965553756,1.0,0.011304218378374316,0.06936051572465964,0.057813652463503985,0.010000618169751903,0.8567699192195671,0.0,0.0,1.0,0.06586581145133429,0.00035910183483966947,0.06436178352016679,0.0011364383141622475,0.6976878294082616,0.023066237019543374,0.0,0.0,0.8030265526897774,0.8619841659693385,0.8956276998667617,0.8042867660961265,0.01541176632912008,0.0,8.0
0.0,0.23837228098093954,0.0,0.0003755879592555375,0.016366286548480238,0.014585303891691194,0.06433982272976052,0.0,0.09419793487767991,0.0,0.9694419260056383,0.6808674098918787,0.7328156642912075,0.9779242970067633,0.0050930860144391835,0.0,0.06212863725432644,0.0,0.0,0.0,0.0,0.03801264334873323,0.7235582839310174,0.02336668744573,0.0,0.0,0.04777892040315516,0.0,0.0569390204477023,0.7946076504391969,0.03234977886612654,0.07822591083034292,0.0,0.034274715402405904,0.0,0.0,0.9578970460918924,0.04054218468520969,0.061015643089988025,0.0016121292927917946,0.0,0.0,0.0,0.9982330709947361,0.011411601143767118,0.0,0.045758455835984216,0.0,0.061130721386634036,0.0,0.69944996338262,0.7627695920028833,0.9910829883466479,0.7522394306301413,0.8656758924445151,0.07779179066771015,0.0,0.12945556706144049,0.02945476659160073,0.014748823428610733,0.04123481223903642,0.0,0.039599434414831935,0.0,2.0
0.0,0.10424370596996993,0.0,0.27259850471555597,0.0,0.0889131732974722,0.064261913567335,0.0,0.0,0.03943666492629035,0.0,0.0,0.0,0.0,0.0,0.010440525276578337,0.07147833865311186,0.001406117335791857,0.8859901788863092,0.8627086272086755,0.8285196019863111,1.0,0.01080372446443139,0.05387603155768755,0.0,0.7196142523154888,0.4055509014246068,0.0,0.030552349681388664,0.032150520796566724,0.7839750923810958,0.0,0.10179194142602113,0.0,0.8877951097506414,0.9326034092054836,0.6407767105727012,0.7612465084118674,0.0,0.13727445734910185,0.07801636949643842,0.9486461625739093,0.0,0.09843550761485692,0.0,0.19462878683917403,0.6886064058620404,0.0,0.002615816457501068,0.8527052887882836,0.14615858013162963,0.006948339881996605,0.0,0.08655835204207687,1.0,0.04012012427083908,0.036961148470779935,0.0065615656051095225,0.8832525123201693,0.9344026041656761,0.9272332204500997,1.0,0.0,0.0,8.0
0.0045882164971570594,0.0,0.0,0.0,0.005611425608346065,0.0,0.0,0.014428920064226634,0.0,0.0,0.0,0.05676399824263535,0.0,0.0,0.0,0.041619456127222364,0.10328012809385262,0.03504248424470923,0.9139837891175665,0.7263005547396975,0.6988655347088033,0.7533616888252754,0.0,0.0,0.0,0.753043971839779,0.046413208555487445,0.013239349652345049,0.0,0.10946465933610079,0.0,0.0,0.02617096793016224,0.882196850700597,0.6228006302231248,0.8544715944128922,0.9614544102987503,1.0,0.0021122281894039065,0.0685558071730623,0.3411077442932694,0.8623739035348893,0.042270494263829894,0.0,0.0,0.05264893362307275,0.8966294982475839,0.052491574553486235,0.03796848003279302,0.7842218147482285,0.009696139222249128,0.0,0.0,0.0,0.8272075292439065,0.0,0.0,0.0,0.9385410325223619,0.9117274161232745,0.8827785576022229,0.7423275712806157,0.0,0.021674130454781435,6.0
0.0,0.0,0.2899310040674259,0.0028175397741000787,0.0,0.0,0.02851200543741968,0.02602974033747168,0.0,0.00534634162373258,0.02247362892573493,0.03742067950486831,0.03546816368715879,0.036360542534976274,0.0,0.0,0.006315908957931722,0.060995112804529274,0.6856061467341631,0.9075540396490331,0.8183546373077457,0.7988499189313809,0.0025373122412004727,0.02887535592831017,0.08008889087370301,0.9896834749472196,0.0,0.016901611744064352,0.0,0.0,0.7753427904276702,0.036449106456643385,0.0,0.9690518699355631,0.0,0.0,0.0,0.0,0.9233302355970984,0.03570238775943809,0.0,1.0,0.0,0.0,0.04600856922797905,0.02372597631031121,0.8564138326649339,0.0,0.02988768461789447,0.7832570803050201,0.03596011041981781,0.00821538456148543,0.03950682715470857,0.03993532939228619,0.9375312779962789,0.0,0.03911925462885581,0.0,0.8908971263944028,0.754358950280802,0.8460409864526571,0.7489786851976705,0.0,0.020398732897187525,0.0
0.07493308500527018,0.7795293793617082,1.0,0.9927753055687181,0.8426225307157391,0.8042123397231363,0.91307364825098,0.06608646361901054,0.0,0.0,0.020564179662346145,0.0,0.08290711329990287,0.0,0.8442486033871325,0.0,0.11350034532397035,0.0,0.0,0.05406155016401361,0.0,0.9633030170287701,0.0,0.036784835271166404,0.0,0.0,0.021444163783611293,0.0,0.9795824859841137,0.0,0.2990251009469432,0.04283280489487156,0.0,0.10976099484058764,0.0,0.9107961935908722,0.03079833424268677,0.0,0.0,0.0,0.0,0.0,0.8483470677649364,0.0,0.0,0.0,0.0,0.06370247556576837,0.0,0.8922847911525067,0.05158791717048769,0.003375562037392728,0.1021520173448836,0.0,0.04557922739417877,0.0,0.08386991558777618,0.0,0.0,0.218190709275691,0.0,0.0,0.03906840423057861,0.0,7.0
0.012278619209700067,0.06587638747955159,0.05898519726997409,0.0,0.0,0.007288530270482383,0.0,0.046127602930452594,0.0,0.0,0.0,0.018328582438933486,0.0,0.028797314367581168,0.04931295667499632,0.0,0.0,0.0,0.9785726415547418,0.956957872205749,0.8287535028972342,1.0,0.05213160183049087,0.026020396213150578,0.0,0.8386504903088778,0.04394857211860459,0.0,0.0,0.0,0.7592131156128792,0.0,0.0,0.8824259122312574,0.08280182090612165,0.03339808503610114,0.005007049587057975,0.0,0.8680082721967243,0.0,0.0223546427717054,0.7202449220958189,0.025246596140456552,0.042456404056825235,0.0,0.0,0.8153586863249944,0.0,0.007723637950189138,0.9653356584596109,0.0,0.0,0.09924557636874543,0.027452755095297363,0.6537218978239939,0.01567320337190585,0.07104692807565388,0.0,0.7753083176517425,0.9526006225661087,0.7396833302303408,0.8862785208781607,0.01718801777977345,0.05744076883297401,0.0
0.04771900940558149,0.0,0.0,0.0,0.00016516920241845643,0.0,0.033905346784441175,0.0,0.0,0.0,0.7930104871531949,0.9100211195801767,0.7676450565722212,0.9821863087287506,0.04256872945895517,0.00828449637467921,0.0,0.06730705707640727,0.019493742401601802,0.0,0.022976089286465128,0.013556110272467017,0.8382714404365519,0.0,0.1584492572190088,0.0,0.22987567768853237,0.0,0.7860576497327789,0.7494050266039367,0.5441772366723686,0.0,0.0,0.0,0.000837457512047192,0.0,0.016267816519842764,0.0,0.7890698165227177,0.0,0.04708823847024721,0.13161871048946752,0.01991468157317593,0.0,0.07134677338305274,0.0,0.8411177660754661,0.0,0.0,0.0,0.9010317415383995,0.7036468005560227,0.7823217735711235,0.9702074879687737,0.01699685196905977,0.2620449774087261,0.0,0.024106347624830066,0.014306338350929863,0.0,0.005302377116000525,0.0,0.031426848524480404,0.002955877124295698,3.0
0.0,0.0,0.0,0.0,0.018506239907826235,0.0,0.0,0.12195752122424003,0.10852569345618038,0.0,1.0,1.0,0.9016195599710282,0.7703544688361578,0.0,0.057977630478786506,0.06685938206788006,0.0,0.03018976053997064,0.0,0.08640920261619811,0.0,1.0,0.0,0.0,0.0,0.0,0.027726585390627265,0.8449137562535614,0.6853309678627888,0.8554730172184067,0.05132247182380913,0.0,0.09467318281725752,0.0,0.03488876641818243,0.0,0.0,0.982421631884921,0.0,0.07166617689698666,0.0,0.0,0.0111565698616221,0.06753240330380665,0.0,0.9742050341520497,0.0,0.05176324472191605,1.7133304670177315e-05,0.8896889033307632,0.7572820740021089,0.8382413186774946,0.8356019894592229,0.0,0.01888118281270447,0.0006446672186385907,0.04913828696533017,0.06723766085959641,0.0,0.08776736233585103,0.058872312602939125,0.0,0.021195696777251534,3.0
0.0,0.024795332413055485,0.0,0.0,0.0,0.019361980023778463,0.029799532519998513,0.00012271248598966428,0.04240855849877466,0.028275525909203778,0.14560304777267266,0.0,0.09322686352592205,0.0,0.0,0.0,0.06507078070627924,0.0,0.9578271196853052,0.8201458234003548,0.6284874411031472,0.7278545172910422,0.13211143438950096,0.0,0.0,0.8204130680554862,0.07487495660218475,0.0,0.0,0.03672456662509537,0.8281443516484103,0.033682239348394157,0.04678155532751318,0.0,0.9675261955704622,0.680571731001626,0.8240654921108216,0.9550692192472363,0.9488235291463766,0.0,0.0,0.0,0.0,0.0,0.0,0.0,0.7936083263256861,0.029084819914378664,0.002098130784031782,0.04865803633220881,0.0,0.05331409663338126,0.0,0.12863459932645785,0.8127309595535224,0.0,0.0,0.0,0.0,0.0,0.01676164785966209,0.0,0.024158575109548636,0.025196041261306996,9.0
0.0,0.020402778869267165,0.019724246141389835,0.0,0.04237061832830505,0.08499939046279592,0.0,0.0,0.0,0.0,0.8049234637089134,0.7949468959339312,0.8052298090568564,0.9499208249227086,0.012578953205543933,0.04422651722634317,0.0,0.0,0.0028412777682813653,0.019818474356546566,0.0,0.019184125523999892,0.8600048536509057,0.0008287580965632076,0.0,0.0,0.025101198699252647,0.040293427248258115,0.0,0.9611374079452449,0.034620846906915616,0.21431641656717138,0.016710201244307492,0.004828434342826743,0.03164616965620739,0.024089200484094367,0.7590796148417095,0.05877641939013509,0.0,0.2958272622264806,0.04753939863804769,0.10492878263968988,0.03197460473735309,0.9243093784155105,0.007212016965982492,0.02676066843538359,0.020892520113199014,0.04257098511031355,0.0,0.0,0.8343741717957072,0.9651096245403673,0.8445640337600696,0.7812942019278225,0.6962686219544696,0.07757164440510506,0.0,0.0,0.2540007163113571,0.03236224091796746,0.04066554723793057,0.019259404565166918,0.0,0.0,2.0
0.0,0.005705118374914522,0.03843896272994604,0.0,0.0,0.019939560321121683,0.06595868160999593,0.06994797243799722,0.0,0.0,0.0,0.0,0.0,0.0,0.03586881121979852,0.0,0.0,0.08501051230215523,0.7559504697693821,0.9142408204105658,1.0,0.7155308406140398,0.0,0.0,0.0,0.7767738128875266,0.0,0.014088624707232576,0.0,0.0,0.6952805511417737,0.0,0.0,0.7798025484193449,0.0,0.0,0.0,0.0,0.8448555837419859,0.0,0.00674361868909305,0.7517555598675327,0.01610347032666368,0.03569832178535567,0.03610172495122364,0.15302836190097663,0.8609881369683063,0.04888604335944065,0.07095060402692668,0.7919725457684792,0.0,0.042721813495060434,0.013707217926801735,0.0,0.8514347472730635,0.0,0.0,0.0,0.8496130644305149,0.9975114426827185,0.8632083890772344,1.0,0.0,0.041389495882081455,0.0
0.0,0.0,0.06290855349685716,0.0,0.0,0.059709762978278416,0.0,0.0,0.0,7.943441329965967e-05,0.041275817736269656,0.0,0.053064238289961776,0.0,0.127715184836888,0.02073090365167059,0.06147534337853321,0.0,0.7340674886787809,0.9282861723870478,0.9456165315033874,0.7862362223005646,0.005472003400529347,0.0,0.059687177027787454,0.9289673201213063,0.0,0.10286668934694487,0.0,0.04053192270054137,0.050983037803436215,0.04360938652705912,0.0,0.9688441182864834,0.8863801806083933,0.7891504496653776,0.8740481215616284,0.7967430554717227,0.0,0.10181932400985996,0.04237428266253587,0.7998843875839925,0.0,0.004338348084153516,0.0,0.008413330980554315,0.8924949726319588,0.0,0.0,0.9286369196398647,0.0,0.27578105578510287,0.22581010570340132,0.0,0.7861311541772978,0.0,0.00830333625614835,0.02095960833566566,0.9510582521691002,0.791994966285372,0.8218894694374927,0.9406299507025989,0.0,0.0,6.0
0.03470397874064236,0.7104766269958819,0.8411638285243823,0.9418935421028107,0.7359068053269834,0.7303589195499322,0.889065843487988,0.04185508788293818,0.0,0.01862049328389857,0.03201655845879223,0.0,0.05247392753331527,0.0,0.8529478341781561,0.0,0.04908602889137328,0.0,0.09541528338448779,0.027082656786470757,0.005260944595557964,0.7860782214711894,0.0,0.1307154157569751,0.03908992692779335,0.00783993255174658,0.0,0.025086809930670025,0.8015201493466029,0.03594797630318563,0.3543907750172212,0.0,0.0,0.03380350566455544,0.0,0.7875426679075084,0.0,0.07249319753060955,0.04403673818139243,0.26213872857044357,0.06807852398172154,0.0,0.9036558022310768,0.0,0.0,0.043595291886955205,0.0,0.0,0.03145159893442749,0.8435551333329321,0.021348817754360913,0.07521576137410635,0.0,0.029971209910685543,0.03633505828283148,0.0,0.0,0.028115941952542686,0.008882006428274622,0.018352257166349122,0.0565168032543958,0.0524499957645448,0.0802115243911766,0.06029122435571802,7.0
0.007040539448115115,0.06314888056454773,0.0,0.08146450650400106,0.0,0.0,0.0,0.0,0.0,0.02594656317945302,1.0,0.7652660979113768,0.7277500664515306,0.9088427127527985,0.009700377267889327,0.0,0.0,0.04341364384829471,0.02797093007508258,0.0,0.0,0.08551053464697628,1.0,0.0,0.029465514996387,0.017563406471030142,0.0,0.0,0.7875323054620149,0.9376162277974566,0.8189149735441575,0.06869080133492038,0.06042226247576148,0.0,0.0,0.0,0.013691730305917672,0.0,0.7118607611008783,0.0,0.0,0.0,0.0,0.26513035872810825,0.03486009959491593,0.0,0.8907244219899161,0.0,0.0,0.0844009088167799,0.9290964625644055,0.858555016276402,1.0,0.9602320167044098,0.0,0.0014805854644615426,0.0,0.0,0.042365608154140116,0.05801347581112701,0.024687486207548646,0.0,0.01079995545794162,0.0,3.0
0.0,0.8168256214065447,0.019057381881620285,0.0,0.04147583640726615,0.000541807671186688,0.22826048366409996,0.013806892764353235,0.0,0.8681121963769827,0.06215504067595008,0.12487043702341215,0.013667655714813157,0.03917261108443352,0.029885552142860785,0.0,0.0,0.7849578138702243,0.004083854360838572,0.0,0.004756528193762532,0.0,0.7446131429748155,0.007281115311015123,0.0,0.8014354749692796,1.0,0.7906055842452558,0.8762469704914271,0.8757888643967648,1.0,0.0,0.0,0.05378982910000979,0.0,0.0,0.0,0.0074842095488073775,0.9195961989397992,0.030941738301496227,0.0,0.08060040361318588,0.056966893390313536,0.0,0.0,0.0,0.7234177869104732,0.003547286331019315,0.18257643829201803,0.0,0.0,0.004274429841307654,0.0,0.0,0.6408689872874271,0.0,0.0,0.0,0.0,0.06626036739066558,0.038537632530307384,0.0,0.05626494538862692,0.04523021925301089,4.0
0.0,0.0,0.062333224341576746,0.0,0.0,0.0,0.0,0.0,0.04465855623491577,0.0,1.0,0.7560267299653977,0.853812601233262,0.895186753159462,0.037746238041930794,0.0,0.0,0.09760746738692026,0.0012596495905601104,0.05965261468740938,0.0,0.037113782894172574,0.9842300844593976,0.0,0.0,0.0,0.0,0.04486149796949902,0.03185773526550932,0.768788840591625,0.010386766290615216,0.008705877435583025,0.009592143865121,0.0,0.0,0.030847574614862018,0.9261828248901574,0.0,0.0,0.0,0.019488981366631304,0.0,0.03972017663620454,0.8003268309493239,0.0,0.00942107055853783,0.0,0.06607425129967028,0.025817737346281608,0.003600449351602049,0.6896734737106477,0.8828954028340743,0.7451611319519773,0.6953342009813848,0.832772596103486,0.03982386780015335,0.0172878934338352,0.03408532797829398,0.0,0.012911573791128199,0.0,0.1550443343020757,0.007035167411716003,0.07884890988569077,2.0
0.013146731494958888,0.0,0.02928762228885275,0.03669735105829394,0.0,0.017714755445003703,0.0,0.0,0.3520214807591744,0.01525175686911976,0.0,0.03628582295563751,0.08353778996068895,0.0,0.0,0.0,0.0,0.0,0.8049993910019297,0.7563479797970031,0.8032746681782194,0.8940648262738305,0.0,0.0,0.0,0.9618112682970931,0.10580539634418396,0.055128562829792206,0.06453708975856387,0.0,0.7888854526554396,0.0597692084710964,0.0,0.0,1.0,0.88301933534299,0.7674469500177593,0.819347253815391,0.0,0.0,0.0,0.9431610190969386,0.03559018477287301,0.0,0.0,0.0,0.9207782452709248,0.0324541495846972,0.035577446804835385,0.8843252389979159,0.0,0.30671717158502426,0.040552582345283375,0.0,0.621381172484049,0.0,0.0,0.0,0.87464022901708,0.8796570759888938,0.9204760991428469,0.708939176504422,0.0,0.0,8.0
0.0,0.0,0.007715958113324928,0.053437939830148044,0.00706398289109459,0.03183495122143237,0.0,0.05160231131139092,0.0,0.05846152585175081,1.0,0.7480334469406299,0.8761130984023734,0.8721901038315424,0.0,0.0,0.096892481721434,0.0,0.0,0.009536540167610229,0.0,0.04702916128469349,0.7468588959348399,0.0,0.0,0.0,0.03369185857736606,0.03321400351995727,0.00974632672979392,0.9595962497368049,0.0,0.0,0.0,0.00746619867336726,0.007674873444121987,0.0,0.940072147123095,0.0,0.06162770576742212,0.04499162317087044,0.05521313462036142,0.0,0.05147894393517595,0.9314540911890847,0.08295320698919975,0.0,0.04522202106619028,0.02778954208246025,0.0026901750589473847,0.0641287505637874,0.9000525973600773,0.9862850242067612,1.0,1.0,0.8149254488508466,0.05888740291261621,0.09887426953343247,0.0,0.07014696271818872,0.026799088347954872,0.0,0.04961184420841735,0.0,0.35600990621205886,2.0
0.04542580799200427,0.11060033816827891,0.0,0.0,0.0,0.04280402415090988,0.0,0.0,0.045338823347996396,0.0,0.07749964306347143,0.08523377342879662,0.0542260315974243,0.004840492835456551,0.0,0.02300020859995509,0.0,0.0,0.6537276261453608,0.8982689182399852,0.8847994512346095,1.0,0.0,0.0,0.03951189387957174,0.9700591005785577,0.02305081989325017,0.028008603751063694,0.09100441856196095,0.0,0.7372363403107538,0.03986238380149368,0.0,0.05621872363435227,0.7448531539300428,0.8244536896535106,0.7763225311982315,0.923412478558022,0.0,0.159396824873453,0.0765846651784107,0.8990862843060979,0.0,0.011920255418242364,0.030628553356664857,0.0,0.9123715327762248,0.0,0.0,0.6617950849016606,0.06564775042105027,0.0,0.0,0.0,0.7828255721245809,0.0,0.0,0.07722189833356113,0.9795778039178561,0.6925547122754432,0.921731192919464,0.85070655983992,0.045612855661527736,0.053565786184611844,8.0
0.0,0.0,0.09248951629181308,0.0,0.00033961444826975553,0.002993743553745458,0.0,0.02270080179611031,0.04351429899294225,0.0,0.2208569325700694,0.03390412080128763,0.05386073119484422,0.0,0.0,0.0,0.09102827798504404,0.046153575611308006,0.9151974563632714,0.9441775769411458,0.8549619802877167,1.0,0.0,0.08520839612594105,0.0,0.9466950596916454,0.0,0.0,0.009123507628214412,0.0,0.9581314809293416,0.0,0.013330090714399615,0.9681369340937112,0.0,0.0,0.0,0.0,0.9795630810729946,0.0,0.0,0.6742836564397509,0.013029961055504856,0.07531525252963614,0.23939179969248686,0.07979190889473065,1.0,0.04007371550344378,0.04871220905088973,1.0,0.0,0.0,0.01499046541365453,0.2281063345781144,0.9777925176800614,0.0,0.01561676658838279,0.0,0.9139387554641475,1.0,0.91810969928645,0.9188573728602345,0.05155676763968508,0.042937083347427234,0.0
0.10674709775595402,0.8074873761640334,0.7798462167423755,0.8610740439426191,0.6910088941083972,0.8555194761355426,1.0,0.0,0.06914262131196028,0.24395957351623282,0.0832674707624885,0.01730206188659394,0.0,0.014786674855307078,0.7685394407538115,0.037497263062478664,0.0,0.03333538242224502,0.0,0.057764401254248476,0.04099870818630571,0.8838938967325104,0.0,0.062465252850274836,0.0,0.06322626361209961,0.011951354114673018,0.0,0.6673535259611121,0.047188599015203885,0.06069084211057083,0.06832645265259184,0.04446188969792875,0.004659830838623986,0.0,0.9335874943339028,0.0,0.0,0.08734681945577162,0.020692653765719837,0.026507119825942643,0.0,0.8466202565256628,0.0,0.1051141778659382,0.0,0.0,0.0,0.0,0.828320922305329,0.0,0.0,0.05326711904225916,0.006061321491944886,0.27138945885972077,0.03834900943869485,0.0,0.0,0.03129865345510463,0.0,0.0,0.0,0.01884007912471242,0.015156491440840088,7.0
0.05854661171696333,0.0,0.0,0.0,0.09181881116565298,0.04998434249278089,0.0,0.07422992291497708,0.0,0.07550526686408111,0.7699750196639926,0.9527218748459642,0.9134511131789089,0.8709924388637166,0.011233751303017347,0.0,0.04288864792157193,0.04304492927454818,0.011772773023306982,0.019407559535496936,0.040753140981576085,0.0,0.7856031010025936,0.018234932926311866,0.04740678410373982,0.0,0.2392118365193824,0.030425025824466226,0.0,0.7008992569216558,0.0,0.0,0.0,0.04908879009016465,0.0,0.033911872315988106,1.0,0.0,0.0,0.0,0.06120959987234281,0.16944964091786063,0.0,0.8980444901262744,0.011372982430462593,0.0,0.0,0.0,0.07686423819114917,0.0,0.8263364716125295,0.9313287100820853,0.7510222630416163,0.7736285099959029,0.9521266389385857,0.017199122494073283,0.04958711648584327,0.0,0.05855790386500063,0.0,0.0,0.0,0.10975939983242865,0.0,2.0
0.055239475606009836,0.7786551087352958,1.0,0.6970436181420464,0.9657593697050213,0.6764587369307858,0.7173983672161643,0.00800510306302289,0.022653920646036826,0.0,0.0,0.0,0.0,0.0,0.7300614562630838,0.10917235915410901,0.021940581801322884,0.0,0.0,0.0111449318330432,0.0,0.6991733600927427,0.24859040486348613,0.0,0.0,0.032912638230900605,0.0,0.0,0.837362174080624,0.03213709525884706,0.0035082102372402447,0.0,0.0,0.0,0.0,0.8069941735720545,0.0,0.145555495903232,0.016317134913735824,0.06301376686281991,0.027316440564185057,0.0,0.7367895759831055,0.002828017698398754,0.07257378843932102,0.0,0.04279449516486064,0.020233692348167395,0.025900052001301833,0.9891335252477603,0.023047943980086104,0.03424377133698474,0.0037707645823575526,0.0,0.008432696150330724,0.0,0.0235528599493783,0.0,0.03486928922754464,0.039690450094745866,0.04223341662431627,0.0,0.0,0.04188750367143911,7.0
0.15307183985932896,0.0,0.05435360726891299,0.0,0.0,0.000835520078157053,0.0,0.1616162605193217,0.0,0.041804480208005916,0.7963443283202762,0.8176340354543548,0.7467466775048406,0.9210018313519648,0.0,0.06806853090040595,0.05465836499191802,0.0,1.0,0.0,0.09551095982935429,0.0,0.10263135365305308,0.0022355420279651893,0.0,0.0,1.0,0.8030883041648944,0.8548572596025136,0.841192361633747,0.07224313923276514,0.0,0.0,0.11373085874508893,0.0,0.0,0.0,0.0,0.8301620750806095,0.0,0.0,0.0,0.05852884925304217,0.0,0.0,0.0,0.9979968875732619,0.02921212209307744,0.0,0.05139793087762565,0.9923880960771327,0.9267441093399436,1.0,0.8197756155643444,0.0,0.06701449036216477,0.0,0.0,0.0,0.0,0.012154712287759911,0.0014855639413740409,0.0,0.0,5.0
0.008296979412984311,0.011786731119129486,0.16703090944309204,0.8070718989935707,0.06793643745302784,0.0,0.004929682684950265,0.004037421714910374,0.0,0.0,0.0,0.9728695152775028,0.0,0.07505829378677457,0.0,0.0,0.0,0.0,0.0,0.9873770277817311,0.0,0.05301386689809841,0.0,0.06018728543712163,0.0,0.0,0.019290693047062317,0.7578402215131451,0.0008459648126026027,0.0,0.0,0.0,0.0,0.053414192310091924,0.0,0.9847084991026801,0.0,0.05865753473548137,0.0,0.0,0.03701057287677572,0.0,0.0,0.959211662647877,0.0,0.013540821871867923,0.0,0.004256527170830213,0.007847817877050809,0.04768517481308467,0.0,0.7939369934280512,0.00280784898040654,0.0,0.0,0.0,0.0,0.0,0.0,0.7675679898728921,0.21135339886843799,0.0,0.060115770972465614,0.07132184389542284,1.0
0.08683072223041904,0.0,0.0,0.02440077804268715,0.0,0.04120781000366151,0.018231714201830305,0.0,0.0,0.012025843820257546,0.02832294258462801,0.0,0.0,0.07012034904338642,0.06254313230584267,0.12762994708353834,0.03942777638009347,0.0,0.7529747180254377,0.947096847175265,0.7516031524188095,1.0,0.01544071197750145,0.0,0.004638587280613553,0.9998462221017641,0.0,0.013893140185791176,0.026309168048503435,0.037128602584949814,0.7604120372837975,0.008218276293475307,0.03750687520834081,0.2941550116473963,0.8018421801895037,0.9983130400690299,1.0,0.6621402393320203,0.8260424488139203,0.0,0.0,0.008423827905427997,0.0,0.04597104093961479,0.06004712444976025,0.0405194604696045,0.8131242626526921,0.04148374313492378,0.03022246886833794,0.0,0.0029526725365322413,0.04548674131178494,0.027738343004139455,0.019326534002485747,0.804376327746749,0.03547567928985288,0.015896430354357775,0.0607497476749201,0.0,0.0,0.07115573967172763,0.058276715698766135,0.10977656939176306,0.0,9.0
0.0,0.06530049321569563,0.03545039819284815,0.0420778314048792,0.0,0.06749179275618565,0.0,0.0,0.024524093251195075,0.09850880098637915,0.0,0.12482982497325018,0.031952051564864886,0.0,0.045484668184923326,0.052483330461985014,0.0,0.0,0.7302385355919281,0.8399215546316818,1.0,0.9198438626893017,0.020831888345152667,0.0,0.0,0.9415624161380404,0.0,0.03707794107319415,0.0,0.2164847269408137,0.0,0.0005743931224180954,0.0,0.7562342551497967,0.7398046268830634,0.983518435361459,0.7967581088675704,0.9383905938529861,0.0,0.0,0.02335718090357708,0.7672460812984989,0.07179643372747256,0.025409948579544997,0.034496544508564556,0.025682848080472023,0.705048989734804,0.08459591338850778,0.0,0.689557642767131,0.0,0.22331369347830837,0.015850692767205517,0.02562879345902466,0.8201674096297396,0.03547999124950842,0.0,0.08805983337859505,0.8081865455691281,0.8150649197453951,0.819363884036471,1.0,0.024923124931516695,0.0,6.0
0.01600885015472607,0.8315420927783023,0.8500394614878545,0.985977392357978,0.839467719518786,0.8134428917394751,0.691665115996033,0.08641658981564862,0.0,0.06513570495002186,0.0198517563052095,0.07242472259710213,0.0,0.04419615545046933,0.8255232483115862,0.09122077077678051,0.035571342667065596,0.0,0.033530952858045825,0.05256737162728445,0.0,0.7059404556739471,0.03337746356838965,0.0,0.011907137495552965,0.0,0.11886653192172963,0.0013610924360973843,0.8465056113748203,0.0,0.0,0.08551737907654444,0.0,0.017310863100067245,0.11021459459212302,0.9913477717166022,0.0,0.023343693315286147,0.0,0.0,0.032270381942139915,0.0,0.8289209401419583,0.0,0.07461801328824734,0.061841520082792534,0.0,0.22700909850814707,0.19145204043733255,0.7698773613743194,0.03388286838172156,0.0,0.029804658146972293,0.0014365738528382794,0.004954821261191521,0.0,0.05514074685845545,0.0,0.06035098195382524,0.0,0.0,0.09314817642296425,0.0555370170563695,0.0174330445265677,7.0
0.14286744169315713,0.0,0.0,0.9781441459222935,0.0,0.24695627960193775,0.0,0.12100530248665207,0.047683308303916795,0.031900469554238045,0.003950425114702697,0.8585191774555102,0.0,0.0,0.0,0.0,0.05492919785680176,0.037443784738420485,0.07498413856670313,0.7715172439531515,0.0,0.0,0.005542848966613476,0.07451371786907728,0.0,0.04205170018499582,0.0,0.7068891041996971,0.0,0.0,0.010681795819431763,0.10217417034108121,0.02317100332589793,0.07215307643476908,0.0,0.9383469311451045,0.039254536651274416,0.0,0.11226059728404812,0.0,0.0,0.04569076434369265,0.0,0.7291436187289478,0.016590739594062258,0.0,0.01270536302467326,0.07325560425568908,0.0,0.010451919059497092,0.0,1.0,0.09275084659175288,0.10257467147058136,0.0,0.0,0.01876598860264632,0.008431454463672609,0.0,0.7730948515516466,0.0,0.0,0.02819450921645756,0.22694983232595092,1.0
0.0,0.0785276809065713,0.0062318003113479015,0.0,0.0,0.017233510928994302,0.002952492543456522,0.0,0.021522732150959498,0.0,0.63859809398441,0.8957939015005523,1.0,0.7420529517460104,0.0,0.013584717193163957,0.0,0.0,0.04930894809107993,0.0,0.0,0.0,0.730186948551331,0.058242298822521014,0.0,0.014108579928892421,0.17760490355961417,0.012820168768745147,0.850568627371543,0.6968361725461771,1.0,0.0,0.029485990932667794,0.12328644530491964,0.0,0.0,0.0290632208765513,0.018924697980516613,0.9120355662295745,0.12272250090978228,0.01097824893462777,0.20345080026848966,0.02831583821825358,0.0,0.0,0.0,0.8549926654874493,0.033762017943795034,0.06389323255728929,0.0,0.913316575071801,0.6871874611694201,0.903488922550003,0.8819161903149284,0.0,0.0035875392547921638,0.0,0.0,0.0,0.03068922945926903,0.0,0.0,0.0,0.029768913711226377,3.0
0.021769148552929257,0.8560450262569621,0.0,0.0,0.0,0.04935850180872553,0.029286137067427026,0.03610144681149175,0.0,0.804890534573881,0.029932534007178314,0.0,0.044788894303800744,0.04940798162102067,0.0,0.021116436438309447,0.020960130490791665,0.8799468262816483,0.0,0.19512277826031274,0.0,0.0,0.7909703935358787,0.0,0.10031377240210551,0.8688836764174654,0.6704778117458535,0.9077876536824865,1.0,0.8502133558992775,0.7737206609978741,0.08099547061335599,0.02921156848282823,0.0,0.0,0.02829564590419749,0.07700759783969217,0.02015652916852742,0.7012625767924336,0.09258354426420928,0.016298722566112502,0.0,0.019336567845013117,0.0,0.0,0.024615830983332025,0.8937866235228389,0.0,0.029671937560073077,0.0,0.051247572938708755,0.0,0.0366735453930865,0.0,1.0,0.009657434314028362,0.0,0.0,0.0,0.014867768119567562,0.0,0.0,0.0,0.035770021851876874,4.0
4.235780308291039e-05,0.0,0.0,0.06100853498343026,0.08393445860375962,0.0,0.0,0.04887399775846626,0.0,0.011582929187801905,0.0,0.008366651715311956,0.06758863015192382,0.06607985513905258,0.048564645541895206,0.09482088767923985,0.0,0.01562746472380664,0.9296177745638503,0.8937486858978255,0.7130766316276801,0.7102072969921089,0.11661369296056398,0.010496023988863573,0.0009015675225552566,0.9181001657534682,0.07273639060488081,0.0,0.0287823491829621,0.0,0.7195610917964465,0.0,0.0,0.9170830873493157,0.32933525881386416,0.0,0.0,0.03140817019212781,1.0,0.054155815223787665,0.04000511210179884,0.9109144995352966,0.0,0.0,0.0,0.05184467344178417,0.6556954705434329,0.0,0.03203439359991717,1.0,0.0,0.05166541379000888,0.0,0.0,0.9441266467487358,0.07268628528431444,0.0,0.05791886441398352,0.7693619645062882,0.6401139366989188,0.9808558233616141,0.6896462303267413,0.02855715021733741,0.06375380558117469,0.0
0.19508270515441545,0.036157036361784335,0.0,0.04978148925243037,0.03372555706491457,0.007327143477332329,0.10108486619879148,0.04235647170375424,0.0,0.09994185235955591,0.04698554908782853,0.07872675007263544,0.0,0.0,0.0,0.04096195798016364,0.06109150241810188,0.0,0.6826668089741491,0.747980031185282,0.8997272195373215,0.8192562625880022,0.0,0.053508936471969096,0.0,0.8184381789396684,0.0,0.04019734153119768,0.0,0.0,0.9136569799308012,0.0,0.0,0.02932542359449174,0.8878675500875732,0.7171164053640764,0.6859244850899394,0.9534960654770464,0.0011764054588191465,0.016199889299826277,0.12406356933689036,0.7718584733484513,0.0094456478843941,0.0,0.0,0.0,0.7239602053317025,0.0,0.0,0.8822109995736827,0.012662084857795911,0.0,0.007744292208343289,0.019878828316506204,0.8531563367964016,0.0,0.0,0.015505347699580084,0.8589921726997943,0.761666739922337,0.7916403549927524,0.9643827373164021,0.006933722865454741,0.10018237314507382,8.0
0.0975279603295167,0.0,0.0,0.004385196274354711,0.0009778121063390257,0.02188709674407109,0.36553212395736084,0.008933144008884543,0.0,0.007316043917158574,0.9748939187546757,0.9510714503339837,0.8895071916061174,0.7486378483844001,0.0,0.04360609684692789,0.010086130079909127,0.041661436631227275,0.69054809086129,0.0,0.0,0.0,0.008470784961168194,0.0157295366690096,0.001465739436675675,0.0,0.6905343636194838,0.6682652242366504,0.7885108605707767,0.8537797014480075,0.0,0.005171716677217556,0.05603604053639836,0.09153407270418412,0.05156788709318513,0.0,0.0,0.10213387041265065,0.8074080620722168,0.04129850404596769,0.015445544563089306,0.0,0.0068783781030322885,0.049070013827617734,0.03819651428173216,0.0,0.8809877557306404,0.07605121929093818,0.0,0.0,1.0,0.8167024202456392,0.9217685003415118,0.6000236214308755,0.057556235791274724,0.03890425491701129,0.0,0.07902582162753963,0.04464518781873012,0.007700252793133544,0.009294575566821504,0.0,0.0075194040565101615,0.0,5.0
0.038748690523727564,0.0,0.0029020187042363625,0.05194723647219421,0.0,0.02330519472500402,0.013248837653417151,0.07104618813416452,0.0,0.0,0.7739543277386344,0.8228487878497796,0.820738074364568,0.7923874740358228,0.0,0.0,0.031998643116782695,0.006659409296774061,0.10348267094790708,0.0,0.03333924998645878,0.0,0.8355359226339462,0.005792207912859016,0.0,0.013014129774897083,0.0,0.01404198589307061,0.0,0.79817915321107,0.02619340196186078,0.0,0.04629746805911783,0.04492834115999337,0.0,0.12972028970005187,0.8172882163391362,0.059387838101333704,0.0,0.0,0.0758926136235606,0.03693929291964493,0.0,0.7970828622352014,0.03830054798437803,0.0,0.07780853442150228,0.0026925357851509124,0.01912469733893405,0.0,1.0,0.8984178647652454,1.0,0.8916544048833527,0.8550423445456702,0.029597049279498185,0.08595923987928929,0.0,0.0,0.0,0.004264484762607503,0.12594065715309993,0.009218224269258977,0.0,2.0
0.0,1.0,0.7628247978384074,0.7966302369596505,0.815758557892631,1.0,1.0,0.08225967397395634,0.008146815519623669,0.0,0.06557531654342605,0.0,0.021171508109415777,0.08941102587168155,0.8051050256194983,0.03656777500152088,0.0,0.008985919342967707,0.0477452949765277,0.0,0.053702332254402234,0.7740893762395217,0.08512305373476545,0.029416243042677592,0.014676470853743113,0.018109336949813645,0.0,0.0,0.6534915234705969,0.0,0.09061840984997573,0.0,0.01814115255909837,0.0283952222612419,0.0,0.9528188675403534,0.011835032956770608,0.024266180223031335,0.05052104350927519,0.0,0.06033739105688549,0.060659569246776214,0.7996139013055767,0.13352875991523547,0.0,0.0,0.04802473378147878,0.016405231139527042,0.0,0.9557342154572936,0.0,0.0,0.0,0.028997699366895585,0.0,0.0339086184296319,0.0,0.0,0.0,0.013718633762740635,0.0053486764812542865,0.04222743925232269,0.25532480172179767,0.02098181800255774,7.0
0.0,0.0,0.07460431038015693,0.0,0.0,0.0,0.03012504352862519,0.07324199827175197,0.002674881078001597,0.0016238015748554465,0.03865893709450315,0.05153167883395046,0.0,0.0707079057552947,0.046727328802121694,0.0,0.0,0.0,0.9359559887105982,0.8981450085612439,0.7980304846938748,0.9548435591502439,0.03450316112250657,0.09034361292980325,0.028646499129128613,0.8199648014665724,0.0,0.0,0.07850979398654707,0.0,0.8958236761196412,0.0,0.05448658160349567,0.8472349788971454,0.013874030448549013,0.029867531854095648,0.0,0.0,0.8534960410416629,0.0,0.06449806746673825,0.8001613307759945,0.0,0.015802572079204876,0.04302190906937925,0.01433104358776499,0.7946101106788358,0.21912132139125406,0.0,1.0,0.0,0.0018877797353592002,0.0,0.0,0.9060228404225709,0.012660676461678394,0.021252863746542065,0.060506677963576616,0.7072547202355081,0.8946488548856848,0.9827367111138868,0.7565649856877544,0.045867534054397585,0.06327155318615019,0.0
0.020922589999820468,0.0,0.0,0.04715837757900632,0.0,0.0,0.049125055580804704,0.0,0.1536444833888053,0.0,0.028520691249641607,0.05996311196381663,0.08035051329899481,0.07470836045829453,0.0,0.022523676040003868,0.021028486485262288,0.03304288860456227,0.985867487457989,0.7030153645202997,0.9041807157024786,0.7180506287724345,0.0,0.0,0.0,0.8097536042916854,0.08613260252411623,0.04276943872440638,0.0,0.0,0.8604162335469395,0.0,0.02426648891887448,0.8649701080534136,0.0219071659042782,0.20052057919862482,0.010706745954314057,0.16050069219031096,0.776954724540441,0.023152138229258393,0.052791904225271816,0.9162004963399476,0.026431994228607092,0.025779743648169724,0.0,0.026810458620465397,0.7680529580581048,0.01840676942528781,0.0,0.885705126099059,0.019548026177769115,0.0,0.02060499387473503,0.0,0.777238169466058,0.01878992284807394,0.005525503487230568,0.0,0.8523240554408674,0.9418626848968683,0.9633142810103849,0.8775796798780331,0.0,0.005089308327667974,0.0
0.06920756209931965,0.0,0.0,0.0,0.0,0.07002965959867505,0.03896084972318256,0.010109204079901962,0.0,0.10389173301562976,0.01801037739089081,0.02462384913670912,0.029143375063538614,0.0,0.0,0.00015266837144392516,0.009480305242544416,0.03356828828874452,0.9756406246533375,0.9923008311686992,0.9662128730477494,0.7242229709432143,0.09156729424863039,0.0,0.05043759922838124,0.742811239543066,0.0003051445197747313,0.0,0.0,0.0827472412175817,0.9081449895826784,0.0,0.06364286636142925,0.0,0.8726405439548593,0.8765413253774866,0.8034893262994292,0.7334855030370488,0.0648455700526314,0.07072763380127946,0.12662980026609022,0.7613218533445122,0.014191053140182522,0.03135952171202946,0.0364490228845375,0.0,1.0,0.02172378816059652,0.24457820496985885,0.9421112281248231,0.0,0.0,0.0,0.0,0.8456106029118375,0.060000381184040476,0.0,0.014287168805390025,0.9076102932657194,0.7287280291546444,1.0,0.8677184175108291,0.2518174200265042,0.0,8.0
0.13392057434843163,0.0,0.0420150518594071,0.019589237644142388,0.05347284708369252,0.0,0.10682929643560249,0.0,0.016201855399751528,0.0,0.10096582296895402,0.06620811388523636,0.022409810177818457,0.0,0.029892691284896356,0.0,0.0,0.0,0.916309915277392,0.8763951815049981,0.9396166981568533,0.7358376872517346,0.0,0.0,0.04318388291426008,0.7627525435899796,0.0,0.0,0.009956277642855347,0.06055136859011138,0.8270513429873975,0.0,0.0,0.8418540948802374,0.01684634916360981,0.0,0.0,0.0,0.7922038440865112,0.0,0.007182581359646629,0.9738011549328779,0.06033975987696939,0.05916798340443516,0.04956549439837487,0.223040296568738,0.985356335943339,0.04107786185553348,0.013156423357021564,0.6677459335373319,0.0,0.0423110602917173,0.26825426529871405,0.06195657604165688,0.6941200471390578,0.059431597937746355,0.0,0.02037931761818917,0.8513979476984473,0.8319352017735913,0.8427233089663737,0.7892082382774581,0.0,0.1124656982790884,0.0
0.07927975749257248,0.9190632009717,1.0,0.8080779453471534,0.8174383958998499,0.8159299788840843,0.9682545712899552,0.0,0.0,0.0,0.031808370016805546,0.0,0.03824276500599979,0.004234265785358507,0.9089875075154608,0.03500623159824863,0.026077051315969053,0.0,0.0,0.0,0.007853849363910786,0.6338004669585391,0.0021694291633462446,0.13138994721636046,0.0,0.07430085738590529,0.0010409169918671217,0.014303281294939407,0.7366925537566482,0.26131320111079603,0.003346970550419232,0.0030117471581095727,0.0,0.0,0.0,0.9134127444285776,0.011747835354960642,0.0,0.0,0.006709052630994684,0.09298888927665298,0.009026333636833436,0.780883923919894,0.0,0.06517917641400142,0.06039166232326724,0.0,0.019795650609921667,0.012942362973600005,0.6269410966483276,0.0,0.0,0.06127545626212016,0.015152666995381035,0.0,0.0,0.0,0.0,0.0,0.0,0.04172926319034459,0.036649219251364544,0.04299841275445376,0.0036287693391756945,7.0
0.04325303334994827,0.06784715248887443,0.027681424668548768,0.015676293136636203,0.06774577534485404,0.2771104706495203,0.03819879675608831,0.0,0.030617213164569418,0.0,0.0,0.0,0.0,0.0,0.004103126228818641,0.0,0.0,0.03535753782731808,0.8422377624254522,0.6535452571512043,0.7007391663660577,0.7495790205362254,0.06434660494154325,0.011211236532157547,0.00875607627983891,1.0,0.0,0.07282200736110649,3.605661090941988e-05,0.0188418387501367,0.0,0.0,0.0,0.7785538779594251,0.8044655631016719,0.7307154060645084,0.7456297691361172,0.7607537506507278,0.04698154989741565,0.040369440309842394,0.0,0.7138087579203058,0.011800857450450198,0.0,0.003390099982135143,0.06178183969087447,1.0,0.0,0.0,0.8501864022330579,0.0,0.0,0.0016004349583679915,0.1465332289857275,0.7665722055508264,0.07407175303750634,0.031133893193387316,0.0,0.7887811540636915,0.8333818490236349,1.0,0.863294806300198,0.0,0.0,6.0
0.02279224131276436,0.8053937376646851,0.0,0.0,0.0,0.35047159208961504,0.29764993878522383,0.0,0.0,0.76259406960799,0.04665866717131703,0.0,0.08169175450344006,0.0,0.0,0.0,0.12336045325153033,0.9145129095260166,0.04122544794681971,0.0,0.008657992091529542,0.0,0.8887756219009079,0.017125608939011033,0.0,0.9293953483677603,0.7991166279349947,0.9542668468393012,0.8505826526654112,0.8169256337693817,0.9175068017211809,0.0,0.0581231136466121,0.0,0.0,0.030469098246380544,0.0,0.06466974610571459,0.9768309730290134,0.09330932129719338,0.0,0.0,0.0,0.025653490597359874,0.04732812877764539,0.03685546827389558,0.9703026610603548,0.0,0.0,0.05114986635531286,0.0038365951453984575,0.015390575114166381,0.08236191731530551,0.0,0.8730577311389395,0.032649800815111325,0.055086486400005436,0.031201951605934343,0.0,0.0,0.0027281007997468896,0.03450487873538155,0.0,0.06592334779675943,4.0
0.0,0.10203405496328331,0.07256908014130846,0.21178150437562998,0.013801718619419916,0.0,0.0,0.08471960231996899,0.0,0.0039352845243749695,0.9906427703400523,0.8860203685299864,0.8366361391762764,0.7039558473152436,0.0,0.0073430274220641426,0.0,0.06126632472924101,0.0,0.0,0.0,0.0,1.0,0.24057664234727646,0.0012856920778573915,0.0,0.0,0.0,0.8117960517203869,0.7606436923498173,1.0,0.1370259201121922,0.05619740780400077,0.0,0.008306480248601495,0.0,0.0,0.0,1.0,0.0,0.015961988642824332,0.0,0.027350418222207518,0.030323359481389076,0.0,0.0,0.7164689726518243,0.015159091895740008,0.03781718499880965,0.02603976855782037,0.843990003912972,0.7349253944759637,0.8018849825635447,0.644004979826834,0.0142410909502017,0.037173854428084,0.0,0.0,0.0927230274037305,0.048718537972728355,0.13587807758251746,0.0,0.0,0.0,3.0
0.021715248361232547,1.0,0.0,0.0012529097418044588,0.06218277980184627,0.03549982078034191,0.011899475524590673,0.0,0.012370463200480148,0.9334063369897762,0.0,0.0,0.06702953019895366,0.0,0.0,0.0956486747508634,0.09371067311598687,0.623461149698072,0.043437469614655944,0.10769075788685673,0.0,0.0,0.9417054245745443,0.04164787266066417,0.02406879944143811,0.7429110750320387,0.7246723632312013,0.7246546364558107,0.727584545042749,0.8824146867896773,0.9488599790320237,0.08803503351759728,0.0,0.04817393083438238,0.0,0.0,0.0,0.0,0.8646151266822233,0.04021412854774503,0.0,0.0,0.0,0.0,0.03804194246444712,0.0,0.9134568057235737,0.15205712231704527,0.0,0.0,0.0,0.09459632480979252,0.0,0.0,0.9513249018025969,0.17668762891923845,0.012162536609859139,0.0,0.0,0.0,0.0,0.10045301307660268,0.0,0.0,4.0
0.0,0.034107889584462085,0.0,0.0018380316369738924,0.01194047686808385,0.0,0.017622233257503662,0.0,0.0,0.008008867792188392,0.05584219182662145,0.07245358523100148,0.0,0.0,0.06538830010727625,0.0,0.0,0.030183624864920065,0.7361630292911098,0.8321527281234377,0.9217514537023499,0.8130119340017377,0.03569646536820071,0.0,0.05387649918177845,1.0,0.0,0.0,0.0,0.0,0.9353426232776056,0.009602280613269268,0.022382973128083686,0.0034599664397871113,0.7529274509128485,0.7884048370936214,0.9291586042204353,0.8695907662904265,0.8478998451415346,0.0325604286419712,0.013335279560135077,0.0,0.051466010761738824,0.03376760236962699,0.0,0.0,0.7342982808850403,0.02419682681259327,0.010665453509145675,0.05491399993451982,0.0,0.0,0.0,0.0,0.8540525425524481,0.015348608675662857,0.0,0.029754973990259788,0.0,0.0,0.0,0.0,0.059828864209811296,0.0,9.0
0.0,0.0,0.0,0.012836152412404917,0.0,0.048389388533266645,0.0,0.042077202367515554,0.033128449154357587,0.06647097427740613,0.0,0.0,0.03967348886184447,0.0,0.0,0.0,0.0058271290285504835,0.024214068720701972,0.7181546463451451,0.8333207714613956,0.8844941424738341,0.8016219796901249,0.006400773017016065,0.04308586537319971,0.044609048619815184,0.6457984182510114,0.020544987580541893,0.044060200155161766,0.01747839884010377,0.017911052534682937,0.8095343792884117,0.0,0.0,0.011124883776577906,0.799532999189805,0.8566096405809609,0.837108546192713,0.8738896477555519,0.8525214243289928,0.0,0.0,0.01647828426008908,0.0,0.21021062883270558,0.0,0.0,0.7655816960721378,0.05948131856168282,0.005794984656577523,0.0,0.0,0.0,0.1860776890022618,0.0,0.862641877633587,0.0,0.009906016712937053,0.06181474251658597,0.005216031874252593,0.0,0.0,0.03939013518666397,0.08290194246141802,0.0,9.0
0.046960788094154264,0.6940495533299997,0.7816580588873256,0.8991530327604189,0.8093605735218992,0.8670673892030317,0.7806700745088966,0.05361565246178312,0.031006834618604696,0.0,0.05469735642862897,0.0,0.0,0.0,1.0,0.0,0.021536770717918416,0.0,0.025676603022660588,0.0,0.038367053513766125,0.9289219044533309,0.016487747932772155,0.0,0.022658233007190463,0.06361353283988334,0.0026737307744576794,0.0,1.0,0.09243026165455759,0.0,0.07704607586011046,0.0,0.0,0.04819637578439697,1.0,0.0,0.0,0.0,0.0,0.04154329300778929,0.06865368526288886,0.9212788994921426,0.1358759248671516,0.028414960629082588,0.0,0.0370060295201333,0.0,0.0,0.7120265737211968,0.0,0.0,0.06314322471416835,0.0,0.033113383552922995,0.018608353084635668,0.11136092814251279,0.02507725465818314,0.0,0.017145254328565545,0.023554943265911815,0.0,0.0,0.020752774372272173,7.0
0.03153086949027509,0.0,0.09566560209346775,0.0032942967619138163,0.04524992745839579,0.0,0.047367236644966386,0.0,0.027277465910696592,0.0,0.6604808193793679,0.7636541876183981,0.9633056633668973,0.7422513024116119,0.0,0.0,0.012796307306845939,0.053392813910442594,0.0890708806471815,0.0,0.074283149685958,0.011500520641256852,0.8565473971414549,0.0,0.006583456327425081,0.0,0.0,0.007405552346055906,0.0,0.7638533322678573,0.056062325462927526,0.03765941186872013,0.0,0.015290179514737021,0.0,0.04150221920708227,0.9162659579006874,0.029742490246092275,0.0,0.0,0.03518739612138312,0.00595672066339546,0.09147644785513648,0.8729988776064002,0.024662496307167804,0.046155339450926536,0.05956094924103009,0.012103497613702835,0.0,0.08915565201165469,0.6863748258715066,1.0,0.8368495593756169,0.8864987159392872,0.7710341687004729,0.0,0.0,0.0,0.012550505528378796,0.0,0.0,0.035147659026711055,0.15347411945150602,0.017304785272529145,2.0
0.0,1.0,0.900916107519113,0.9616877800451357,0.9184795218722104,0.8113372996593797,0.6585209630753605,0.0,0.0,0.0,0.015033430031236328,0.0407952422412478,0.0,0.0,0.7644057170847285,0.0331915298404039,0.0,0.0,0.12608806075083354,0.0,0.018773089736418665,0.862365770588226,0.0535347610105446,0.0,0.0,0.0,0.0,0.0,0.8914135024176504,0.020100788176646588,0.0,0.0,0.052528388211743396,0.0,0.006292670472764082,0.8310268495603258,0.09364373373819783,0.0,0.04817172803942141,0.0,0.004141683418652941,0.0,0.7547499264508695,0.0,0.0,0.0,3.918873673551936e-05,0.0,0.01506269649005427,0.9371778019781193,0.0,0.0,0.0,0.08115374773533213,0.0,0.01244608231282614,0.0,0.0,0.007936027188897464,0.0,0.016754998674486935,0.0,0.10683263387499085,0.0,7.0
0.0,0.00861429824934712,0.0,0.04875368716431455,0.01577250403855981,0.0,0.07839539226667028,0.017435591330304954,0.01135789584945841,0.0,0.0,0.0,0.0512856180182357,0.13161434267732824,0.0,0.0,0.009004759242155701,0.013031528473984245,1.0,0.9316345222419798,0.9163712911627085,0.8853201066318117,0.07150121707184291,0.0,0.0,0.6365141918092619,0.008029643620538086,0.0,0.010636875746281506,0.013882964031542946,0.7895834640621501,0.04019127728715784,0.05397006020558799,0.0,0.9889280378300129,0.8528071548630353,0.6278877373313981,0.712940860636105,1.0,0.0012696166246993642,0.034237525578462845,0.0,0.17486955081778346,0.0,0.0,0.0,0.7284017132196994,0.011907644810423305,0.0,0.0,0.04037273010736282,0.04191493777973554,0.03220499010286184,0.0,0.8353463629031551,0.010155428988999848,0.08897808538985248,0.03361881726013285,0.0,0.02527129996270343,0.0,0.0,0.0,0.0,9.0
0.046448323665498996,0.07638787038929121,0.0,0.0,0.013866885137114107,0.01746749717398273,0.131435019949663,0.0,0.03610046317830679,0.006144854447552539,0.059549621836169776,0.0,0.0,0.0,0.0,0.013911484310308862,0.013243747858213592,0.0,0.8610302748946814,0.7544434937101662,0.9644140243204992,0.9825107891359438,0.01532009533180017,0.05369466190127466,0.0,0.8854469075322409,0.0,0.0,0.0,0.0,0.0,0.018072205124196106,0.008065996935425953,0.9378858440590644,1.0,0.9149321516425085,0.7662132835747792,0.7329406861890643,0.00565268959456354,0.0,0.0038086295698019144,0.9658917437316685,0.03802289998793798,0.0,0.0,0.016731450781187724,1.0,0.25741656224606924,0.34195858983951777,0.9055306550174751,0.0,0.0,0.0,0.0,0.882253690849258,0.0,0.0,0.0,0.8737511028380277,0.9962802157357902,0.8967168440219947,0.8321701950777067,0.014265736028714433,0.0462776114767467,6.0
0.0,0.0,0.1451453680797691,0.003945085568621841,0.04334780469831995,0.12201392954731063,0.0,0.0,0.0,0.04712250647995539,0.9754595543605732,0.7232428014772697,0.8565992114235141,0.7651693322506387,0.0,0.005849031007000669,0.0,0.06188684138792486,0.0,0.020194915311323017,0.0,0.0,0.7986812892289011,0.021947035086243072,0.0,0.023664192213154606,0.01177561633363012,0.0,0.0,1.0,0.0,0.09766929952843471,0.046213588606287256,0.07063141839235847,0.014202645376376236,0.14479441502186974,0.6821345700279972,0.017730031710982874,0.04058742539412681,0.0864586021716248,0.03152206231258627,0.01666946676897458,0.0,0.7518921116971777,0.006497159672431281,0.12498941297215255,0.0,0.011468910703205507,0.011737277317108129,0.006517314188637747,0.8373453620352574,1.0,0.9888780270217706,0.9070281482627944,0.6943600097392999,0.0,0.0,0.0,0.008961498772003758,0.0,0.0,0.015225188659476014,0.01069927163067365,0.04477065270840688,2.0
0.0,0.7677672550636282,0.9965896598594152,0.9743447138572958,0.7963101180852179,0.8004115248671998,0.944816423395824,0.0,0.0,0.0,0.0,0.02896009760555765,0.0,0.0,0.8097762498074366,0.0015359140983524924,0.0935070926761907,0.0,0.0,0.010366128785781642,0.0,0.8847966694523065,0.0,0.0,0.008193464465600441,0.10766178720181246,0.024524220339331673,0.20915455039153105,0.7826154092745369,0.0,0.0,0.008386031010204293,0.0,0.06587590946633048,0.06611015710957255,0.912089361671614,0.0,0.18302911657685567,0.022060112989279956,0.09332985580327628,0.010892563200508734,0.0,0.7544951069371802,0.006400181641935451,0.111251491351846,0.04247406032726565,0.0,0.1213896937531711,0.0,0.7569462987683334,0.018135601284604844,0.014253833088112589,0.006844492602923891,0.0,0.013974676544881598,0.0,0.002873481609652206,0.0,0.0,0.04572727636379084,0.0,0.0,0.0,0.0313199664425624,7.0
0.0,0.9462075268875278,0.0,0.0,0.0,0.0229592433606922,0.02145120490836076,0.0,0.02046668593419895,0.9132158950207069,0.05335486349860519,0.04965601890137684,0.007665989261927167,0.2531726203901595,0.0,0.015135594393936885,0.0,0.9021602585131897,0.0,0.07865007257863699,0.0,0.0,0.9238645880319617,0.018587308552805652,0.0,0.8641787186942793,0.9077319471283581,0.7452606863083512,0.8833925109742716,0.8436471073573393,0.841192410894239,0.02383563477359844,0.0,0.0,0.0,0.026443318653458704,0.10525304775843956,0.01997264526427436,1.0,0.04717484368733413,0.23045905328814986,0.01622646020079685,0.0,0.0,0.00914777608866209,0.04483727890236722,0.9731057497652921,0.007673839017570736,0.04990135328607104,0.0,0.0,0.0,0.01767614994808916,0.0,0.9685542309702,0.06183841860506545,0.0,0.0,0.0,0.18160152940962163,0.0,0.018191568812682045,0.0,0.0,4.0
0.0,0.0,0.08452265245807286,0.05373422509677607,0.0,0.0014266288132714516,0.0,0.033248493690132996,0.0,0.0,0.7652995508053609,0.8108256230700024,0.655329401816793,0.8007615798731152,0.035826897369422295,0.0,0.0,0.0,0.0,0.0,0.28703787682173604,0.06873937427902242,0.7157620872453623,0.0,0.0,0.07017625642594302,0.0,0.006552020469251821,0.6950819077103803,0.9303068547173353,0.7644811523531699,0.0,0.0,0.019318960769401386,0.07690725027877374,0.0,0.0,0.24243858965858922,0.9488728882012021,0.04670320841399492,0.0,0.020738312889801595,0.0,0.0,0.011674719999475568,0.0,0.7559452761703055,0.0,0.06507623557337304,0.0,0.7834558876007512,0.94335633972096,0.9769138306043738,0.8334220466383174,0.0005117359291750955,0.052491274453018044,0.0,0.0,0.0,0.0014879667850080083,0.02206784072024376,0.020121241765499016,0.0,0.0,3.0
0.02108131377008283,0.0,0.0,0.07888826396877283,0.029012618118811624,0.06885394563027812,0.11306959361491693,0.0,0.0,0.0,0.9667649154102211,0.8970610589604169,0.8683125039867783,0.9990056676964336,0.0,0.0,0.039822871397215714,0.002947359705403369,0.008625240173897592,0.2813296679981864,0.05464031735908617,0.0,0.747433506759886,0.0,0.0,0.03048126477935721,0.04896406898112718,0.0019715806085003314,0.8637659360342199,0.754786018230735,0.9870792217159826,0.208010965951545,0.0,0.009267841015306016,0.0,0.07108630550934958,0.03574086398562461,0.0,0.9105819704277592,0.06280415241970246,0.027480357611713892,0.0,0.0016405993390459766,0.0,0.011904711880583703,0.0,0.8042885590512009,0.0,0.0,0.060158410627009655,0.9605342928439566,0.7684865667587075,0.8871342588033477,0.9124120916006907,0.014479720009545711,0.0,0.16606429252930727,0.008984211170006369,0.02188391030702818,0.0,0.03749940575964051,0.0,0.0,0.0,3.0
0.03943330448754577,0.08911359162523116,0.0,0.053843870506902085,0.10245858590358695,0.0,0.01048946392441004,0.03264566470159735,0.03299593861986311,0.0,0.8815768143757077,0.8516766293365945,0.6636421521060573,0.9208711417940842,0.04978808383470745,0.0,0.007985692550119865,0.06855563355792507,0.009702260340274483,0.0,0.0,0.018777976412613917,0.8139084118043638,0.056162498066968415,0.05790330830151659,0.013481655830085036,0.0,0.09235601901520973,0.7918059931904388,0.7631048049773548,0.8938698935191216,0.005561985210521116,0.046977574813736184,0.009196761054432635,0.0,0.0,0.0,0.0,0.7045198400687286,0.05640356429950752,0.10609482456216261,0.0,0.013456265598823609,0.0,0.0014358964505779151,0.0,0.9175297450348026,0.029481365598473475,0.0,0.0,0.7656930120179744,0.8295341301017962,0.8298218068073961,0.9956837281038313,0.07126285465201597,0.014803306719054788,0.01652296135907741,0.03203954224561657,0.0,0.0715208810145495,0.034657387104400104,0.0,0.0,0.29123950316014857,3.0
0.0591841683668417,0.05794468749566134,0.0,0.0,0.0,0.0,0.0,0.01784799957059532,0.0392450867844323,0.0,0.0,0.0,0.04973854346458486,0.0,0.0,0.11273097798588733,0.03683735817375016,0.04342501801414825,0.9984116418510225,0.8320974481656853,0.9075288941432589,0.8425111408347459,0.0,0.0,0.0,0.7315054906968032,0.0,0.022013458808817988,0.022810241841252868,0.0,0.0,0.0,0.09746905707164315,0.7564599880299843,0.8711192613412192,0.7757127385423118,0.8882844221832711,0.8909547632230124,0.0,0.11272882921201897,0.0,0.9087006231405902,0.04713142237787521,0.0,0.0,0.0,0.9528948842578184,0.0410179914683706,0.35285321324368274,0.8297286038583063,0.03947107244547222,0.0,0.0,0.003535452667869965,0.8776426246585699,0.0,0.0,0.0,0.8450176991683211,1.0,0.9589610221177788,1.0,0.0,0.020547103686129248,6.0
0.0,0.0782845699310873,0.0,0.07159610008978579,0.0,0.019114158821600807,0.07568775672566913,0.016334021803659463,0.009661999816697547,0.0050767230476698524,0.9056591795754398,0.8620543800725153,0.7498438675810494,0.9904921094622833,0.15015135144150032,0.0,0.02030319477960726,0.0,0.018130675819251176,0.014346895691177057,0.0,0.0,0.8259312317671307,0.0754163823390331,0.08138053583834501,0.006962288048428571,0.0,0.0,0.0,0.9105457111261327,0.0,0.0,0.0,0.011568452820308946,0.0,0.026077319950365354,0.9755549691104489,0.036550720052078836,0.04851598979935824,0.0273706230989869,0.0,0.0445425721689304,0.0,1.0,0.030357885677650166,0.12113020886244608,0.0,0.0,0.1532869348345712,0.03890405396908382,0.7329264675705497,0.9758992482163177,0.9649450627825593,1.0,0.914889441091253,0.0,0.09134682170644119,0.0687493111420995,0.018575530442351038,0.0,0.005595390848246665,0.007134418914332328,0.0,0.0,2.0
0.05087830818751513,0.0,0.01012893504246155,0.03301034627412496,0.0312570956115725,0.13473985200664904,0.039205159503585184,0.04249465015663367,0.09336703529652703,0.0,1.0,0.8070373242305532,0.703229640555328,0.9029075139251413,0.04928795976237139,0.0,0.040586496242756454,0.01518561422552533,0.076170021793367,0.24179803142808115,0.0,0.0022777315379223276,0.7622053229288575,0.02301440563516776,0.03133148432983317,0.0,0.0,0.0,0.05658484067515793,0.7248298218240519,0.020950191110203308,0.0,0.0,0.0,0.0,0.04709652963426664,0.7218466370084056,0.0,0.14419116084611394,0.0,0.0,0.0696908376042225,0.0,1.0,0.08633409218958232,0.01591222899854749,0.0,0.0,0.02885453317284985,0.0,1.0,0.9860748493889944,1.0,0.7891627257259812,0.8794129561300195,0.0,0.06413142160759733,0.03112628747259586,0.060798386456501874,0.0,0.03326627571109238,0.050266876508527826,0.07877187885851639,0.0,2.0
0.07641605220280168,0.0,0.008184116250639075,0.0,0.0,0.10569077177513748,0.025038505740524047,0.0,0.027398177949865096,0.056022712348184525,0.0,0.04795057789830626,0.040674099337779636,0.0,0.032058400096862553,0.0,0.0,0.04337212126522033,0.7656232154118797,0.8834731445342462,1.0,0.7806060802538339,0.037146782836410104,0.0,0.0751569217897372,0.7945448238346864,0.06407056181557261,0.0,0.07379141934678456,0.0,0.8945938425787271,0.0,0.055357298293196945,0.0,0.8041995124028022,0.930294348420525,0.9892531293259985,1.0,0.0,0.05648881300815575,0.0,0.9611685649311908,0.030893302362634358,0.002867775975446505,0.06152837510017335,0.0,0.8732634687599167,0.0,0.0,0.8150348066242499,0.03550671939162302,0.004432107865206098,0.07814050260975389,0.10019141565275316,0.6527747912598709,0.020305843658961237,0.05064214864973793,0.0,0.99281916710148,0.8214511274030187,0.9454051350778183,0.9857339997256087,0.032734308770222126,0.005899819279244012,8.0
0.0,0.7843893324320257,0.0,0.0,0.0,0.0,0.0241861553353023,0.0418254303630182,0.08221350016533117,0.7186350406550548,0.029783274447366698,0.05333103656815576,0.03638516759889778,0.051092391883987655,0.0,0.0,0.05869691306703622,0.7887330787879531,0.020784373481265175,0.0,0.16121826936569478,0.11706500192526051,0.8878572500490031,0.0,0.0,0.7559481673890169,0.9186014619789061,0.9316215651798102,0.931391704759228,0.9790705274980324,0.7854914952124444,0.0,0.0,0.21631310164258033,0.0,0.0,0.0,0.05210602143973028,0.8498490597400724,0.0,0.02589212261437689,0.0,0.06544871525524387,0.039853733026915424,0.0,0.04298937237818469,0.9220676960387884,0.0,0.0,0.04996619324199723,0.035200511706719353,0.0,0.0,0.0,0.7171841788797717,0.03783486127432811,0.04007642926217202,0.021540636878861676,0.0,0.0,0.0,0.0,0.0976100905245139,0.0,4.0
0.0,0.031728188365980514,0.026110898934710514,0.0,0.04719085272499247,0.029396462821770632,0.021975168521731613,0.0046193259154482524,0.06156524348327041,0.0,0.7309451936505376,0.877052191293776,1.0,0.9261744777407452,0.02047871971668392,0.016398792174938257,0.0,0.0,0.0,0.0,0.0,0.023426677787342375,0.8300633413946399,0.0,0.0,0.0,0.0,0.0,1.0,0.956125723807105,0.9030748785980923,0.012188927363496999,0.0,0.1138638741334132,0.06672500427778447,0.0,0.08004866687135903,0.0,0.9553365142085345,0.018513161463034788,0.01122839453406153,0.003539722530055034,0.0,0.0,0.042438872362312106,0.0,0.8527799457324867,0.053081459899651164,0.002161801400972042,0.0,0.8246226275698375,0.9156130244161207,0.8150290997761169,0.7717191066423137,0.0,0.051287236391957286,0.0,0.025151904566218075,0.0,0.0,0.16204763474684994,0.0,0.01745806348530609,0.03050088499775134,3.0
0.0,0.8471304052264843,0.6932369686145557,0.9708848755044112,0.8584344186409456,0.8017176588674338,0.8171645177589425,0.017174876066503576,0.0151295379987278,0.0,0.024440989409349884,0.011671697085381853,0.027740640330579953,0.05423930165533191,0.8897372835013391,0.0,0.03978457014273216,0.02106341526955074,0.0,0.023513414839389978,0.0,0.7545017048333651,0.0,0.027106070243275444,0.0,0.0,0.0,0.0,0.9273698948217015,0.040927010546896465,0.012308248897458376,0.0,0.028577720334016173,0.0,0.10910157894028535,0.8744149244163703,0.0,0.04482910037937104,0.04724314244381399,0.050003967298248055,0.020611428104224696,0.0,0.9043376815357181,0.0,0.0,0.028661093373164654,0.013423456569147719,0.0,0.0244724785756003,0.8275117971707482,0.0,0.0,0.045102683704843355,0.0,0.0,0.04404128566317231,0.035860645117153665,0.05200530805012038,0.0,0.0,0.0,0.0,0.03581118860562816,0.020941902284906083,7.0
0.0,0.0024668400071121,0.0,0.0775298452043448,0.0,0.0,0.037323068885907036,0.012359331353157525,0.0,0.0,0.8399455652423706,0.8958640471287739,0.9232992369742532,0.9403665070279521,0.06866856487035838,0.05145250561072681,0.02037219987604924,0.0,0.7524678934042403,0.03128297436463409,0.0002714262928994151,0.0075677539427517265,0.0,0.0,0.05300795096217231,0.0,0.7876535259908607,0.8317344526046648,0.9250533237201987,0.894298279522323,0.06302785394448733,0.0,0.035413450293977515,0.0,0.01804201887993099,0.29459385669743926,0.006191717560750185,0.0,1.0,0.0,0.0,0.0,0.0,0.0,0.018345746188299088,0.009359231543687103,0.8262243984667392,0.029852950668394492,0.0,0.0,1.0,0.7683891928301758,0.9926616113181719,0.8086774882499207,0.03295277423520464,0.08355518342767079,0.011795353015575109,0.010974889004945134,0.3166012104677701,0.044310567268607284,0.0,0.0411563346651945,0.0,0.017784824797150295,5.0
0.015888067979220398,0.01336588046329609,0.0,0.0,0.0,0.0,0.0,0.32354928096292673,0.0,0.005572218666959238,0.3541880797459557,0.0028210619709337238,0.04880242879649291,0.015658512996680904,0.03220286676650263,0.0,0.0,0.0,0.7327105618874812,0.7675216647868506,0.873897623729075,0.7278006376414756,0.0,0.037669851371807714,0.0023251440987677708,0.7518344681388363,0.0,0.08152440051436494,0.02792905230304775,0.061843826957778375,0.9657640520144871,0.026543553540339992,0.0706521521901706,0.7367380939556016,0.04743817214828772,0.008677887254841197,0.0,0.0,0.9511234477146621,0.048405015920383515,0.0,0.7562262713593312,0.0,0.11289577933190396,5.881453520566748e-06,0.0022656319556162287,0.9056323523962764,0.010468691358990277,0.05534007757287776,0.9313819001933665,0.0,0.0,0.0,0.0006162755150881323,1.0,0.008710742304483161,0.0,0.17293890422815358,0.7729827377134072,0.7400283856800652,0.6844276937175537,0.5646398846941795,0.0028272513500578167,0.0,0.0
0.07250035209914613,0.0,0.0,0.07972915088115956,0.08512706086816796,0.0,0.04077591299020683,0.03583091115759428,0.03078082541387643,0.0,0.909326978674562,0.9105857322180377,0.8063473037092856,0.8356037523271138,0.0,0.0012718106175635385,0.02782268232605566,0.0,0.759208093297157,0.0,0.0,0.10861418922132327,0.015561618160598246,0.0,0.0,0.035217982468639025,0.8462423881131498,0.870213090217689,0.9208811421615613,0.8938798148952976,0.03879288129263275,0.004896264721502531,0.040249703922269064,0.0,0.0,0.0,0.02836115604114749,0.08905858394097876,0.9210234154484875,0.03490048239184991,0.0,0.024379837129075557,0.07154541950103452,0.0,0.06291760736381584,0.0,0.9216329946691872,0.07469896841498905,0.005849869947759367,0.0,0.8795937532759815,0.792824342294139,0.917860857323034,1.0,0.0,0.0,0.09087689634912906,0.0,0.0381406369489559,0.00414226731605648,0.0,0.0,0.0,0.01361755784076093,5.0
0.06345498912980634,0.0,0.02981341718232678,0.0,0.0,0.006664108612118027,0.0,0.0,0.0,0.05378400399229549,0.0,0.003372977684722111,0.0,0.06459311471907977,0.0,0.2958450138724676,0.0092811114882366,0.03947205052364594,0.8577363215734057,0.9518272569062023,0.9134864809660297,0.7891935341009978,0.0,0.12381464822124177,0.013984805457676025,0.9481641853315645,0.027802520158165644,0.06257337624813268,0.043106073375167274,0.030568965812279587,0.0034502430556543236,0.0,0.0,0.9269607105662145,0.9897966495705475,0.6934992925193882,0.8625144327103104,0.7660173686640119,0.0,0.002030168628807382,0.0,0.9809777189255184,0.0,0.034989226318254366,0.0,0.007246581332294295,0.9128164010376776,0.0,0.0,0.8924700467624014,0.0,0.0,0.0,0.11423223323897305,0.8780157137019563,0.019493096437322777,0.015361543695177582,0.0,0.847705851777066,0.7375841809312202,0.8330307536726748,0.8131868879002284,0.0,0.09714327488611874,6.0
0.025531119743826627,0.9666898857599177,0.019654203593953163,0.0,0.03204525954039663,0.00545127762891986,0.0,0.004062018013522427,0.0,0.7229136178511374,0.0,0.033076866582150956,0.0,0.03048911576521551,0.0,0.0,0.0,0.740915098052993,0.04522333368132547,0.0,0.0,0.05655461715450147,0.73894076597896,0.0,0.05613272618709465,0.8833520769496364,0.7930629243208691,0.7698209923791858,0.9986206619757274,1.0,1.0,0.0,0.0,0.02181003349947909,0.06274991179825015,0.0,0.023207402789310425,0.06707797243042139,0.7298011573934275,0.0,0.0,0.07020541732136408,0.0,0.0,0.0,0.03451440585295244,0.8262972069891812,0.0,0.0,0.0,0.0,0.0738755689087519,0.05659808353238138,0.025006783162461993,1.0,0.06534377961616948,0.04429134755431573,0.3414658815692608,0.0,0.05778051594719468,0.0,0.021105149954216237,0.0,0.0,4.0
0.0,0.033923005046575555,0.0,0.06296631998077187,0.05411711312170815,0.0,0.0,0.060007499536535704,0.0,0.0,0.0,0.03820888352337086,0.047541194632018904,0.07435720645524188,0.05162026035674201,0.15713123728055925,0.0,0.0,0.8245215516537294,0.9780324378575185,0.6804706658233924,0.7207735721324501,0.042699621722278897,0.0,0.0,0.9427873604187148,0.0,0.0,0.0,0.005139445405458357,1.0,0.06855727918552053,0.0,0.021479351147423806,1.0,0.7017869093986457,0.9937584304011126,0.8212077211332789,0.07174394761014467,0.0,0.0,0.8382540991761507,0.011136509900573605,0.0,0.0,0.003873997192173108,0.874766154736105,0.061439130931735066,0.05467048535417012,0.8238422492116148,0.025971888804840356,0.0,0.032324457882834834,0.030495459163639767,0.8394390116859696,0.0,0.0,0.0,1.0,1.0,0.751120329861618,0.9633714065428567,0.023036791776363176,0.007965416348848559,8.0
0.0,0.009344434601491423,0.055191827635509186,1.0,0.0025073746611013388,0.0,0.0,0.0,0.014776108768700648,0.0,0.0,0.7524876861502144,0.023870292627514333,0.0261923769528402,0.0,0.0,0.0,0.0,0.0,0.8963375040364141,0.03283028574933711,0.0,0.0,0.0,0.0,0.13313591166118507,0.0,1.0,0.0,0.0,0.0,0.018441104684726494,0.10333131893804043,0.05899767752051452,0.0,0.8098777149391889,0.0,0.0,0.0,0.0,0.03157738648557325,0.0987833725978167,0.0,0.9746491612641502,0.0,0.0658654055574635,0.0,0.0,0.07184387785482922,0.05845406485286199,0.1339120634978926,0.7815591587822248,0.012628506775352301,0.0,0.010534175764477575,0.013282725497697318,0.0,0.04078654210255098,0.010336101276225819,0.8689658122804707,0.038399542047358154,0.0,0.0,0.0,1.0
0.023749069940037608,1.0,0.6602977098322484,0.7365608879050008,1.0,1.0,0.942305849297544,0.0,0.0,0.0,0.0,0.0,0.0,0.0,0.7768535371876316,0.0,0.08518757621904752,0.11098344933193419,0.0,0.0,0.009757532355623773,0.9184074359860022,0.0,0.017660479035193674,0.054694136344442534,0.06121181310133747,0.036957425185963795,0.0,0.8544627827253586,0.0,0.12899629161954715,0.006861320557601954,0.0,0.0,0.0,0.8264113349617384,0.13049300182504325,0.019818859917867707,0.05884607739683739,0.0,0.06597374868037861,0.0,0.7053770673257826,0.0,0.008703260682261606,0.0,0.08192016179469719,0.0887978395817255,0.0,0.7821004006243899,0.05195078250379186,0.0,0.02276444357135063,0.08075705362987726,0.0,0.0,0.008966579869325478,0.0,0.0,0.0,0.017622621750493363,0.022829980711012034,0.0,0.04946156605010612,7.0
0.031761915238172005,0.056675347340299546,0.0,0.03055507184162944,0.0275241855110421,0.09494326503251513,0.003866971725752665,0.10465077167017037,0.0,0.00932862592320551,0.9218928907442007,0.8469511840576313,1.0,0.7444078742815161,0.0,0.06244224223597749,0.12346565479633467,0.0,0.07417669747860525,0.0,0.09147429180217041,0.012599021560625227,0.7695148937908952,0.0,0.04083324063417509,0.04009493233210531,0.0,0.0,0.7160239245891135,0.8080032835896087,1.0,0.0,0.0,0.020985546595515478,0.0,0.0,0.0,0.043125991298324375,0.7529485158516802,0.035851730604326996,0.0,0.029867841574100558,0.01887025764330307,0.0,0.0,0.0,0.7951047562323674,0.0,0.0,0.0,0.8433571704489393,0.9159442318093506,0.8587250802309488,0.7418459525754055,0.06792855348784253,0.0,0.0,0.26224248874706685,0.0,0.02722287394737216,0.0,0.0,0.0,0.0,3.0
0.043947443406032405,0.0,0.32884270934582843,0.0,0.021427632528714807,0.0,0.027958743171281403,0.09958105503872795,0.0,0.05055139529986291,0.7510047883787577,0.6776966612266919,0.8533696529578745,0.9341879188847682,0.02710055593330593,0.0,0.0,0.0,0.8886724666685866,0.04570420010998306,0.10009315221998281,0.03214574682915914,0.005667815293580428,0.0,0.0,0.026236139684189155,0.6907482009506585,0.7373725465874488,0.9588797131650943,0.9897205853697036,0.02312840788719912,0.0,0.03389845205266719,0.0,0.017935803396255716,0.0,0.009780113447559306,0.002204753133522526,0.9334888942073006,0.0,0.007235688511682766,0.016892397878938436,0.08065907138561532,0.0724092618919193,0.0,0.006299322404050145,0.8657784452829589,0.0,0.0,0.0,0.7576920099545597,0.995168239904809,0.8682004703211137,0.7270023293915348,0.0,0.05385755890091146,0.0,0.0,0.0,0.0,0.0,0.0,0.0,0.11297648199071592,5.0
0.0,0.0,0.02552262493106936,0.0,0.05706823896757793,0.0,0.00274946838643596,0.0,0.0,0.0,0.0,0.0013512271676053046,0.05294213267152143,0.023065681345390547,0.011180694104199425,0.2183568950673096,0.0,0.02040141126858441,0.9404495966033353,0.9937003162430299,0.9476106273474538,0.6973854708457435,0.0,0.053264069194150235,0.0,0.9435029976973911,0.03100430113100664,0.02853623789177386,0.015885412338589325,0.0,0.9650578603148569,0.0407249838309246,0.05383929281479608,0.03263473671402702,1.0,0.8850093879387596,0.8618248706541907,0.7673114276912681,0.0,0.0,0.0,0.9171465755780933,0.10905312926661437,0.07176923413517163,0.0,0.02949048120335357,0.9790227546198016,0.01865767570924441,0.0,0.9064221817013665,0.07478395449874409,0.0,0.01074084044347419,0.0,0.7839289207046014,0.0,0.0,0.0,0.7761089960114238,1.0,0.9040982729570932,0.6577638898429988,0.0,0.07221746643073161,8.0
0.0,0.0,0.0,0.00829582780105907,0.02100550532135605,0.0,0.03961710635857162,0.0,0.06297872925652989,0.03641810759758762,0.0,0.051887642289366646,0.015291137218078258,0.05987671822968174,0.0,0.01660261799087964,0.0,0.09809158392071576,0.847322049363986,0.7966022372634675,0.779645992160469,0.9205328442267915,0.06491268668807607,0.006078820677199139,0.010034303670678875,0.9237334966017006,0.025039001842173964,0.06904611292224755,0.0,0.0,0.038926129444007584,0.05737008357957696,0.0,0.8964263071263027,0.9644462143077762,0.8806785790490326,0.9408340016950256,0.8172452207083652,0.0,0.01206587196859757,0.04232233772400139,0.8204896373287758,0.05169207371025234,0.06250950660668991,0.018726747582593968,0.0,0.7955495510562482,0.02572291024410388,0.0,1.0,0.07942356881706011,0.0,0.03680394633035005,0.03526378153248951,0.8429543621058768,0.024467070462459616,0.29549317434204525,0.0,0.9602342740117606,0.8012315885941418,0.870501207026268,0.7513651687811187,0.028659289432963777,0.0411943067590269,6.0
0.04098567546658748,0.01532610027629746,0.10586154194649688,0.0,0.06801823208698848,0.0,0.03372475843805087,0.06744967947645827,0.049153875700684864,0.0,0.9476600932734003,0.8666323822422902,0.7975614284464351,0.865685251844518,0.0,0.0,0.44159883934149624,0.0,0.011236347424247764,0.0,0.0,0.0,0.837196676217836,0.0,0.09925538399791844,0.03588165256592612,0.0,0.0,0.020809185877690435,0.8331901387764692,0.0,0.0,0.0,0.03214211806380409,0.010428011701281001,0.0,0.7020417426400523,0.0736929712961851,0.0,0.0,0.04289315948308084,0.0569466516341589,0.03590573182197695,1.0,0.001209885751020637,0.0,0.0581983075423663,0.03953752798363073,0.0,0.0,0.9382971741374349,1.0,0.8580589931553284,0.9566717510619431,0.8784817357769007,0.09870656877901397,0.011658791440298364,0.0,0.0,0.13050243371615367,0.013287121393452162,0.031243177194041623,0.0,0.0,2.0
0.019918325289342436,0.020293427615618503,0.0,0.05866715909606077,0.19001502854858635,0.0,0.029356334184653988,0.09035441739499517,0.050274269490027626,0.032049522859947464,0.8620154377337931,0.9472683492501273,0.796655130765056,0.7803747023998437,0.0,0.0,0.0,0.0,0.7300481064515759,0.0,0.048171120387577746,0.016799188334589283,0.01805748599635123,0.0,0.008503110636036986,0.037826467080185965,0.7882434688310906,0.9572474828778905,0.9794894669362261,0.9403974018873306,0.0,0.043691173458640625,0.03375597777676181,0.06888116514964561,0.0,0.016316605617420803,0.0,0.09577564061304389,0.8808211042398204,0.05543102219612922,0.0,0.015762630884562985,0.07792317799047266,0.0,0.0,0.0,0.7616644126312724,0.0,0.0,0.02254094069236894,0.7884932352629119,0.7855671924228443,0.9103258408825179,0.9374714458739999,0.0,0.1686310602202907,0.03490003026993246,0.0,0.0,0.10670780415385712,0.0,0.03113460386961501,0.04060326771956787,0.006415096342769485,5.0
0.0805881526850202,0.0,0.004960217567799411,0.12239410230359335,0.04191441611805677,0.02600443113283173,0.033865011201845395,0.0,0.06367465164624315,0.14068618103432476,0.8141548481229073,1.0,0.7795601960723069,0.790609454666777,0.0,0.07196688538634309,0.0,0.0,0.07488762165216867,0.0,0.0,0.025632458065032622,0.7383656585273675,0.0,0.0,0.0,0.0,0.0018214854603441977,0.06683589122742728,0.9061634018510704,0.0,0.0,0.15887625360869054,0.0,0.0,0.021241870147343862,0.9096193806909165,0.004992049943607566,0.0,0.0,0.017164970661485247,0.011490507187171116,0.041592070286659955,0.8465515468061773,0.0,0.0,0.03997630220364407,0.002850331786999538,0.0,0.0,0.7577054887567779,0.9045658066359944,0.7955003876076607,1.0,0.9680575540332451,0.051159850623355874,0.0,0.01661541114154085,0.003325654604470981,0.01703362742025789,0.005968738786234967,0.08722665362942107,0.0,0.0007838307026082197,2.0
0.018278398610328025,0.02454242194258582,0.0,0.0,0.040061123112745685,0.0,0.012019495316438492,0.052312432476073506,0.032018384396392006,0.08430882799592598,0.9657983666326758,1.0,0.9772476309209711,0.863224540406406,0.0,0.03367239804901155,0.0,0.0,0.05221315228231469,0.0,0.0,0.0,0.893941987209629,0.03553184282314115,0.03091252147186248,0.10963830570943078,0.0,0.026404741976167156,0.006523257213212054,0.8538327730744488,0.018482521039614064,0.0,0.02571483816604128,0.01164616994654997,0.0,0.0,0.6769259056211745,0.05621541450908715,0.040067918248758404,0.0,0.09860735534594108,0.03860349953679423,0.0,1.0,0.0,0.016568624797415964,0.03854060789863665,0.0,0.0,0.07625470414199655,0.9905512631908858,1.0,0.7701630715617955,0.8568845135119579,0.736301165441711,0.0,0.0,0.0,0.023065095282711466,0.08069605980496884,0.0,0.0,0.07372233731755007,0.0,2.0
0.0,0.0,0.00693791540839618,0.00998061488841906,0.0,0.0,0.014719302416462056,0.0,0.0,0.0,0.8434003845595582,0.6401832185135607,0.8860990083227589,1.0,0.07798492352696006,0.05269745931489997,0.032033110144571914,0.0733895120211217,0.0,0.03271113723171547,0.0,0.0,0.7953675301632429,0.022447549826936548,0.0,0.0,0.06783541281836214,0.1516061409788959,0.03949049329762678,0.863823105346517,0.0,0.0,0.0,0.0,0.0,0.028399034253434548,0.9928931946221615,0.0,0.05658274227979938,0.0,0.046074305774547464,0.07267282832960997,0.0,0.9530304185623678,0.01653659191037915,0.004263655617783676,0.00041191433146004863,0.008133708296686118,0.0,0.0,0.7669507701692453,0.8462118805648279,1.0,0.8919831535212518,0.757867161333724,0.0,0.02720187970376663,0.013752748693089057,0.0,0.1487436798534577,0.034296165459736266,0.0,0.07418375626860353,0.0,2.0
0.0,0.0,0.0,0.8635835742935689,0.0,0.0,0.025476054377545063,0.052181016200394725,0.0,0.07581707333774552,0.0004970805048362508,0.9328180076820758,0.0,0.0,0.07625492808525858,0.12112808880493892,0.05429564186013145,0.0,0.06426475418931431,0.7317531176053179,0.0,0.0,0.0040464685745088755,0.0,0.0,0.0,0.01636428058871519,1.0,0.0,0.0377928578629302,0.010693315037957368,0.029292433768323994,0.0,0.0,0.007943493099545377,0.971001671103732,0.0,0.0,0.05649525252580963,0.016373718435870252,0.004391490327460683,0.0389243397542641,0.0,0.9262766305966564,0.011967800356843012,0.23230181613702355,0.0,0.0,0.02418733479480033,0.0,0.0,0.9347617415642249,0.0,0.0,0.05791707984705679,0.06800970467391934,0.0,0.0,0.09358853065114227,0.923590669552746,0.016058524749497163,0.04017719443711249,0.0,0.0025151000332723564,1.0
0.04226682881194058,0.013615971002942914,0.0,0.06544357432807657,0.0,0.0018445743247598571,0.04608483260922952,0.0,0.02636621501082692,0.0,0.8264737082504291,0.8206871216113997,0.8804097325567035,0.9716861326593934,0.001489137164129329,0.09304022401526037,0.06997896176779361,0.0,0.06033162549026206,0.012823926647728738,0.0,0.0,1.0,0.01369833139735755,0.013889682793122644,0.0,0.0,0.024320512919718665,1.0,1.0,0.9034167415989367,0.036514904496897836,0.0,0.0,0.05255224458351106,0.03383773080564252,0.04090321650050977,0.0,0.9707862503564967,0.0,0.0,0.0,0.0,0.014500356836920728,0.010529279744089466,0.0,0.8888675669676677,0.0,0.05382225873473644,0.0971508451287976,0.8209641366859878,0.787399858732289,0.9835931505333072,0.9411600475766128,0.0,0.15776654263226436,0.040375211518385905,0.0,0.025177460182071718,0.05095219680619758,0.0,0.0,0.0,0.013725992171621843,3.0
0.044160837971964795,0.0,0.0,0.05137078635325426,0.0,0.0,0.0,0.04117355599285472,0.0,0.0,0.8803327736795492,0.6194015691308712,1.0,0.7036436052512691,0.029110218512529748,0.0,0.0,0.03134316126267995,0.010577680339258974,0.0,0.0,0.016612667041433684,0.922812667991941,0.008153696484738893,0.005045903424663795,0.3243041114833149,0.0,0.04162071318517274,0.0,0.8541733108103718,0.0,0.058571787412024026,0.013120556870822992,0.0,0.0,0.0,0.8594688336378855,0.0,0.0,0.03385596240923405,0.0056532640114814745,0.0,0.03354713662321384,1.0,0.057131204269504555,0.0,0.03269439616726163,0.0,0.0,0.0,0.7462860264594431,0.9261790137178721,0.8589922425783602,0.8169200425098602,0.9289423313321031,0.0,0.0,0.04271225392285146,0.0,0.058467637984736004,0.04977500364308227,0.0034739842886154838,0.0,0.00588522520861043,2.0
0.0,0.011640698709223936,0.0,0.003378464959845748,0.000916037273610345,0.012390926709169612,0.0,0.018164758501417196,0.0,0.0,0.0,0.01962878037770089,0.012090703705580333,0.07379112894982487,0.05968386060605951,0.07418270090696312,0.014083384019532614,0.046042613783134886,0.6916452430770285,0.8636806521828978,0.7700565775445677,0.9707398054005137,0.0,0.0,0.0,1.0,0.0,0.0,0.035624109396046585,0.35997948528540513,0.7310037474579895,0.0,0.048879763561820555,0.0,1.0,0.7806294715790306,0.8779096360806907,0.9527252288733611,0.7320893843224915,0.0,0.2884854783856696,0.029342866891120548,0.08603825275962107,0.003759138460519533,0.0,0.09788326328528135,0.7614133882395698,0.036168609107482784,0.04737592113719295,0.1166434436607651,0.0,0.043533418343584936,0.0,0.015459341366410527,0.7748833160432216,0.06571877110792938,0.04441055919736041,0.0,0.023913456396834388,0.0,0.0,0.017242350612704876,0.0,0.0,9.0
0.0,0.04972382549180375,0.0,0.0,0.0,0.0941495522635887,0.030556184076787604,0.00033526175229252873,0.10204635783623613,0.0029320633517038535,0.7548373318973777,0.904280480397668,0.7281544545430763,0.712393702853859,0.01044563016708007,0.0,0.027459328051519932,0.05883819501898632,0.0,0.021060379126669034,0.03476020176832995,0.0,0.9758432186504858,0.0,0.0,0.048155529618276065,0.013647055964142821,0.20351090751353518,0.08250619008494986,0.7848148907764326,0.22387714286963686,0.0,0.0,0.11916658927847563,0.07212091780411764,0.0,0.7280824924001588,0.04647971495842595,0.0,0.05067248638492253,0.08048539988204202,0.0,0.13688863982247834,0.7635282500296172,0.0,0.0,0.0,0.0,0.020780412686417792,0.1254653580203149,0.719925954771082,0.9866527664973247,0.9219926599493786,0.8666634216902525,0.912048364898346,0.019285485121016605,0.0,0.009501443979143277,0.033148954341752745,0.07193033010911602,0.05676254729770959,0.00374051276544987,0.0,0.0,2.0
0.026444932875578205,0.0,0.030125022121370866,1.0,0.02790665239481013,0.0,0.0,0.0,0.0,0.0,0.0,0.8073874721325595,0.0,0.0,0.03103296367048934,0.0,0.0,0.0,0.0,0.9806113301385548,0.0,0.019095619353401982,0.24115083172884696,0.0,0.0,0.0,0.0,0.8208844984795963,0.16375409132621854,0.0,0.0,0.0,0.0,0.0,0.0,0.9186470790418825,0.0,0.01615832482437022,0.0,0.002781412388357374,0.0,0.04183931645306868,0.0,0.704073295156624,0.047767561600168894,0.0,0.0,0.014775235025627923,0.0,0.0,0.004946351725166,0.7580212179765367,0.0,0.0,0.09874091605184343,0.02763627048194829,0.0,0.008636559166241143,0.0,0.7314104053802569,0.0,0.0,0.0,0.029802793434511345,1.0
0.0,0.0,0.0,0.0,0.0,0.014532805266005776,0.030944105680421115,0.0,0.02077659352454184,0.054906362201981744,0.0,0.0007616143233391224,0.016334103993125255,0.0,0.0,0.0,0.0785241260219496,0.0,0.828763207197891,0.6315234343790674,0.7344295021422494,0.885847855992554,0.16947607577602514,0.0,0.0,0.7139952618187952,0.0,0.08407304583685082,0.0,0.2620025497626377,0.9454417440053423,0.052025703095835624,0.02771211761443758,0.6944882330177445,0.0256809110117517,0.0,0.0,0.26322596338880516,1.0,0.08898377068427726,0.0,0.7249871895112925,0.0,0.0,0.0,0.0028801155833182218,0.7671202571183563,0.0,0.07446973152497623,0.9826772771051132,0.0,0.0,0.019412892500066607,0.0,0.7212841780446635,0.0,0.022448879735237317,0.027534334466765783,0.8127938183378439,0.8020245848701455,0.8360666093066877,0.9305563585297689,0.06762720048323977,0.0,0.0
0.037598486100940104,0.0549461068077862,0.0,0.0,0.05468098135901325,0.041216387867484716,0.0,0.04753200872960478,0.01656299762035144,0.04682856855695974,0.7707724687553399,0.9410295828679479,0.8345869872929748,0.746998823964471,0.01977038265674337,0.011485237293521073,0.06547105646920912,0.0,0.0,0.0,0.0,0.021643341940268863,0.8705232757393074,0.08353322347585379,0.0,0.0,0.0,0.038618006542261156,0.0,1.0,0.0886030279054363,0.03627167027279125,0.15443810114012024,0.05489585394355287,0.0,0.04131515962100388,0.7189846831252354,0.045206590412929896,0.013945422099290459,0.007848536533144925,0.030672241138573253,0.0,0.19740805294728728,0.9662055373868167,0.0,0.0,0.0,0.0,0.00962155760604361,0.05305653752316552,0.7225597355800686,0.7109696733388835,0.9893548135577269,0.9543122252792341,0.8552446105440815,0.0,0.0,0.04085441747494355,0.0,0.04364619985824814,0.0017990044290487955,0.0389782018878847,0.0,0.0,2.0
0.013855360070427215,0.010137075757746219,0.0,0.0,0.000563043140180481,0.0,0.021835746412753407,0.0,0.0,0.0,0.6814284782665267,0.8504701134133609,0.7604902406168733,0.9286545808070006,0.0,0.13939339955213653,0.06488303851241733,0.01842617634374292,0.0,0.020540582335505812,0.0,0.06700400975138081,0.8237894542210215,0.020094673512265154,0.0,0.0,0.06481915745026114,0.056565424812903733,0.7816327216799498,0.6905608144460413,0.7300568388392237,0.0,0.00426737792058903,0.01959587534021605,0.01592001712744099,0.0,0.08798134691097066,0.046041239012657664,0.9970602615810037,0.08879880519394684,0.0,0.0,0.0,0.0,0.0,0.0,0.797265873731052,0.0,0.0,0.0950799520526599,0.6866090480527766,0.7515368606704742,0.9408679087323252,0.8458397337413285,0.062339751021033486,0.0,0.02795459628750316,0.0,0.026128678748602203,0.05903857646105645,0.009214910695227726,0.0,0.041992364863388434,0.010792223517104347,3.0
0.0,0.0,0.0011309228249590977,0.013399071279509275,0.009492283388185268,0.0,0.07125036464267304,0.0,0.011800771487722031,0.0,0.9182529287699912,0.8424650399477653,0.9551210646710565,0.9487833633670547,0.038585178613853244,0.023246939949085665,0.0,0.01494571719860558,0.0,0.011944721662904573,0.0,0.0,0.8119389109046239,0.0,0.010013185076462872,0.0,0.0,0.016162088348219885,0.0,0.6890770061796532,0.0,0.0,0.012088374165455225,0.0,0.0,0.005156702949228668,0.7834651845387521,0.0,0.0,0.0,0.10939096730592286,0.09225385016133084,0.008273921761058834,1.0,0.01694977933534028,0.08816167779493021,0.03816950638612027,0.006224318846466921,0.0,0.02704939186090898,1.0,0.712478524990512,0.8719278674607744,0.9350724368359931,0.7755045440623185,0.007775938475635864,0.10736857975906866,0.0,0.02662768568461652,0.0,0.010020245418521319,0.026634232056788828,0.0,0.0,2.0
0.03275347091522683,0.03361599044199892,0.021925897190050597,0.0,0.0,0.07840164651658786,0.006472699915691097,0.03159070582320029,0.0,0.016507544889390997,0.8940895100303392,0.8442522067002592,1.0,0.6666642425304226,0.027118160494004253,0.07706800863496546,0.0064704448080653764,0.013938056086901289,0.0,0.01136173900649421,0.1929490328270327,0.0,0.9287734508023564,0.0,0.00928537614715026,0.0,0.04758944200208824,0.014625818080465952,0.008025557094134493,0.8774616248018207,0.0,0.35955247846491845,0.014010757615207661,0.012721340965522163,0.0,0.0,0.8704677858221249,0.08112056597295966,0.018851579523492746,0.0711242030193085,0.0,0.0,0.01371376697891652,0.7985962176709696,0.0,0.04443648080226279,0.0,0.013200140388975157,0.0,0.0,0.8952254184200987,0.7928243847552023,0.7903922512790099,0.8776944558729814,0.8408199081541442,0.0,0.03871821005929927,0.0,0.0,0.03586594036351005,0.0060829795061759775,0.04324982636908894,0.10860888782000822,0.05663529110199263,2.0
0.0,0.0,0.0,0.18380193816835882,0.0,0.0,0.0,0.0,0.09158054821636985,0.033585599839043835,0.0,0.0,0.004014310712122481,0.0,0.0,0.0,0.0,0.3525219145974837,0.8134476311119239,1.0,0.8920055809686047,0.7393473173472217,0.0,0.04279195925311932,0.000735013502952063,0.8750488875391135,0.0,0.0,0.0041411484566201825,0.002548696962556035,0.8136307849416895,0.0,0.0463866741431779,0.7757915848157418,0.015194358211155837,0.0014093439208359908,0.0,0.008611146678128621,0.8227047333379214,0.0,0.0,0.7736576063733753,0.0,0.1614179057442596,0.046325385784115304,0.0,1.0,0.0,0.0,0.7052316200440724,0.006732407544270441,0.061569626371182795,0.0,0.08474809345917386,1.0,0.0,0.0,0.0,0.761473676228567,0.8568268629731619,0.8686494376645088,0.83212651405006,0.0,0.0,0.0
0.0,0.16308012464298582,0.05748659884409434,0.014969267054254047,0.0,0.0,0.016361490461533554,0.0,0.06945482045875279,0.020340086122764264,0.0,0.0,0.0,0.006243678016110841,0.0,0.020951188780145475,0.0,0.10377294456246229,0.9207108765452675,1.0,1.0,0.9555588141488232,0.0,0.005358627082573293,0.005049469837490923,0.7380551292376505,0.06385787749444619,0.00840844600045267,0.0,0.028327273114165597,0.9210150361341708,0.07787414111832654,0.0,0.7934155873386888,0.059283379157946875,0.0,0.0,0.06772495457148364,0.7548827363310657,0.05198656917544843,0.0,0.9243483515799702,0.0,0.25644098296416123,0.02488750484854504,0.0,0.750958217040408,0.13933820098324212,0.0,0.9948766005565282,0.0,0.0,0.06163225011585891,0.059574340432922625,0.9467075667040542,0.029421606074585768,0.0,0.0,0.7017775344453302,0.7143984559816438,0.8205946082964978,0.9444914417608012,0.0,0.050164961100275386,0.0
0.0,0.0500663339496461,0.011157793224796708,0.07187709884379455,0.0,0.0,0.04882403386091082,0.017286306138754728,0.0,0.0,0.6959579299768417,0.7520669359375537,0.9912408614323281,0.9594832310450997,0.0,0.0,0.25629144269743115,0.0,0.0,0.02615077594325695,0.0,0.00496732166417137,0.7306056587692313,0.0,0.0,0.0,0.009215333826178538,0.0023332016934427316,0.0,0.9927708051645707,0.09267314787616038,0.0,0.04181118266776617,0.0024000834484001823,0.0,0.040935452565233954,0.9413215872900959,0.0,0.018214686378407584,0.029771121127747897,0.06032494088419003,0.0,0.032379267409732126,0.8877781763566791,0.009688083230644006,0.0322262203825963,0.0,0.0,0.052599186545972204,0.011762778853225499,0.7095278590826082,1.0,0.936608929475624,0.88249796510358,0.9848304155828523,0.0009196674288198733,0.3704393862935651,0.020344123627570154,0.04164444406137785,0.41367141326613255,0.0,0.0,0.0,0.0,2.0
0.07001377003253284,0.05876947972276991,0.03872186090180999,0.010616780610824333,0.022455291410075573,0.0,0.0443881415264904,0.05915519596490394,0.0,0.0,0.8672290387137126,0.7923633822603694,0.8206893146442926,0.7914194063347882,0.0,0.011879033453198778,0.002483841558868614,0.05875768949383473,0.9516144412535998,0.0,0.1057292118220423,0.0,0.052137994086639154,0.03330219146722085,0.0,0.0,1.0,0.923933821594615,0.92257037878445,0.8786502032015301,0.031246784988717736,0.0,0.020725184195093293,0.028855465178698022,0.0,0.0,0.0,0.08330280194001724,0.9390642088170063,0.04846947711078453,0.020506260020802466,0.0,0.07904715611834139,0.0,0.03409657384225833,0.0,0.7808912938471265,0.020093163220710104,0.05233626167588665,0.07792398355716756,0.8550615886371294,0.7117283376860374,1.0,0.8547833516778639,0.07276225299801922,0.0,0.0,0.051848822746388315,0.09753792461264402,0.0,0.04720800085632659,0.0,0.013889345876191755,0.017664920154287958,5.0
0.0,0.7760501729555079,0.0,0.002196680248271421,0.0584661791207452,0.0,0.0471026191685007,0.010690657985007799,0.0,0.8229000722430795,0.0,0.0,0.0,0.005128439875547254,0.0,0.0,0.05455641133076472,0.701078764246792,0.06133479298946867,0.0,0.0,0.0,0.8133351393673952,0.0,0.03495813878649292,0.8365415805470292,0.6780584676580204,0.8504968888980566,0.9260004966966816,0.9776296192105961,0.7310743593775819,0.00038833275502513537,0.08792406351073287,0.0958082617245065,0.03059739107832001,0.0,0.0332817505682165,0.0,0.8361889767841618,0.013111505126022821,0.0,0.008430162256593597,0.017649374356676423,0.023701285669087926,0.0,0.020905719681233552,0.7448075601103636,0.08793545817668658,0.0,0.08246331313512918,0.0,0.0,0.0,0.02269770238456205,0.7436906418810117,0.0,0.18356201375320247,0.0,0.041985566273755534,0.0,0.07698588000411863,0.0,0.0,0.0,4.0
0.024812036791774954,0.0,0.0,0.0,0.0,0.10726487719544844,0.0,0.0,0.0,0.02193660884203078,0.787650789277857,0.7016908433959321,0.8991315442723771,0.8671051602112998,0.0,0.037398927784851536,0.0,0.0,0.0,0.010008866851408133,0.08358694746889571,0.021390269242640564,1.0,0.0,0.0,0.0,0.021642031676355634,0.0,0.9132267082524779,0.8102543360319878,0.7787403751879303,0.012437071446031185,0.17482798254011825,0.04603287678073047,0.03267263319704227,0.0,0.2613081797554845,0.02013747980149102,0.9887853256371287,0.0,0.043344793939149306,0.0,0.042221638720342694,0.007355601761046167,0.050079688055594845,0.04574835229499622,1.0,0.0,0.00851276236233199,0.042725868888472025,0.8373965281233179,0.702108270702613,0.8909120392076496,0.883902150528526,0.059758627109302936,0.04889166039738496,0.07444391616580688,0.0,0.015123722032094878,0.0,0.024068677209186717,0.0,0.004633110400751313,0.012727926530801573,3.0
0.006420320136729165,0.019720460271121246,0.05667811592943315,0.10067520874823666,0.09042914549965031,0.053518800512911746,0.0,0.10125248864812264,0.023171766227012672,0.030897353981035547,0.0,0.0,0.0,0.0,0.030454130151361076,0.0,0.0,0.0,0.7767736654472777,0.8525365728482792,0.8905826386091706,0.7097533290245958,0.0,0.07797924802916484,0.0,0.7711393918689761,0.0,0.0,0.0,0.0,0.9146291810124417,0.0,0.12053245316419746,0.0,1.0,0.9106799057478723,0.9563691478126473,0.8777646327613138,0.9263455565651081,0.0,0.0,0.03494017959447795,0.0,0.053405614135865226,0.0,0.0,0.8715569028087934,0.0025679178187405657,0.002549569933385294,0.0037601019494118942,0.011338480437400194,0.0,0.005326292223684261,0.04605504755811283,0.7470269975985635,0.07272063770400437,0.1074248871758169,0.01583681869739788,0.02181059847115956,0.01769045810941029,0.031835613852619335,0.0,0.009884961477842298,0.0,9.0
0.0,0.0,0.0,0.0,0.06437945155948614,0.0,0.0,0.025248779610728484,0.0,0.0,0.013560168022925518,0.047217124334403435,0.0,0.0,0.0,0.02611869922508844,0.07067469418409643,0.007582655088500529,0.8094151936076518,0.8603627353533416,0.8918288726962723,0.9630774031761984,0.0011689214420784843,0.0,0.08107075234894708,1.0,0.0,0.11071616676555414,0.020299993881556337,0.0,0.8868583768666172,0.2282997691537625,0.0,0.9286047123802941,0.0,0.0,0.0,0.038228498212752884,0.8314535180404399,0.0,0.02056710300109041,0.6636986328426167,0.009955279987526634,0.06004027984700544,0.0,0.0,0.8072705479310516,0.006210479068031082,0.0,0.7959958832841795,0.0,0.09302680025560968,0.025588796689685916,0.06195190967694345,1.0,0.03510702861182281,0.02723400672999284,0.06000476285861167,0.8964430754889892,1.0,0.898298542281614,0.7076615425959912,0.0,0.008058003787080279,0.0
0.0,0.9211981948187085,0.9526004372415744,0.8721388671487298,0.9725528544433043,1.0,0.7755394052122725,0.023214404728240264,0.0,0.05456543755421718,0.04373715965336288,0.0,0.01265761386506261,0.010724675193604233,0.9609131237620847,0.0,0.03851967640424323,0.053439692110693486,0.0,0.0,0.08350989290712602,0.8332431300366668,0.036696598705737785,0.0,0.0,0.0,0.04365895400597187,0.00014982547616161637,0.8398806230844958,0.0,0.0071729411019074586,0.0,4.503377975933729e-05,0.0,0.0,0.7335630960316315,0.10467619026355024,0.07143342005771551,0.0,0.0,0.0,0.0,0.8391488476244957,0.0,0.0,0.0792089876928967,0.0,0.07312557588383481,0.07714276005065344,0.852902986563267,0.0,0.0,0.016626698838239258,0.02672772351071386,0.0,0.08377822597920295,0.005097081461551747,0.01504130646880589,0.0,0.20546986651571517,0.0,0.0,0.05775438287760201,0.09665277156098606,7.0
0.047282120921865026,0.14938083822548565,0.0,0.8300103684283945,0.0618453999200173,0.0,0.102034559014739,0.07945238126114249,0.0,0.0,0.029744223197849036,0.6937653016951735,0.01878396634069963,0.09205066341135897,0.007623646306760427,0.044489407363870054,0.0,0.03699888945305393,0.0,0.6673416261528032,0.030321591405566024,0.04424059221674401,0.0,0.00022762692364646991,0.0,0.052433785979202174,0.0,0.8379141209396833,0.054268595381357636,0.0,0.0,0.19366148881471923,0.0,0.0,0.020451384813999822,0.786522119401765,0.046230797183733074,0.027921957646465424,0.06086295300693052,0.0,0.0,0.0,0.2122290408600314,0.9355542395043902,0.0040260423042067835,0.06943095293825098,0.022933692733390847,0.0018515932534821273,0.0,0.0,0.0,1.0,0.0,0.0,0.0,0.01831984926709372,0.0,0.0,0.0,1.0,0.02019902406548007,0.0,0.0,0.0,1.0
0.04729923501023414,0.0,0.0,0.0,0.0,0.031232768301023114,0.12150932195320202,0.0,0.0,0.0,0.800838072862942,0.9951696476444208,0.7612706367271158,0.8922090157547512,0.0039264720785454595,0.028631940946787084,0.0056199076304196995,0.0,0.0,0.036364899869033275,0.0,0.03306094249561006,1.0,0.0,0.0,0.0,0.005450464693934291,0.046343702778046204,0.8532748828121816,0.8386095458968675,0.8399094802007199,0.0,0.056079832356834794,0.0,0.0,0.0,0.0,0.05638905200682032,0.7794251284936686,0.038890576188135566,0.0,0.0,0.0,0.03738941605550536,0.0,0.0,0.7333018838652331,0.031228982525822943,0.05329081381861522,0.0108575060516422,0.8562712494246809,1.0,0.8640266296149058,0.9531037833219844,0.0,0.0,0.06851406016370656,0.0364216972437958,0.005454218327856069,0.018043777885960646,0.0,0.08800144895591233,0.00265257804376997,0.007983321835880679,3.0
0.0,0.0,0.0,0.6909474630095577,0.0199468175879325,0.0,0.0,0.07180306315988129,0.0,0.13266697702947985,0.0,0.7687492054648997,0.02391472631906753,0.07253445665679267,0.01532293177527555,0.0,0.02872818992544421,0.0,0.0017202491090419743,0.8945662325325001,0.022225984581536167,0.0,0.0,0.0,0.0,0.0,0.0,0.9883605625423698,0.0,0.038988022806256004,0.0,0.013498399109956214,0.0551298563912036,0.013509226699011804,0.014119981525433107,0.7737008840328983,0.0796888989991162,0.04005509337266349,0.011288843176332712,0.0,0.055245233513327933,0.0,0.030931612962268686,0.7062180519822278,0.0,0.0,0.08002979475045405,0.07353101401402934,0.1441173851075982,0.042096690457958365,0.011349079606665806,0.9750748467349475,0.0,0.0,0.09207145505441795,0.0,0.011006128929392284,0.0,0.0,0.8203268735514828,0.03482491961410301,0.04219113806384059,0.2149069406364416,0.0,1.0
0.043149377800500176,0.0,0.0,0.0,0.0,0.0,0.0,0.07644049751068013,0.04112059945842305,0.0,0.027196139650639863,0.0632957466119362,0.0,0.218021005830886,0.0,0.0,0.006425301215805171,0.08289485414296721,1.0,0.9874015935893607,0.6610489266367269,0.6947728936555744,0.0,0.0,0.1088370496000814,0.8992729318466132,0.08759894113841148,0.1687076632266452,0.036754688839045556,0.02335022460121043,0.871598183828962,0.0,0.0,0.020885004761246023,0.7623066299795592,0.7066518662759121,0.7919357031564456,0.9654246552160715,0.0,0.0,0.0,0.9410724446399183,0.0,0.0,0.0,0.040227373489194196,0.9227626140478212,0.0035670058866180323,0.010725318677202767,0.8964324787340578,0.03753463675926393,0.041939965100118146,0.09860094740546575,0.0,0.9747332075122612,0.0,0.005157280768493203,0.0,0.9280339065053634,0.814298492035416,0.8927307648747566,0.8181657070808679,0.027232421491685532,0.05048611727664352,8.0
0.0,0.0030974715166055505,0.005952920997740205,0.0063736646700743435,0.0,0.007609637465213426,0.0,0.02196174847030584,0.0,0.0,0.9324365901784167,0.8864770928721355,0.8613668921784305,0.8748968869180644,0.0,0.08220861381914935,0.07168238758069838,0.22631588142316977,0.046835148611829046,0.0,0.09556334029785751,0.033623236117514235,0.9062221201297533,0.0,0.06549246340226056,0.0,0.05505568063226508,0.0,1.0,0.770757364522657,0.8629024815524401,0.016166360630315076,0.04423488069492909,0.0,0.0,0.06995617287609213,0.0,0.0,0.7577184303908767,0.01392185745923574,0.0,0.0,0.07390902214941894,0.0,0.10130534769755611,0.04118157544431242,0.8532392763142862,0.034241880905150436,0.0,0.01833206966161686,0.9572232445993419,0.8519186500470416,0.7431301735578583,0.9308997204006854,0.0,0.0,0.0,0.0,0.1788812071748106,0.07934190008480635,0.0,0.0,0.007117650053256062,0.0,3.0
0.007320646873946785,0.0,0.0,0.7940307266573314,0.03585719811931308,0.00591524953742844,0.0,0.07958542659806495,0.025568356565840486,0.004924507249721689,0.026673892348037333,0.9091085857977155,0.03813243454129727,0.0,0.032056353038937946,0.0,0.07254015445451446,0.0,0.03819737622159952,0.8129532387289623,0.0,0.021842456852047904,0.03687094706892758,0.0,0.03484786919640421,0.02770999288460408,0.042596710668414396,0.9761036657154767,0.033802533172077404,0.0,0.0,0.02516953288929871,0.04309530289944398,0.0,0.02249659364561349,0.7886714989840685,0.0,0.0,0.008410899711847655,0.0,0.0,0.0,0.0,0.8226159195111703,0.18898777515920526,0.025119859890510285,0.06482005670555319,0.0,0.0,0.08196691516424082,0.0,0.9993669727489624,0.06599373492247095,0.0,0.015158209939554038,0.0,0.0,0.07234871310885403,0.0,0.9201690707474265,0.045668389671281895,0.0,0.0,0.029749066602957387,1.0
0.14842063275729583,0.05347857622675959,0.0,0.0,0.03642297439693789,0.08101050310967531,0.0,0.01911175848011444,0.07687173278493545,0.0,0.0,0.0,0.0,0.08063435828549963,0.0,0.0719485836580925,0.028769696427168492,0.0,0.7691819669278301,0.9719999032806462,0.7747745525597599,0.6236887602678315,0.028494041847912033,0.03788648039523407,0.028472328151608287,0.8732097086594297,0.04826794139064719,0.0,0.007605450636586603,0.0,0.0,0.0,0.0,0.7813859240029337,1.0,0.7542462785005648,0.853968110415741,0.8663541951029812,0.0,4.055589886102457e-05,0.0,0.9236439272587313,0.004943141495367981,0.02641021449770979,0.20627709431820426,0.0,0.9581614449558167,0.05172208942964358,0.0,0.8412686701912082,0.06291434200872635,0.07472714432446328,0.0,0.08968389253340293,1.0,0.0,0.02578373760649836,0.0,0.6270825382220617,0.7599981958904359,1.0,0.8560241386207965,0.03920773762809363,0.12068522080120513,6.0
0.02025391850580737,0.04853887481800484,0.0,0.0,0.0,0.0,0.0,0.0,0.0,0.008927066939731628,0.0,0.04328619117860655,0.0,0.024911733064382772,0.09040445535111769,0.0,0.11125973120000864,0.030168249391835624,0.9079842669331932,0.9996290822573306,0.7353486250580821,0.8078141983409133,0.04090080169893635,0.0,0.0,0.8819948130152062,0.11716086210550247,0.015039249776331719,0.0,0.0,0.0,0.058999508270571856,0.06333653534874524,0.7821700908650036,0.8799214213031605,0.9804525953022993,0.93569001275906,0.8447936662662763,0.0,0.026387152473774284,0.10132850475143779,0.7123418553472056,0.0,0.0,0.0519623466879288,0.0,0.7938453571719547,0.15585705453092658,0.042640618524980134,0.9561268639625677,0.0,0.030198520758991116,0.0,0.0,0.8691693161276351,0.0,0.0,0.2460852037223587,0.6947208822882085,0.8033643296336261,0.8525272450015036,0.7013566299284809,0.11747560714178133,0.0,6.0
0.07677675875110856,0.0,0.06621188556752787,0.0,0.01312894290928937,0.016939336427512313,0.048803909118825615,0.02439244249456474,0.08455166328729913,0.052746714980488586,0.8006690684878123,0.7093284185152973,0.8062668946502694,0.7480096445695177,0.059574717315112116,0.0,0.00785549487711173,0.03873058726825099,0.769535205005469,0.0,0.2228830859575735,0.0,0.03998574112687925,0.0,0.0,0.047400212982771806,0.8930529363014142,0.8140482693640412,0.9045424284933148,0.8584097707244382,0.0,0.0,0.0,0.0,0.0,0.004699995970027164,0.03141670634488544,0.002083260084714937,0.7049497961381819,0.08475999201690443,0.06734434550722933,0.0,0.04116129612295037,0.0,0.0,0.04150306497463249,0.8795988588175059,0.04125096398061279,0.0,8.04898759324348e-05,0.9638454395664405,0.9495886524269871,0.9470189873545629,0.660268647067691,0.0,0.0,0.0,0.0,0.0,0.039379127564957116,0.1642328500457814,0.0,0.004967287849282984,0.0,5.0
0.0,0.9014000712270163,0.0,0.001703797914863857,0.0054222082484959265,0.0,0.0,0.01268678252627465,0.0,0.756155472509024,0.0,0.04958123914801225,0.0,0.010471228297181414,0.0,0.014976310772297281,0.0,0.6868712961770546,0.0,0.0,0.00312705834812004,0.0,0.9038154952185391,0.04874901168147063,0.0,0.893324702031677,1.0,0.9700652520706714,0.9927994654147587,0.7796100832826738,0.9211536772274708,0.0,0.12047666773019415,0.0,0.049941795204672346,0.015995074162518826,0.11336956123020887,0.0,0.803998031608613,0.0772648109019149,0.0,0.0,0.030555408491709513,0.026293089344410905,0.0,0.0,0.7526240775723205,0.0,0.3203141839428832,0.05084651699146606,0.0,0.14061441133767494,0.007404812351496358,0.0,0.9055035614775073,0.0,0.0,0.025637824096115848,0.0198288157407222,0.0,0.012988899490749948,0.074147184967989,0.0,0.0,4.0
0.08425986954337109,0.0,0.029664189505007273,0.0,0.06120307111242921,0.08601579264775787,0.09360067950527023,0.0,0.0,0.0,0.0,0.22548065886452634,0.0,0.0,0.02444194414674043,0.0,0.0,0.03428870373138632,0.9777589254772391,0.9588607925569818,0.7338581968294859,0.7718427444045711,0.0,0.0,0.05538005293843834,0.8997154355342388,0.029484622538733005,0.06668009951877392,0.03893201375989309,0.0218617418179089,0.6977309539709348,0.007815594936586366,0.0,0.9150959134443133,0.16217129818531295,0.0,0.0,0.022574768985801033,0.999366161305491,0.0,0.034425735352117494,0.6780085413912588,0.0,0.0,0.0,0.0,0.7838948628528958,0.0,0.0567623787966963,0.8911358212316213,0.0,0.0018769528163223713,0.0,0.0,0.7192312875527023,0.0,0.1099953324074343,0.04802434377473327,1.0,0.9246049234257523,0.8549519994548583,0.7389152090485488,0.0,0.015604572952822714,0.0
0.005820600926640839,0.8161039263772986,0.7546421004337855,0.7291281471665682,0.8784400668080788,0.6795093909725602,0.9744627309873208,0.0,0.0,0.0,0.0,0.0,0.0,0.10118179901772109,0.816980102586587,0.0007773782853907935,0.049143721970753965,0.01314021714814171,0.01940358842679807,0.0,0.06003460476973041,0.9613720942070765,0.009645798170728104,0.0,0.0,0.0,0.0,0.05411708444907159,0.8320627754893953,0.0,0.021059893088357092,0.07749706884150721,0.01568413457456817,0.0033301872426981446,0.07042975735965157,0.8924881342755715,0.0,0.02799188553309233,0.0,0.0,0.014842033661497701,0.0848571424248586,0.9220295951058695,0.18931870912676854,0.0,0.0,0.0,0.02678204552204967,0.0,0.7740980400211033,0.03963931075771251,0.04745686003104442,0.0,0.015374923809922995,0.0,0.0,0.011669855414627239,0.006592290989628775,0.0,0.0,0.035725666151605995,0.0,0.0,0.05558406951633074,7.0
0.02060143648363033,0.019820861489656675,0.0,0.006577477100844286,0.023508471167141498,0.06079809529490217,0.08263909857913831,0.0,0.07466971241544956,0.0482089858960332,0.044300609442869045,0.050152973185283826,0.01729503624553237,0.006164242597532656,0.0,0.0,0.0,0.0,1.0,0.9017760830158221,0.8211844747882857,0.8524733378586548,0.08016586348797576,0.039038235465978434,0.0,0.9511140320791314,0.0,0.008696716639806963,0.0,0.0,0.8910424835611348,0.08553976026643574,0.05481327112426191,0.20950809542079865,0.6627626208035253,0.9060778670210151,0.9492719825956233,0.759474418865311,0.0,0.005109532529342587,0.0,0.8347356763834559,0.07895675890569576,0.0,0.0,0.0,0.8822782537192764,0.00019716189071443575,0.0,0.8761710190145459,0.054688521185888905,0.023814011145704875,0.0,0.031987981261597326,0.7275096694744201,0.049394852541084444,0.006616081617995439,0.0,0.6928995414367964,0.6994563529439243,0.7428123750949756,0.9271158056409139,0.0,0.0,8.0
0.0379640043869755,0.740767384969062,0.7414441128518277,0.9501473752351741,0.9253633693866941,0.9066999978923366,0.9393854201852414,0.0,0.037156412586920935,0.022057484145046186,0.01327397548027278,0.014477861157663169,0.0,0.08148976599553942,0.8959983515328065,0.0041062029432651454,0.0,0.00542293542101087,0.0,0.0,0.02422553604150167,0.7653442862440847,0.04626006202681168,0.0,0.0,0.038937770291153216,0.017930563971644133,0.04294353496400043,0.7422750387219805,0.0,0.0010523997771940564,0.14526455527266255,0.05138053125538013,0.09707729648215034,0.021892523938642258,0.9917065652945019,0.0,0.0766059358642441,0.03723019820512623,0.013257299221960638,0.028999979731480025,0.022556124002938154,0.9790534532065477,0.21787800209509198,0.0,0.0,0.018156173553614038,0.054392605787140426,0.032130402212338836,0.713061833561144,0.0,0.06633387498340115,0.002190709721947155,0.0,0.0,0.10893821308388157,0.0,0.0,0.02828918545364626,0.0,0.0,0.0,0.0,0.0,7.0
0.0,0.053622733081176654,0.0,0.8754309670013997,0.08516440222974425,0.0,0.0,0.0,0.0,0.014757054256297709,0.0,0.8980798034687199,0.0,0.04656609183390546,0.0,0.06225167404525192,0.06630178905114764,0.008487827505398223,0.07038784638124157,0.6692638883718256,0.007183263806073323,0.03740786886774008,0.0,0.004229402230792841,0.014831376094549454,0.10068700618796747,0.3926774985893808,0.6892490081799356,0.0,0.0,0.033317349772558805,0.07198185587160719,0.0,0.1009025525160206,0.16800189344422198,0.7837926151452768,0.027548455574121757,0.022497462809418486,0.07556874931657837,0.03306077604755724,0.0,0.0,0.008939705368299094,0.7911179005862128,0.07927359591669386,0.0,0.0,0.0,0.022943269912679476,0.0,0.008675422216208343,0.8530664353425563,0.2567271662023723,0.0,0.05877016978024642,0.04084113613323308,0.06069071520419881,0.0,0.006358252689574535,0.7879935344046939,0.03542965225840222,0.02687912208988424,0.017016860328465663,0.015328443722436337,1.0
0.022548639795762857,0.0,0.0,0.0,0.0,0.0,0.0034654119734955054,0.0,0.06288166089740338,0.013868822154573093,0.816198917058714,0.7603531963088878,0.6889063307609679,0.6965301138294874,0.0,0.0,0.0,0.032023087110890525,0.7535359568314849,0.0,0.0,0.0,0.04017717038926941,0.016790094665603116,0.0,0.006569539094015932,1.0,0.7953084049780196,0.7846564982289506,0.8582198156363334,0.05112031603398945,0.008370834904470407,0.0,0.02935416554301137,0.0404381277263981,0.0,0.0,0.05754083780215739,0.8546513112841767,0.07397401501149921,0.0,0.0,0.013077453826578978,0.0,0.04977274486832781,0.0,1.0,0.026323304639780633,0.0,0.07413299341786725,0.7306020573182821,1.0,0.79255611970433,0.7949469372886458,0.011529037959597439,0.0,0.0,0.02118380697725483,0.0,0.2738891835011398,0.0,0.0905321758201686,0.0,0.02608897944473214,5.0
0.0,0.009885981215868526,0.01517382858596628,0.0,0.044722449140654603,0.0,0.05051909237954917,0.05006645371036325,0.0,0.0,0.0,0.014443179687618452,0.0,0.06640459256473606,0.029983856606310033,0.053903104166638384,0.029264854094544008,0.03214787172135988,0.8422796300505636,0.743585797371205,0.8021761102560889,0.7651807153584196,0.1804182901523324,0.0,0.023287108875383208,0.9541058580279326,0.055783441670222735,0.0,0.24596175120662297,0.0,0.060161913518380496,0.006296545279495443,0.0,0.8085736585062813,0.8305290392286983,0.9244852347003821,0.9813091461352934,0.9685689880985059,0.0,0.08119898823307097,0.0,0.8052745015053953,0.0,0.0,0.0,0.09509135006726402,0.7213585379843541,0.0,0.0,0.7784785828494001,0.0,0.11579309118892281,0.0,0.0,0.8268113493099202,0.0,0.0,0.09685274792788279,0.776852258465101,0.9551908219020708,0.7492764777954566,1.0,0.07397323002249157,0.02802600527041148,6.0
0.0,0.0,0.03628967818313347,0.0,0.02551598460733231,0.0,0.04264025492000967,0.04149387928320822,0.05020476218409481,0.02776298762469312,0.7037372583505229,0.7755882504254649,0.9230015065897376,0.7346655178094141,0.014014721707213268,0.06600572229230517,0.0,0.0,0.039641255546658205,0.0071908730100266926,0.05806636368943137,0.06756407390994233,0.8238241491440417,0.000735307090758581,0.0,0.0,0.0,0.0,0.0,0.8561619795202537,0.31161159384336357,0.013370968195814473,0.0,0.0,0.06733609228019048,0.0,0.7401741440446588,0.09112173078108345,0.03226149890327535,0.0,0.0,0.0,0.0,0.7257653240927352,0.0,0.0,0.0,0.0,0.04211633587327507,0.0,0.7817246540271676,1.0,0.8294113019306409,0.7044103651922917,0.8867584874385502,0.0,0.0,0.0,0.0,0.0,0.0,0.0,0.0,0.03594433323840953,2.0
0.0,0.0,0.019794553866214395,0.0,0.02852335405038399,0.06779690742119408,0.0,0.041183146806060486,0.0,0.08157688249746466,0.8398246903466906,0.7979377990813739,0.7430095570401809,1.0,0.0,0.0,0.023509651562289246,0.030844585691773948,0.1032484811341996,0.25325245630005966,0.0,0.18683677145803504,0.7513689934532338,0.0558944449494341,0.0,0.0,0.0,0.0,0.0,0.8936612772605874,0.032711512313685125,0.0,0.025637712767095994,0.0,0.0,0.0,0.8790053555591117,0.0,0.05526984497644179,0.037824535197392074,0.0,0.039603906557548724,0.0,0.7219660880305531,0.14444685008546362,0.0032156127547488473,0.0,0.11659890128885958,0.10151061063912648,0.0,0.7511203798912466,0.7748776522352216,0.7972687489732598,0.9301321413129625,1.0,0.0,0.0,0.0,0.06540341330890935,0.0,0.23433284124731996,0.009287874093058032,0.0,0.0016488203236689437,2.0
0.0,0.0,0.03494764579119746,0.026210187256806308,0.09553212186550185,0.02642840550409939,0.03115804074360981,0.009055258089230238,0.0,0.0,0.8931758589317615,1.0,0.8103365845712472,0.6362406125383793,0.03612462748410229,0.043650485504586015,0.0,0.06058562229371592,0.0,0.0,0.08817825724641004,0.08196933475149545,0.7976847931406227,0.0,0.08500845451712344,0.025965073550611856,0.05486527827463507,0.0,0.7802323949837963,0.6463273434606781,1.0,0.017533869221810196,0.0,0.04363136185544166,0.00267753390757881,0.0,0.024354736210661282,0.06608766667425361,1.0,0.0,0.0,0.0,0.022040145806556836,0.0,0.0,0.06106283399616333,0.9519120212723852,0.011872323525438428,0.29406636116007967,0.0,0.8302213012889899,0.7731243365722187,0.92452138760557,0.7181023197191664,0.006549329394960841,0.0,0.0,0.017815178399367092,0.02390356862650756,0.10598495945265062,0.04219553325631513,0.0,0.0,0.0,3.0
0.0,0.014847917723995952,0.22494954643068887,0.9466858043266441,0.08056695585897242,0.0,0.0140460446348094,0.0,0.09236373253656366,0.301552905534669,0.0,0.8467081614813873,0.0,0.01083948534221255,0.0,0.0,0.0,0.0,0.03193022791391512,0.9449242986099267,0.014293199079992339,0.08915446055528731,0.11877033463101423,0.0,0.0,0.013195011627411402,0.0,0.7882421227522778,0.03234328858951415,0.04849827116684646,0.0,0.39317898937052165,0.0242157597860074,0.0,0.09494484806494968,0.7436757751175515,0.0,0.035480282175957514,0.0,0.0,0.015291969883079463,0.05336551517822376,0.027561590148802585,0.8515469759568488,0.00495590513725912,0.08450204704003184,0.04374579039032523,0.05973075544403827,0.03143807121235802,0.039399491973642786,0.07608201961804761,0.747174139029255,0.06566390630486878,0.0,0.0,0.0,0.0621894916934157,0.0030487956343363876,0.0,0.8154406802553273,0.03709984758445153,0.0,0.0,0.0,1.0
0.0,0.0,0.0,0.868308167117006,0.026668239643287812,0.022208646678944097,0.0,0.042830402681181406,0.0,0.0,0.0,1.0,0.20135323684559003,0.0,0.0,0.044832767290650985,0.0,0.02857052557213809,0.02748905637450058,0.8744883166158369,0.04409782390158051,0.024734446136340536,0.0,0.0,0.0,0.059595383269356705,0.0,0.9451287297208858,0.0,0.04084037522607208,0.0976526327929077,0.0,0.00863725147755343,0.0,0.022118393285098653,0.9621402722144708,0.0,0.0,0.0,0.05835489453765962,0.006697351328356083,0.0,0.06153117303681709,1.0,0.08077877793599642,0.0,0.02762335341531752,0.05046771885427331,0.0,0.0,0.0442859493174765,0.9963504282343792,0.0,0.058964530746154556,0.01455649848379565,0.04296124754782512,0.19974667295948387,0.008346631973459959,0.0,0.856397859045862,0.05250052179668674,0.011230413447810932,0.07146037962367485,0.0,1.0
0.0,0.02441181127576992,0.01360761738468011,0.08585455490880718,0.043540306458502064,0.06303984389510187,0.027996269673973263,0.0,0.013799961158195657,0.0,0.8470854364483187,0.7689621353445583,0.8313096922398558,0.9383283802416909,0.045171133152284215,0.03818098986095139,0.0,0.2467294525061702,0.0,0.0,0.0,0.11740182761855873,0.7063417639940236,0.05180461053182193,0.0,0.0,0.0,0.03166102313382195,0.8274884980018284,1.0,0.9385447187038258,0.053443576032200894,0.02423293509799739,0.0,0.0,0.0024491295868463224,0.034546449510480255,0.046098488308893425,0.9598871024383662,0.0068923049337164385,0.07675814249178672,0.0,0.017799886731412678,0.010016380506117785,0.06750866953927352,0.0,0.672489734782008,0.0,0.0,0.08771631058704887,0.7618938652637554,0.8886262670066385,0.8042721754058146,0.756204898753771,0.0,0.03029485018851428,0.06730657662587523,0.053104605630827334,0.0,0.031229561698987243,0.07265539234326539,0.02746156504219381,0.0,0.0152409779508876,3.0
0.018483701463644444,0.0,0.028760542567952182,0.03927575147660389,0.03446891278037646,0.016761028322946667,0.0,0.0,0.02243552705354626,0.020587146314144596,0.02117224966723473,0.04238807949656788,0.01774058258785406,0.0,0.0,0.0653345376060093,0.06560777383009814,0.09631380053133011,0.7997874703441531,0.9343473321124695,0.9074038220778554,0.9612393074844777,0.0,0.0384236511503967,0.0,0.9308546035645464,0.0,0.0,0.09133553343753677,0.014329890671148524,0.8082493749043916,0.022327063819367724,0.0,0.0,0.7822001602546172,0.7206803966204538,0.7713543354476842,0.8294845248935823,0.8839917673444135,0.03926049106109845,0.03950610636379295,0.0,0.0,0.01225658045077889,0.3910505850224446,0.0,1.0,0.05874254372346027,0.08144996216596861,0.0,0.03437881593000926,0.003648267134654985,0.0,0.00026292197254472997,0.8962380932639802,0.0,0.039656576609671465,0.0,0.0,0.0,0.0,0.0,0.005525976805663407,0.02714731833622946,9.0
0.013848470550859705,0.8464094857037134,0.0,0.06217654397456112,0.0,0.05141688969260913,0.012199710819612826,0.050884072727375544,0.014593341807685432,0.8296052777779521,0.09731721616918146,0.06730798600363695,0.030349590284463858,0.0004322222626732862,0.010524651262573537,0.0,0.0,0.8173448443391158,0.08456422140684026,0.016180305178349803,0.029866272387132284,0.0,0.7355467579707221,0.03771603585520992,0.03458093723508621,0.8551831005155779,0.767423372738821,0.7506712652119607,0.816880108449946,0.7641002169698881,0.7875986658331835,0.04705091139134439,0.021036957374096242,0.0,0.03491715342331277,0.0,0.010120575723727033,0.0,1.0,0.0,0.030442195427155323,0.07899202468873304,0.03744498828392361,0.002497158816644154,0.0,0.04452572806788377,0.9102110630026979,0.0,0.0,0.0,0.13757557644922902,0.04403707150964094,0.05147987579702156,0.0,0.8932070303474424,0.023191992710513563,0.0,0.03206877998920923,0.0,0.0,0.02186368644413178,0.0,0.05103066356028954,0.051602234486765076,4.0
0.0,0.6604079068104662,0.6652166363922309,1.0,0.699818231291099,0.7924084467792105,0.9875491434064381,0.01210318847383731,0.0,0.0,0.0665225106307068,0.08169536443008983,0.0,0.006136669957630917,0.8242906303867411,0.00523378043372266,0.0,0.0,0.023124100822298953,0.014564909856572479,0.0,0.7751301815809496,0.0,0.0020384820377153568,0.00037819964023035947,0.0,0.0,0.2472039871293705,0.7461984973317075,0.0,0.010556795087888265,0.009817079964457272,0.0,0.0,0.0,0.9212788501761411,0.0,0.03101678685178304,0.0,0.0,0.0,0.0,0.8948820100674915,0.04435783283803865,0.0,0.0,0.03572248362992283,0.07222992339407758,0.027218529971663432,1.0,0.012000446680375542,0.0013930058579699443,0.0245925727781973,0.0,0.0,0.20820776264720475,0.0,0.007307465624214495,0.03790585742175169,0.0,0.0,0.0,0.0,0.03733513055007445,7.0
0.0152627539827017,0.003925982190653306,0.0,0.01676045312826093,0.0,0.0,0.07517067567089687,0.0,0.0,0.0,0.0,0.0,0.0,0.06734048516854466,0.06401625974924419,0.0,0.0,0.03529197280234459,0.9340319265821676,0.722444232868425,0.9092974723589654,0.8311324685899177,0.0,0.1221350781378357,0.07308581111926389,0.7671063813535987,0.009242890149271718,0.055855559160571604,0.004992713054244206,0.0,0.7474644666526599,0.0,0.0,0.7288450356406198,0.049769787595566654,0.0,0.04987506842282064,0.043148153008195626,0.6555296847667864,0.012126244856524308,0.0,0.8206281194970207,0.0716749154713377,0.017219693705174132,0.0,0.0,0.8543379905842868,0.0,0.0,0.6651626485175133,0.0,0.036345223385682975,0.0,0.15252551624240324,0.6956931539423543,0.0,0.0,0.0,0.7724199422227089,0.7984670053312104,0.7931564715126109,0.9891157253118058,0.0,0.0,0.0
0.08996564150111544,0.11259314779608215,0.0,0.0891286471081423,0.009405234856970373,0.10686506991832037,0.03537404611615263,0.35073734615720964,0.0,0.03507965703384687,0.9193578430761421,1.0,0.6942337411492908,0.8758941723099726,0.056382240030665665,0.0,0.001663133565204665,0.0,0.9312334861328783,0.1245114708249444,0.026651001070827154,0.050915491162331676,0.0,0.0,0.07846178917532509,0.0,0.8610316288001049,0.8856970040816647,0.8224090835544624,0.9185324550733672,0.009312359188107194,0.07011475382128651,0.041659339890758845,0.06265892146052965,0.0,0.03179232382631234,0.00034488179665946085,0.07275060750056206,0.9300308222522016,0.0,0.011620360663101082,0.0548974203314343,0.03977398158907807,0.006853029751431075,0.0,0.03215221528405404,0.8368772760648933,0.02646777496152757,0.16218934081334027,0.01730801016196516,0.9834649357557158,0.9996656268340224,0.9135308191116333,0.8381312474959312,0.0,0.0,0.0571504603398776,0.1063286193743668,0.0898865304410462,0.0,0.0,0.06844156833163899,0.0,0.02119210371585848,5.0
0.0681191241712413,0.03842182863088294,0.0,0.0,0.04861740779855589,0.031373362285741134,0.0,0.0,0.12094840889065353,0.0254688328942502,1.0,0.8576616699276106,1.0,0.6951545137498512,0.04927982986649157,0.07495094754697774,0.0,0.1142221963870089,0.0,0.06932379424067836,0.04868037443509979,0.0,0.9706628044148394,0.0,0.0,0.0049382774725138506,0.0,0.02029541089485919,0.05679822204274903,0.9570627352498184,0.049672463740370154,0.008427093663423311,0.006848030413156434,0.0,0.09195321757184788,0.0,0.8914916181466892,0.06155639473645637,0.07457866520785589,0.0,0.0,0.008045640311790274,0.0,0.8367355513143916,0.0,0.0,0.0,0.03610628389242739,0.0012083316788292456,0.0,0.7309374733991185,1.0,0.7616280681723813,0.8453297668770081,0.917514400562021,0.05759527503205028,0.040235817554699675,0.01911296639899978,0.0,0.0014311378386917374,0.035662137755951666,0.06818420497463436,0.0,0.0,2.0
0.03960324289520737,0.02749226120603105,0.0,0.009308477116096111,0.0,0.0002861762412888993,0.03680224322935689,0.0,0.0,0.021041942001934284,0.0,0.005714841003182691,0.022133450288304997,0.08032286733157729,0.12302139462673499,0.10645726025815933,0.0,0.06172071228788792,0.9449351842341581,0.7303091565099754,0.8087217205821783,0.8074818736770798,0.0668515891786419,0.015027298564804267,0.0,0.9153586769901024,0.027005562703156794,0.07771175390471441,0.09686611204874716,0.0,0.947764925449137,0.0,0.0,0.8917887208129459,0.29645705356999036,0.0,0.04885661634137933,0.12354065155234102,0.9055269815064374,0.0,0.0,0.8174548824171685,0.0,0.0,0.0,0.05432059183798091,0.8032616077340359,0.05560573313610315,0.0,0.7506253185165553,0.0,0.02127410895874382,0.01852412207681445,0.0,0.6744465210110293,0.0,0.2700571626242842,0.0,0.8063032364016275,0.8369804837901054,0.9674889240114376,0.9349236565734487,0.0,0.0,0.0
0.0,0.8885764156948074,0.05482187814035912,0.0,0.0,0.08853596978812073,0.0,0.08845087053956888,0.0,0.7855245287040329,0.009174156228786458,0.0,0.0,0.008069444630878844,0.04655665858719771,0.015905045187860806,0.043656103171089866,0.8678730570574317,0.0,0.08315922032550643,0.002988153317869136,0.024495488216962635,0.790148643126316,0.0,0.0,0.8581249046704115,0.7734138762429057,0.8059326933493154,0.7863530532004183,0.894966774494602,0.7880012711421387,0.006277985779104674,0.0,0.24490247616929164,0.0,0.030528428853266162,0.03465212605513051,0.03932150638914351,0.9449718552402808,0.0,0.008411300385194238,0.030171640935051182,0.04307030280951346,0.0,0.017530595988307446,0.07930651840059585,0.8241570383849021,0.06883872229324108,0.0,0.0,0.00729188558237185,0.0,0.0,0.03106365710121864,0.9040774118752493,0.09370609924676238,0.0,0.0,0.0,0.016518037882909727,0.0320466798543628,0.0,0.08268122195020139,0.0,4.0
0.0,0.0,0.01555244392752686,0.020577041144216948,0.0,0.15037534184052292,0.0,0.0,0.0,0.041750467708895664,0.0,0.08657558813008247,0.0298923912458106,0.02650354279151514,0.0,0.0,0.291457299249608,0.0,0.8198266615063138,0.9876223410285191,0.8258992159799143,0.7320905670413715,0.014444354223710596,0.0774553963058896,0.015208530841016733,0.7148084484586146,0.25318503294123307,0.02237303115215326,0.05160646042152886,0.0,0.7355953561651959,0.0,0.0,0.8695240221526666,0.0,0.0006217930483868905,0.023105392982429168,0.0,0.8182794945199173,0.04146017088564916,0.008700162726426814,0.7950256649825985,0.0,0.0,0.09379853243858208,0.0,0.8880368075321835,0.01582212468741727,0.0,0.919072403631609,0.009083247722692036,0.03388398327159473,0.01366134392922326,0.000982781457989459,0.937214407986634,0.0,0.0012182955430730335,0.010600888390370948,0.9314523124988575,0.804191701372849,0.86922909933693,0.9223983532092749,0.1209816619782749,0.061262708856845996,0.0
0.034281466055702134,0.06121545656427742,0.0922759569572158,0.0,0.0,0.0,0.009457586328694966,0.0,0.06882865309158319,0.001231819592281346,0.6025498879485389,0.756050687451125,0.9779877814665163,0.7887084584019163,0.04384238709675839,0.0,0.0,0.0,0.6975936362307568,0.048063672190106835,0.0346482270008491,0.019866352980325103,0.0,0.04244510104925836,0.021026373542454603,0.031198790616325658,0.959448619127088,0.905146145427786,0.8819564979261534,0.9678383766580532,0.0727874614829687,0.03619505413544962,0.02839115696088711,0.0,0.0,0.0,0.018752966275554745,0.026639149837904576,0.9218631783387459,0.0,0.0,0.043113117493974305,0.009307320641633398,0.0,0.01862049184969889,0.0,0.7906621251645156,0.019864110647117586,0.07029819071023917,0.07356063393314874,0.9418608444157129,1.0,0.9544357798274122,0.7803373483036292,0.03722368905040816,0.041131972814592466,0.06053914772086706,0.06057057324167256,0.0,0.0,0.0,0.06443941107842144,0.0,0.0,5.0
0.010686729991880639,0.0,0.02161124657603449,0.0,0.0,0.0,0.053847440136160434,0.0,0.019460317937103858,0.0,0.7958091786407455,0.7217884310461838,0.8843728606485832,0.832687519266236,0.02124774832136885,0.0,0.07224572058911301,0.0,0.892957270760954,0.0,0.0,0.0782083868693449,0.0,0.05423810837719596,0.029697864777871005,0.0,0.6987293696353762,0.9081736718514594,0.8987459391771584,0.7106066277872322,0.0,0.04338051986911267,0.09142122123733941,0.15710780268188373,0.0,0.03801257364338519,0.010943199289701076,0.0,0.7466238228079739,0.0663825915070705,0.0,0.0,0.0,0.0,0.0,0.030577855180872044,0.8317382455737268,0.0,0.09538579526182771,0.06591757319543418,0.6967655132480638,1.0,0.9801902757529333,0.9958919880758064,0.0,0.012225801140507347,0.11307845195460445,0.008871390942064189,0.0,0.0,0.0,0.0,0.03121943958525944,0.0,5.0
0.0,1.0,0.9440882559275731,1.0,0.9556828859452349,0.7692620066926964,1.0,0.0,0.0,0.0,0.05382357645426616,0.0912530578397366,0.009691650827718945,0.0,0.975373791538642,0.0,0.00877568596751374,0.04480737143611516,0.0,0.009958480442256713,0.0,0.964479945880496,0.0,0.0,0.0,0.011347156078766699,0.0544486273492816,0.026392189189926446,0.7785278863717525,0.0,0.0,0.07690388858523658,0.03888778279066342,0.0835750451449761,0.059258687447589165,0.9147986095062388,0.0,0.0,0.0,0.017350584412517838,0.0,0.0,0.8239573912694353,0.0,0.019642527959656642,0.0,0.0,0.0,0.06513949090844888,0.8044891417742146,0.15386887005640906,0.0,0.0,0.03532865039486745,0.0,0.0,0.018051240738064644,0.0,0.0,0.04385627998916194,0.04282377825307571,0.0,0.0,0.07700101200318549,7.0
0.008693309530824872,0.0,0.0,0.04942342007805343,0.03865767612305449,0.03815078850466189,0.20109830974918794,0.029550130496390173,0.0,0.07535661716115583,1.0,0.6877789524652611,0.7710988066047394,0.7145313582550852,0.0,0.0,0.04687597081379646,0.10584703387390203,0.01577412511820168,0.0774520105892149,0.013209380727766111,0.0,0.90796886114879,0.0,0.05189378979010859,0.00022254797668838237,0.023419415759131985,0.05204088785538428,0.1432435612885839,0.9891790439004563,0.02095081422757727,0.0819702738043539,0.0,0.0,0.0,0.0006105257498321907,0.9047586212100495,0.0,0.0,0.027291577237588627,0.0,0.0,0.0,0.9847965158926759,0.02518163616431772,0.018516463787904613,0.0,0.016579543549683048,0.0,0.0,0.9873999416982774,0.8946014499406078,0.683025871715048,0.7298784618572075,0.8565475000137751,0.0,0.0,0.004591017705127678,0.0,0.02672456590187542,0.0,0.0,0.0,0.010542729736478228,2.0
0.010215374761768823,0.17777400332789783,0.0,0.030170309241870127,0.020583808965455162,0.09664378852460273,0.0,0.0,0.0,0.09690171551805017,0.8669243602212439,0.9838137665604549,0.7902485434330851,0.8397237456876133,0.0120365910534546,0.0,0.0,0.0,0.05175079179666392,0.0,0.0,0.0,0.7867088474856019,0.018108901765095508,0.0,0.0,0.07174034654391406,0.0,0.011620080975184669,0.851468546632232,0.04665326359559017,0.0,0.023882088700805007,0.08424715908087355,0.0010990882184722277,0.0,1.0,0.022385992257022577,0.0,0.0,0.0,0.04816616939863386,0.04767804331181774,1.0,0.0,0.0,0.03000091483790873,0.0,0.03877904976422641,0.0,0.8300011787300413,0.8383408815750977,0.9281078378322584,1.0,0.7908195330196999,0.0,0.0,0.0,0.0,0.0,0.06480816057350387,0.039114751305708684,0.006061091535607022,0.0,2.0
0.0,0.029974160191075957,0.007432736391271275,0.0,0.0,0.048503626856719356,0.011534782823187187,0.0,0.08969461598074134,0.0,0.008127182593866909,0.007879564387285971,0.0,0.02291765154506732,0.00905586728022223,0.04167341786359868,0.0788943398620906,0.055322264001167964,0.9381269528023551,0.7184548350621426,0.7206802010885967,0.7701062649257345,0.0,0.11255886909821529,0.0,0.9273864729185535,0.0,0.070729185491218,0.0,0.027618782540786743,0.0,0.0,0.010582980444251584,0.8728988558967671,0.7934385212205892,0.7845980739836015,0.9922665306405625,1.0,0.05873248935249795,0.265623140658531,0.0,0.7811232237709461,0.024998122666557137,0.1586748889544703,0.023032556017415478,0.0,0.7146056250852164,0.0,0.09067809519167125,0.8984223864179435,0.0,0.0,0.02571788846197444,0.09022632880613117,0.7220014246561459,0.0,0.008463080449201956,0.04161762429417514,0.7559631965449827,0.7874304578060601,1.0,0.986594120586162,0.29941543528238906,0.0,6.0
0.0,0.0,0.0,0.0,0.11647533431670867,0.0,0.02753112391194062,0.0,0.05330886379202402,0.0,0.830293954566294,1.0,0.826237918951143,0.9189921046409767,0.0,0.3126330804950485,0.056440851723978294,0.07168602424638652,0.0,0.004384970363932425,0.0,0.07330030475892227,0.9559605785846492,0.04985067405958449,0.018868410443726696,0.0,0.023545569408781122,0.3193612773112277,1.0,0.8638540448610532,0.6282305311498364,0.0,0.0028986370691635277,0.02956069351181631,0.0,0.015421300591877775,0.05620347754381536,0.0,0.7076961308072959,0.0062676837564453304,0.0687541890488604,0.02766708952044482,0.09364041341298254,0.043253061479695896,0.0,0.013561552921309818,0.7451124639134119,0.0,0.0,0.03755546663259887,0.9171368156669524,0.9751575099980675,0.9975011430260193,1.0,0.0,0.06336296396012896,0.07349915572668299,0.0,0.0,0.0,0.011093550037619169,0.021679905873856282,0.0,0.0023228743116811413,3.0
0.04960561253212547,0.9669402754465981,0.24753833005411707,0.12721168001218383,0.014823350278832748,0.01673308266608026,0.0,0.0,0.0,0.9515074765551748,0.0,0.0,0.0,0.07754838026080252,0.0,0.06467164105258283,0.0,0.84790519517409,0.0731530165004222,0.02719782730708625,0.041191925036730415,0.0076186181005721875,0.8286008714071696,0.0,0.007346850633388394,0.9181487470441245,0.8042139631831522,0.798302174123409,0.8360380861492709,0.8640473596771163,0.9844333426239508,0.0,0.001621023247368349,0.008042820089126794,0.0,0.0021778210872364138,0.0,0.009296051199396789,0.8475068053208298,0.03403765283276338,0.08012021509170662,0.0,0.0,0.0,0.013790849127899138,0.0,0.7107580152468995,0.0,0.009681712652358159,0.0,0.03305840507784898,0.055412735157753704,0.0,0.0,0.7326495427530018,0.0,0.0,0.0,0.0,0.009748574725589513,0.0,0.0033853935676019034,0.0,0.02684166128376383,4.0
0.0,0.0,0.06573819853833686,0.08119806381306627,0.07410823785529182,0.0,0.0,0.046739278064632406,0.008720385546808044,0.002136594234750198,0.9092061282716281,1.0,0.8792077605593618,0.7956457752740845,0.0,0.0,0.00020483270952289102,0.023153177475388642,0.0,0.2710788296087936,0.0,0.014199662452456012,0.6866479913047929,7.475879109984467e-05,0.0,0.02840288353526161,0.06937384301732706,0.0,0.9126242951004474,0.8557083940448658,0.9310443652194962,0.0,0.0,0.0038571465794515884,0.0,0.026972056475068725,0.041257594675870375,0.05199619985812848,1.0,0.033556887071753284,0.0,0.01997337625508961,0.0,0.0,0.0,0.08580963080897662,0.8375048095272398,0.0,0.0,0.022735163560574284,1.0,0.9440208967528677,1.0,0.8234761682137295,0.006179428414835326,0.0,0.014431769074454634,0.0,0.023370524933179912,0.0,0.0,0.020952051286757215,0.0,0.035351558741332244,3.0
0.0,0.0,0.0,0.0,0.0214394977367855,0.11135485564221057,0.00242355708048057,0.051184073403507294,0.006344628565462984,0.06855955686134255,0.7929340211838246,0.845107522300894,0.9473166172672439,0.6824437491147015,0.02891413337860951,0.03390958656063316,0.0,0.020723146876575834,0.045731407979632606,0.04849278873429366,0.0,0.034333666041629164,0.7596137782208132,0.0,0.04634562560610936,0.22993783945964394,0.020826919603936934,0.008267534657358917,0.0,0.9209832864750082,0.0,0.0,0.0,0.0,0.030201982104602322,0.026372399005202902,0.803259237800625,0.0,0.03380367910058351,0.03816205948426439,0.0,0.0,0.012075229061097438,0.9133872313462944,0.02009355783410233,0.0,0.0,0.0,0.031245920787840775,0.02687064222244135,0.8758200109204453,0.8752855349374243,0.7925049921392835,0.9840780307823336,0.9391491860276147,0.0,0.0,0.0,0.0,0.014733590651365917,0.14197045958174828,0.009688394124709107,0.0,0.0,2.0
0.02398555793578318,0.19872711755315464,0.0,0.0,0.0,0.11258176931911945,0.004326252018495252,0.05318065299604155,0.0,0.0,0.0,0.0,0.16423575505693036,0.02219599714029087,0.0,0.0,0.0,0.060522709587740475,0.8923182010833747,0.9023686835468409,0.8472330929433254,0.8758199412763981,0.0,0.0006361471213498908,0.0,0.7640550519984755,0.0392743337556321,0.014141995252158278,0.0,0.0,1.0,0.0159650594288113,0.0,0.9648109918017285,0.0,0.0,0.0,0.0,0.9114855265629433,0.0528740629570679,0.046466004444159686,1.0,0.0,0.01635342924149141,0.03772616108069501,0.0,0.9708516380453955,0.016020611667411526,0.02829355909151667,0.8065456908850426,0.0,0.0,0.0,0.0,0.8475826195320233,0.0,0.024186254450803607,0.05811960120108504,0.8039301022828499,0.6373635308726809,0.9926495747584052,1.0,0.016850627360480805,0.009256548602002666,0.0
0.003960659447348523,0.04707776363471923,0.0,0.24285509041382894,0.0,0.0,0.0,0.0,0.05719148337515265,0.02676891535657984,1.0,0.7170156833818028,0.9213023450673241,0.6454126139764347,0.0,0.045248429239942246,0.045563482048605976,0.05965771922909631,0.0734442978454026,0.0014751758687745816,0.0,0.0,0.8770431507832458,0.025353902542411773,0.0,0.192916591960768,0.0,0.0,0.9768832877983606,0.6528329404277575,0.8356169229646689,0.07347407353283107,0.20811195079297087,0.06487554611083209,0.0,0.07193098801121904,0.0,0.0,1.0,0.0,0.02917142161101041,0.006037708517855752,0.03887426479120631,0.011530078074466071,0.0,0.0,1.0,0.0,0.028733696797306637,0.1521601111843529,0.9530976367737951,1.0,0.8388954431479196,0.8973319165707544,0.0054203064647807015,0.02422001846731874,0.07802978994696688,0.0,0.0,0.0,0.03289576616234399,0.009547263134827509,0.0,0.0,3.0
0.004202840734605143,0.13859462837586695,0.045832694388842965,0.017362990745814495,0.0,0.0211745898365875,0.0,0.017107220809990973,0.0,0.0289301593864833,0.0,0.04206951023543633,0.014641151171967237,0.0,0.0,0.0,0.0,0.03552331258380006,1.0,0.8275521209625335,0.8721254844425096,0.8475652522401326,0.0,0.07283941775582424,0.05114672122534736,0.9329580789511817,0.0,0.0073752144490852895,0.027069232787265165,0.02794525033235744,0.760036971576736,0.023579442919273535,0.032560349349667915,0.0,0.8219619526114514,0.780856028154543,0.9925317201831046,0.832709046271189,0.8916264784547193,0.06269599137377743,0.03192083145051467,0.0,0.0,0.0,0.004829182655936568,0.07013876805919443,0.7197555163037955,0.04234014200633061,0.0,0.02823659350312971,0.0,0.004082871422764006,0.0,0.059542123092799396,0.8715803970469674,0.025198106802032917,0.04653895233200699,0.0,0.0,0.0,0.027194034295921654,0.02598837628718789,0.07734365303380197,0.0,9.0
0.02928489499084307,0.0,0.03394142261614636,0.0,0.0,0.05760978393448668,0.0,0.0,0.009148626221155651,0.0,0.9401572821347414,0.7902446449154665,0.7182350047806028,0.7435678855286294,0.0,0.028532035694873194,0.0001290231973655523,0.0,0.044194787913841044,0.0,0.021682137483266636,0.017420415458506137,0.8310102812802628,0.0,0.03408974342654994,0.0,0.021448484239841387,0.060634672371025135,0.0,0.938733166733627,0.0,0.005620168770251014,0.05447609908933711,0.0,0.05419739127710861,0.0,0.9843181752623111,0.0,0.0,0.02756115525334936,0.028096041044181966,0.0,0.003141185959878206,0.9123541311193227,0.08749250534496664,0.0,0.0667416855473644,0.0,0.0,0.015132160144408036,0.8267350495583781,0.7198782182655045,0.7479175914518764,0.7525835942692288,0.7657867485830847,0.022025175434733327,0.11496016122125677,0.026356043483015734,0.0,0.0,0.0,0.01255744630528808,0.0026024332559085126,0.036071621355039905,2.0
0.023895762399862314,0.09818516505972848,0.0,0.0,0.0,0.0,0.0,0.017371091617152154,0.011740922389497789,0.0,1.0,0.814979182626171,0.9108775509559797,0.9822933351420812,0.0,0.0,0.0,0.032981200570822676,0.0,0.0,0.021645509386904314,0.0,0.9097266479696781,0.037506060669266136,0.11316374114545286,0.05923085546413468,0.0380347877426071,0.0,0.7236296530292098,0.9797759795813609,0.6714503498027987,0.052145280660492135,0.1397200248567953,0.03685301790153551,0.011850562883861422,0.0,0.0,0.34989010240646257,0.767179717801998,0.03721609366181435,0.0,0.0,0.08270763869730116,0.030604271466119576,0.02459558594275725,0.0,0.8801335387598995,0.0,0.0,0.0,0.6949185871367707,0.7908853211936407,0.7012631099757387,0.9646605401372519,0.049078999353849136,0.04785058616515901,0.0,0.1259938456917169,0.016195305635881493,0.10771891916748955,0.0,0.0,0.05087691732972721,0.01006241567820125,3.0
0.0,0.0,0.0,0.03149943223768561,0.0,0.0,0.0,0.00047855552096340574,0.036170808029311406,0.0,0.0,0.04682455178385414,0.0,0.14222154306921417,0.04775443172325347,0.0,0.0,0.0,0.768872384300809,0.9298142436271168,0.7764805830324558,0.8944825806632274,0.0,0.031230888051768158,0.05695885011816676,0.8283664580041703,0.06798455081765183,0.0,0.0,0.016154761006487176,0.8979579440104527,0.0,0.04785379529107194,0.0487473892676871,0.9114615135261523,0.7805073315675385,0.8875557368238657,0.8736871726459212,0.7968308741502789,0.0,0.0,0.04238323619043763,0.0,0.0,0.07908288886975819,0.0,0.8128684808304746,0.0,0.0,0.00014239056924037155,0.021668545492243698,0.013305918304778279,0.12745107784331058,0.06496978826173974,0.9729276906425494,0.018693138145436675,0.0,0.011806995804125956,0.0,0.0,0.003928329564108529,0.0,0.0,0.05125108680440275,9.0
0.0,0.0,0.0,0.0,0.0,0.08397929894947664,0.0,0.03939336618015468,0.03070704829688305,0.011136383615322945,0.0008946795639532962,0.0,0.155156106596736,0.055286532235805264,0.0,0.0,0.0,0.0,1.0,0.7486916359500702,0.8365815918569255,1.0,0.0,0.015552763060357187,0.03363658134952614,1.0,0.0,0.011840553164521527,0.0,0.004392087647728352,0.0,0.020435772592839904,0.0,0.7172201605386632,1.0,0.9591333946120376,0.7503562338230303,0.7210550974689566,0.0,0.0,0.012443487694968643,1.0,0.0,0.0,0.031089971554213686,0.010773405801091079,0.7509897045744248,0.09518284359752856,0.0,0.8352493644856858,0.028130617933367172,0.0238909841255227,0.0035410190068774225,0.0,0.9184371946389202,0.021205172485403236,0.0,0.0,0.8004063505056032,0.9068615908908423,0.9772515123402122,0.9796437127624656,0.0,0.0,6.0
0.008105203006693871,0.0,0.0,0.0006797237137858266,0.07553755957698453,0.0,0.027030450439342015,0.04289656211881006,0.03972899578225141,0.0,0.09598482068244356,0.0,0.0,0.010193413515126499,0.036750838806090175,0.07615238673668019,0.03879504274743015,0.0,0.9657065897291726,0.9392535998639344,0.8472940872191982,0.9953647361030579,0.03901498424576459,0.0,0.048566980025703615,0.938029190082992,0.009159610152886175,0.08151948438610895,0.0,0.0,0.9025395479024518,0.026464365277931723,0.0,0.0,1.0,1.0,0.7764233887180677,0.6939675271296127,1.0,0.0,0.050389417925850645,0.06481110831467618,0.012711478314220235,0.0,0.0,0.018282174647834215,0.8813207643632829,0.04495079222310419,0.024352735972006306,0.029710139393308174,0.05619347336243966,0.04685177446048148,0.02081666196203191,0.0,0.8414704301639202,0.03370028394259959,0.0721477617745395,0.0,0.056914701911978206,0.24485603315736193,0.10269290761685385,0.015796913704602792,0.22478349912040643,0.041000139003511245,9.0
0.06707087332456974,0.0,0.0,0.9199580934836497,0.0,0.0,0.0,0.0,0.0,0.10785409634367521,0.04199127998606425,0.9601488258971947,0.0,0.0005032045255966913,0.0,0.0,0.014380381522068095,0.02276858091747137,0.0,0.9697939190495442,0.013379307222967382,0.0,0.03661656730064893,0.06312794168347739,0.1605248891798388,0.032851090841509806,0.0,0.6781804391671271,0.015937479603149375,0.03358888568163642,0.0,0.054099359196058995,0.039553205723471284,0.0,0.0,0.7164592785939541,0.0,0.06325163831715623,0.0,0.030069832067053978,0.0,0.0,0.23286585573146024,0.773656347795818,0.0,0.05894479274596255,0.0,0.023770923160459645,0.02290499338640771,0.035722141286848585,0.09810949438340058,0.7340419598426289,0.030970590068054818,0.0,0.048784727943327236,0.0,0.0,0.027188829473668203,0.0,0.8656522211990546,0.013737186954720171,0.03432572279516354,0.022654266550141553,0.03504317553592304,1.0
0.0,0.0,0.05390048220792829,0.7882804450544053,0.0,0.0,0.020660359396102352,0.0,0.0,0.005238668655277255,0.10111938876796887,0.9230615286301602,0.16698202512239088,0.020631496556136327,0.06753253477265068,0.022182878290133823,0.021411134363347475,0.022239871396263544,0.0,0.9711832060415293,0.0,0.0,0.01365282068561815,0.0,0.0,0.0,0.027076409534547596,0.8259478764024608,0.05760901786832834,0.0,0.0,0.027893646485776358,0.06954393593888081,0.0,0.0604131951984741,0.723762455519356,0.0,0.0,0.07125887833835697,0.046669119365017324,0.0,0.027738096018532128,0.0,0.8372712750821895,0.0,0.0,0.04307489959449509,0.0,0.25252488663279804,0.008942287316928981,0.0,0.6975314904815034,0.07846722212841972,0.018007211503201077,0.08587707097169958,0.0,0.0,0.0,0.0,0.7932509223892471,0.0,0.0,0.10499736499012816,0.006479014031377764,1.0
0.055130556142543745,0.9695456045597051,0.7565383627886249,0.8927257217731178,0.8694167144059661,0.8086017172447805,0.7544009867908127,0.0011793639135619714,0.0,0.0,0.07898657563387601,0.05102270856096361,0.05557822414398031,0.018161652207777212,1.0,0.0,0.025110648020105826,0.07250748007895035,0.037535549771335365,0.0,0.0,0.9556917146981633,0.022798206490092184,0.08349142475428281,0.0477138412916027,0.05659004245783851,0.0,0.0,1.0,0.0,0.1377462151795799,0.0,0.07451782758054235,0.0,0.0,0.8557240305207057,0.0,0.0,0.0,0.02390019381525427,0.0,0.04233779874692017,0.8376470089382404,0.07163350146426203,0.01946778341006096,0.0,0.01915736078590691,0.0,0.04605985233492619,0.9337126547215038,0.5422635462900036,0.0,0.0,0.0564260938655442,0.0,0.07414887642637305,0.0,0.05817892056058821,0.02512865670003945,0.02941662458432789,0.0,0.04748628860592374,0.0,0.012141529342139398,7.0
0.00366269788458471,0.9262011434500789,1.0,0.7452753209860407,0.8419980860201193,0.9395227798716851,0.8226550923610423,0.0,0.0,0.04840753620519472,0.00015947583597089736,0.07634837997868156,0.05024751731134314,0.0,0.6952279447549575,0.019293920637028616,0.006594948496497742,0.0,0.0,0.0,0.025949120199811406,0.7761587457661715,0.08245141007996608,0.024048831730521025,0.06690123648591366,0.00034985559792296986,0.02391325216424531,0.0,1.0,0.013399309725201997,0.0,0.08533295789619227,0.0,0.0,0.0,0.9393808572324834,0.04085311700471684,0.02794090932281928,0.3147504134293306,0.03208434610667561,0.0,0.0,0.7990596355039234,0.0,0.0,0.0,0.0,0.07236233280677444,0.0,0.7593625052608529,0.008866086686120305,0.01606754408552734,0.0,0.009576046691724939,0.0,0.2636448465821579,0.0,0.0,0.13573259987166783,0.0,0.007107742614003508,0.0,0.0,0.06865267864689559,7.0
0.0,0.04436603957953352,0.023245404069929244,0.0,0.2293115513601375,0.03908869183676647,0.07600933800112727,0.044337284967111604,0.0,0.0,0.0,0.05068040117583135,0.016293296715656894,0.04661108926779979,0.0,0.04698172061252786,0.0,0.053016805638182465,0.8161391760019292,0.7028338624939175,0.8852205058525362,0.9138300711741769,0.036436168096633886,0.0,0.061577089393501996,0.9949827028436906,0.03165190552338369,0.02667084244045836,0.038794577824278184,0.0,0.757895479156178,0.0,0.0,0.0,0.9042481839606018,0.8285748672788107,0.7435610139222433,0.8361138964868382,0.0002873973988159281,0.0,0.0,0.823963558490762,0.0,0.034091157877236926,0.003930053564867402,0.011875751963047229,0.7688709246967398,0.0,0.07165352037623877,0.9413555644199214,0.0073320267116525634,0.0,0.031432759567770384,0.0983339006992808,1.0,0.0,0.0,0.0,0.8539918893213807,0.737177086125723,0.7221843668566558,0.9416573153045592,0.0,0.18873126057445005,8.0
0.0,0.00823340959146991,0.0,0.00014890423556821863,0.0,0.0,0.003395891515050495,0.05843471436480196,0.000601960509462151,0.049380632151852344,0.06748975530068893,0.0,0.0,0.022311149133297972,0.10200169352076915,0.06240677749841675,0.024438183529536087,0.04352019375452071,0.8483849175446835,0.7131613932010317,0.7851775891952054,0.9454078737756136,0.0,0.0,0.041744506371433655,0.7687433256159227,0.0,0.004572572089025549,0.13811716176223676,0.0,0.739254389794144,0.015797358016090664,0.0,0.8776150066397825,0.038077081939684794,0.01600446853467486,0.0,0.06552731091715626,1.0,0.013121297382036282,0.0,0.9004844578237262,0.04340136631942207,0.0,0.006895105010512633,0.11719181865847116,0.8090031161579961,0.0013764626267192552,0.0,0.9537957731476069,0.23324466590882514,0.0,0.0,0.0,0.8245419237888462,0.0,0.03814717078807562,0.0,0.8859903767997824,0.6694019131306869,0.7917336208836034,0.6892666554551707,0.11826916239705176,0.061628759439021324,0.0
0.0,0.8290906074993655,0.0,0.019751571917752394,0.023609636394395922,0.0717183663825552,0.0,0.0,0.021685304781237993,0.9014842877560729,0.06119681396483745,0.0,0.0,0.08619299623713048,0.013960246854675729,0.0,0.0,0.8611349397782758,0.0631303663004009,0.0,0.0,0.023948401775478318,0.8636415551732718,0.0,0.03588144764388523,0.7927771491400675,0.8174860878451465,0.7241878534791546,0.6850564694761886,1.0,0.9979749792030508,0.0,0.30333133486394265,0.0,0.0,0.046851763078795905,0.0,0.0,0.8360804870970929,0.022753191689588392,0.0,0.04689538562668781,0.007644367558383618,0.06486793564800168,0.0,0.06182595527753282,0.8878225618004396,0.026247664647409463,0.026654213573074122,0.035669202268577206,0.3382762776065624,0.0,0.0,0.0,0.958127424042415,0.0,0.011622717434533547,0.0060636302068251165,0.0,0.009583902256825289,0.24217268316275337,0.0,0.0,0.0,4.0
0.0,0.0,0.0,0.0,0.0,0.0,0.0,0.0,0.0748623850687843,0.0171635012511975,0.7778071405417897,0.7725148668001889,0.8318199881644297,1.0,0.017403735879360574,0.0,0.0,0.007296149465951193,0.0,0.16579522898409185,0.005621104572459916,0.0,0.8882373543951578,0.0,0.0,0.08339189837714825,0.0017185471485117116,0.0,0.005701789213886442,0.9277793582483722,0.0,0.0,0.0,0.0,0.0,0.0,0.8348026762681142,0.09987163653493664,0.05855868920624836,0.0,0.06673340540380499,0.02960290414424089,0.047774704329129274,1.0,0.0,0.0,0.0,0.03143589821400922,0.0,0.051007741230473316,0.6810410844888455,0.8801207406860703,0.8293767516641553,0.8596911916959309,0.7978129092745045,0.0,0.06701297545029872,0.006336822348596157,0.007625585822644859,0.006733087114362719,0.04320320406643943,0.0,0.07961465138629889,0.0,2.0
0.0600083924055282,0.7058946944790737,1.0,0.7131083476730801,0.914048141412155,0.8485250508069182,0.9697783582342068,0.0,0.029602133503028434,0.0,0.10372470410094213,0.0,0.0,0.015435684992114515,0.7866878201423123,0.017937347024878904,0.04149971876589958,0.0,0.0,0.0,0.0,0.8674324266737933,0.039778698769105586,0.03390092562077361,0.05737786351137524,0.0,0.03164761694294984,0.0,0.8074044620822268,0.0010601873709782206,0.0,0.0,0.042556755199052436,0.034688412994881505,0.0,0.8377540649860749,0.0,0.0,0.18866137976558173,0.02228389922855036,0.1208431537890505,0.0,0.7538090902390026,0.09138340722024879,0.0,0.0,0.02478172483031809,0.09849745319267945,0.06955585471358995,0.7511489611391604,0.061578691179031954,0.0,4.775673070499085e-05,0.0,0.009474742803242089,0.03637088791655712,0.06048836543190559,0.0,0.0,0.0,0.018708463090421287,0.0,0.158762425026915,0.00012670562729769294,7.0
0.08454898943359955,0.0,0.0,0.9884092048684795,0.0,0.03185178160205573,0.0,0.2122291531327343,0.0,0.0,0.009245639210489124,1.0,0.0,0.0,0.11141259546940063,0.0,0.01904810977277124,0.0,0.06722795642584872,0.9368441135602368,0.08364448539551761,0.0,0.0,0.0,0.043762923351228084,0.0,0.0024416237460016497,0.7315348453470174,0.062072228888601436,0.0,0.0,0.04851498607204033,0.0,0.0,0.022375316627014197,0.8365069380533721,0.07936879698835818,0.05054309603811357,0.01688007555744809,0.0,0.05206702871027178,0.0,0.0,1.0,0.0,0.0,0.04031474767910595,0.0,0.03855797029410757,0.020192177343353532,0.0,0.9551966725032671,0.0,0.04410925224453813,0.0,0.03887497813275945,0.0,0.0,0.1106859575184655,0.9192042106637586,0.0,0.028449642720038623,0.0,0.0,1.0
0.14905508918984484,0.026590421688485407,0.10712430785767031,0.0,0.0,0.0,0.03450575625921651,0.0,0.06497172053243648,0.0,0.8019164510454997,0.9170744953347514,0.6944003484900213,0.796420136078524,0.06593834972586551,0.01894339350050702,0.0,0.0952552300127964,0.03616788074670327,0.0,0.03146505877793867,0.0,0.7277450239731476,0.0,0.0,0.0678922612678677,0.0,0.014712179963491404,0.0,0.9414976667501949,0.0,0.04062636510490399,0.0,0.013901437613407425,0.0,0.0041969563255922025,0.7744971612951428,0.022557779056790673,0.0,0.0,0.13514237986348349,0.06326574251349844,0.021720496335104776,0.9015755767850698,0.042718990897710016,0.0,0.01724185840252583,0.0,0.005122777924245124,0.0,0.8125079108531646,0.6312919747682316,0.7101523567045174,0.8558296049503712,0.6650803934792254,0.03717596964859994,0.0,0.0,0.0,0.0,0.0021555721122485843,0.0,0.0,0.0,2.0
0.0,1.0,0.025288861454449765,0.20944012810892979,0.0,0.0,0.0,0.03201517312488174,0.07086767580902839,0.9383884793994289,0.0,0.0,0.06346146821007453,0.0,0.0,0.0,0.0,0.8666837821925395,0.015935600554102196,0.0,0.0,0.0,0.6646406669914594,0.0,0.0,0.8955017192987089,0.859107557802745,0.8267101335177256,0.8920526316028796,0.9235968293954739,0.863697646703993,0.0,0.03067657494835753,0.0,0.027336992211666068,0.039608621774070533,0.023068677612534005,0.0731380140339073,0.7427892255559876,0.0016326101315058126,0.0,0.0,0.0,0.013205817764948561,0.013790329438112823,0.0,0.7441600935915624,0.016265162152266546,0.0,0.11079360967078378,0.019654237395919278,0.09073788372069458,0.003133901623475194,0.0007382153556650668,0.7867581383383934,0.022312887536762582,0.0,0.0,0.13975720068246242,0.02511720865846472,0.0,0.0,0.2943322556933387,0.01936898847549892,4.0
0.03789182536452125,0.01454689507100386,0.0,0.0,0.0,0.0,0.0,0.019088244205720056,0.0,0.0,0.8350158077599455,0.7608601757721656,0.8041069773531058,0.904282183044474,0.08241612334643322,0.12908636705194593,0.05542685464984536,0.0,0.8289490325100028,0.0012775251379399536,0.008056014787307884,0.001857023568338187,0.0,0.12600142050374316,0.03891613870711452,0.0,0.7125429569654361,0.783048784238165,0.9365532463705281,0.7485573535311262,0.0,0.0,0.0,0.04273655045123245,0.06465895795115936,0.0,0.0,0.0,0.8696815247871672,0.0,0.038792138794441745,0.0,0.08464484872407348,0.03234135836835499,0.057093904546924285,0.048249452411170415,0.8314587277774335,0.0,0.0,0.05237602847269623,0.7379834780366289,0.8608748217812487,0.8863680720668137,0.9317760634586606,0.23372685010991756,0.0,0.0,0.08508630797221353,0.0,0.0,0.0,0.016072319734498536,0.0,0.0,5.0
0.0,0.029312758245346154,0.005691075003880829,0.0,0.0,0.0,0.03513569276070264,0.1284534736518392,0.0,0.005969976720548975,0.7824889582684771,0.7988824475551016,0.7032783815124781,0.7828483885271454,0.011611803122834913,0.1350519725266437,0.0,0.28301730206341635,0.0,0.00981631909787151,0.0,0.1276528724662087,0.8534572467144277,0.0,0.0,0.047454978320538715,0.0,0.033694920399498306,0.025710051231347848,0.7617973686535049,0.044644162857408604,0.0,0.012190151724471267,0.0,0.021206690862711097,0.0,0.88636678533377,0.0,0.0,0.051716857885520176,0.03669433675210753,0.0,0.0,0.8017833335345985,0.0,0.010328284733598652,0.15849292830277228,0.018255480721534805,0.0014224359594149874,0.0,0.8632257254566539,0.7682255584416545,0.811542125419981,0.7602413469163734,0.8810130534691498,0.0,0.0,0.013890479009384012,0.0,0.006918337742409979,0.03804548447325162,0.0,0.0003902853914573821,0.05830874978657116,2.0
0.024234359866877917,0.0,0.04796267386179706,0.09028865676180552,0.0,0.05415997874393385,0.015121318588540301,0.0,0.0,0.0,0.0,0.031922781337910267,0.04032167667484166,0.00019506512954275227,0.017057661522367134,0.03850902082538548,0.0031456894501189305,0.0,0.8590236918923283,1.0,1.0,0.8459471945923853,0.0,0.032081512200713876,0.029175703577087736,0.914179108627248,0.06554933307042721,0.0,0.23172841351046128,0.0,0.05348124831002237,0.0,9.16528694392776e-06,0.8545936181204211,0.7135636526417145,0.9446921713695455,0.8386598836913739,0.7924227778982792,0.026900875877584014,0.0,0.014843373102190766,0.8722057893151971,0.0,0.02495175426451206,0.0,0.0,0.9630564704038382,0.02188094253567512,0.0,0.8047064191259139,0.0,0.0,0.0,0.0,0.7761055045135108,0.036534818733558905,0.0,0.0,0.7953178695295107,0.9041363617436253,0.7633537051406112,0.889695527196394,0.030103680295612785,0.0,6.0
0.0,0.0,0.0,0.0,0.006233302103521151,0.015188323874503435,0.015393773907170526,0.03920610307207577,0.1699928155959709,0.05815907991473355,0.0,0.013027999159449072,0.05734576299732458,0.0014461302208756636,0.11128898366159157,0.0,0.08114376905762288,0.0,0.7668297953677172,0.6976460587397162,1.0,0.7594942157084295,0.006164126822659972,0.10571178453670547,0.007560167900890613,0.7177263483779001,0.0,0.06043226457290825,0.025066951908361126,0.04346687967381516,0.8511267764818816,0.0,0.0,0.9967354518721984,0.0,0.0,0.0,0.2994238894612235,0.7980831371090782,0.0,0.0,0.7816206384502056,0.0,0.09512111806782099,0.0,0.0,0.7507730053564278,0.0,0.02069138565572453,0.7770582487498304,0.0,0.0,0.0,0.0531100884979321,0.8199455809337766,0.0,0.0,0.0,0.7396143683945611,0.8937821882459609,0.8330665380032675,0.8075637307036615,0.06649742214931244,0.07026429989652454,0.0
0.031036055585591606,0.04862419573612329,0.0,0.030360920629606682,0.07979652247643544,0.002655282127056912,0.0038724783042908407,0.0,0.049912199241630484,0.030895561931468026,0.2309224436240776,0.0,0.0019518143431386387,0.02949648148647993,0.0,0.02916857419388791,0.011708846650039382,0.055796164113983374,0.9955882630087477,0.8238398227000181,0.9364607079437476,0.8066460451412397,0.0,0.0,0.011474283559468652,0.8987412808737033,0.3319856422012096,0.02813509272134709,0.051043801183544193,0.055370660793487285,0.649073307747168,0.00520334611109901,0.0,0.0,0.7730878107636546,0.8676705268592637,0.8712933751207884,0.8266329618978164,0.0,0.025798698376918856,0.0408000523076835,0.9677563155495017,0.014490578223292055,0.0,0.0,0.021985542052509365,0.7356238935229348,0.03765094447091603,0.005031927034856047,0.7541642604314287,0.0,0.08441519452429111,0.0,0.0,0.8796734609893395,0.0,0.029239105543895524,0.0,1.0,0.7370192852219307,0.9401149889438155,0.7435425245809549,0.08632989028895727,0.0,8.0
0.030224431866016234,0.009236980190957986,0.035342313816167065,0.0,0.045876217336493524,0.03111923966893376,0.07077603589628438,0.024533141390608526,0.01843165934181211,0.09233979996949335,0.9641322716749912,0.7730157427005167,0.8928858410139797,0.8920400896134645,0.044460775193466695,0.08699933579911409,0.03467170675663458,0.0700319462741552,0.0,0.0,0.0,0.0,0.9967139181508227,0.0,0.0,0.0,0.0017726988642414324,0.06437143037785491,0.0,1.0,0.028894460222792625,0.01642361245803857,0.006582993443335104,0.05671228851761681,0.020735212369491735,0.0,0.9631019134491638,0.0,0.06833371950392128,0.0654497898558387,0.11447257001945794,0.0,0.024458054904557797,0.8364537703338246,0.042873256205240094,0.0,0.02225223891023653,0.0,0.05937854113197551,0.03423485313274055,0.7829397445066683,0.7260027341854212,0.9083892560289335,0.9834804763371424,0.9101958800529883,0.0,0.0,0.007640404384966989,0.013527775576520386,0.05189964661094516,0.3156434964183926,0.0,0.0,0.025991202424246868,2.0
0.0,0.09347806389063043,0.06102965894089173,0.8035826709029433,0.0,0.049423347403622954,0.0,0.034366637983737236,0.0,0.0,0.0,0.926605521561191,0.03421269832277607,0.0,0.0006366089173673751,0.0,0.0,0.016020860119942998,0.04521443061165628,0.7596548429693548,0.01865824657283022,0.0,0.0,0.0,0.27602649869934553,0.08820465172296676,0.03163958322178779,0.8523478182999571,0.0,0.031482017851343795,0.010782231570432588,0.010014706311387655,0.0,0.0,0.0,0.8723306776297104,0.0,0.0997697653779541,0.0,0.011984806003472556,0.013719174863894214,0.0,0.013010458219219881,0.8961974308062948,0.0,0.028529405840604788,0.0,0.0,0.0,0.0,0.0,0.7706684015904139,0.008144168093006002,0.18521869012433878,0.044019953268013015,0.0,0.05295561293212432,0.04941835529077553,0.3074369438231305,0.9726335401384462,0.0,0.0,0.0,0.0,1.0
0.0,0.9206582490020706,0.8893514005210358,0.8286308250592024,0.8170192142531058,0.8391008615478301,0.9636380876810551,0.06994443121965725,0.06514799983160151,0.0008860718339142335,0.0,0.028518873636991335,0.03005260211131268,0.0,0.8410791082111968,0.04322917175748025,0.08489843925929155,0.036691070847208636,0.015656985254873516,0.0,0.10359925686248275,0.8082483320683936,0.09936108256333365,0.0,0.0,0.04136190474969018,0.0,0.030467184635256463,0.7382248576636581,0.036422281648834064,0.0,0.0907316841281013,0.0,0.032484961501394356,0.02778638695755588,0.9582512611664655,0.33607250418608703,0.03176064608753354,0.029566627031692508,0.0031760906307288354,0.0,0.06933778254455851,0.9502291747432796,0.0,0.0,0.022963073062961546,0.0,0.0,0.0,0.9186638474042277,0.0,0.0346984225341403,0.0,0.0,0.0,0.03965909080232782,0.024480403035796332,0.015400393017737638,0.0,0.015210230181354945,0.030728526299488523,0.020339423914113933,0.03579486461292103,0.0,7.0
0.015664242646157924,0.0,0.021899603102397268,0.017510911576421026,0.008363757060802645,0.028848612880280525,0.0,0.00809258589598974,0.08637409261151457,0.004216384743243195,0.7984437062006309,0.7678720592600895,0.914315214720191,0.9904246871041938,0.0,0.0,0.027186018085045484,0.022195309737865973,0.0,0.0,0.0,0.0,0.7209540183573833,0.013862123927876427,0.008224701082486649,0.0,0.07255720471784359,0.02012738756061188,0.10995760123603081,0.8974283583787174,0.0,0.007113945628028743,0.04440593524020771,0.0,0.0,0.0,0.8482303291776279,0.0,0.004948364134363459,0.0,0.02175254285471298,0.0,0.03496311629124431,0.9322290694062104,0.0,0.0,0.0,0.0,0.0,0.0,0.7749788898403124,0.77571056174385,0.7248602746611394,0.9034683738189873,0.8450618890042384,0.0,0.03254182154000132,0.0,0.0,0.0,0.07906445617966573,0.0,0.021438691513035475,0.0887242864611022,2.0
0.0,0.01825586202148258,0.0,0.0,0.0,0.009010675674016515,0.0,0.0,0.045744632327490334,0.0,0.9216126606660813,0.7523456805278073,0.9007307708952691,0.9731531696170628,0.0,0.0,0.0,0.0,0.0035600557009523638,0.012305558020986672,0.0,0.029195665440983773,0.768058623511843,0.0383476360668657,0.0,0.0,0.04384596675831656,0.0,0.927458755505199,0.766160928824526,0.717028643689531,0.0,0.016317513553412138,0.0,0.0,0.06396509449833569,0.03312646382639977,0.0,0.9200288217714078,0.0017495029045748482,0.0,0.0,0.029592852640651524,0.0,0.0,0.05802433245801021,0.944412466443169,0.12745215073788083,0.0,0.1180195412980873,0.9500442294835018,0.8016323741579864,0.9403158662241398,0.9431257964906947,0.0999285979131067,0.0,0.018525676675573158,0.0,0.0,0.0,0.0,0.0,0.0393169799362518,0.0,3.0
0.00846642600786119,0.9654363972321963,0.29856300567361327,0.03201852190359628,0.026127877871399183,0.0,0.0,0.01383047407899552,0.011292465147505357,0.8810633220878067,0.0,0.06398542477315716,0.01325232457725786,0.0,0.11269141721377364,0.11154087046962902,0.01988509511656274,0.8472319099227189,0.0,0.01673491346133611,0.0,0.0,0.890876556067515,0.0,0.0,0.89810267681809,1.0,0.8351489480053687,0.995376807240602,0.8566973586849208,0.8501717689744865,0.07281511183943766,0.0,0.03433080528123394,0.0,0.05446004153225651,0.0,0.10772262443418337,0.9593445780811392,0.02850517029545449,0.04205489734218711,0.07397776647272523,0.0,0.05596394703037788,0.009779670367499663,0.0,0.9544742115602598,0.0,0.0,0.0,0.0,0.0756849680865389,0.0,0.06517338941073086,0.8061897605256318,0.0,0.0,0.02512659818890306,0.014788865403874016,0.025063615991615402,0.014522606880221526,0.0,0.07743231918093132,0.025156734361486813,4.0
0.07110925298407178,0.6975985709210772,0.791372779827513,1.0,0.8853548536570582,0.9417970755455557,0.809480440383796,0.0,0.03190800674174706,0.0,0.0,0.0,0.09565657094979912,0.04370691713470324,0.8167844174071257,0.06322254967456817,0.0029993493299349874,0.013368792889360713,0.0,0.030419294978947693,0.047271732359000486,0.7388913682228487,0.0,0.0,0.004989778262006198,0.0,0.143646994307601,0.01890719239292476,0.8932242117397187,0.0,0.013840816557042779,0.0,0.011710263643168337,0.02596548914489067,0.04174107819382161,0.88063110025801,0.035456304007872405,0.013423953216458673,0.0,0.021936487012178416,0.0664035039797909,0.07143514951084423,0.9733909511752217,0.01647759397179762,0.03111398522303954,0.021842511587691488,0.0,0.0,0.01871312556673045,0.963087097922089,0.0,0.3285426370145404,0.0,0.021943446312873198,0.0,0.09462686459711826,0.0,0.0,0.0,0.008035455361640862,0.22219522621372276,0.0,0.0,0.00999035319220983,7.0
0.024401237232746814,0.9676014932322529,0.029739766819301208,0.0,0.03224147961654511,0.0,0.16995906156151003,0.0,0.0,0.6759653499657099,0.0,0.0,0.06308533589396371,0.0,0.0,0.0,0.008768954943169305,0.8884532176076315,0.03987323521020633,0.0,0.051168715678012094,0.0,0.7106101688196191,0.0,0.054848971526541036,0.9352683061677118,0.7568095560429505,1.0,0.8090281772594056,1.0,0.8136466307681249,0.0,0.016290595249989968,0.029096180800479488,0.0,0.01081962852030171,0.04427643310569286,0.0754678553941171,0.9861163265666818,0.0,0.11412571354127335,0.07474231998287638,0.09781358930273759,0.05153299259143145,0.0,0.013623097105349766,0.9196859788013844,0.0,0.05051546150907248,0.10624618586750978,0.1128102536151597,0.084370225408224,0.04529562814844095,0.0,0.8099295840100731,0.04279617802935526,0.0,0.0,0.0,0.06787147877176547,0.0,0.02506928743808748,0.0,0.008598014494034457,4.0
0.0,0.9927419859839681,0.0,0.2822769810603618,0.024635364629087192,0.0,0.016337634026701926,0.03192552781529528,0.028320211935913414,0.7321895215687364,0.0,0.0,0.08122141514005404,0.06293535127358874,0.0,0.0,0.08106064468609264,0.9355597652201142,0.0,0.0,0.0,0.0,0.6979968652588056,0.012037622274393834,0.002313683792844387,0.9079991416286953,0.7982149620396448,0.8510165410609389,0.7002589244721231,0.8125485081891776,0.8033531705028146,0.07638004259864134,0.0036616443304599484,0.0,0.04089780914710006,0.11861117996795542,0.0,0.0,0.72879134214459,0.0,0.0,0.002997696973225158,0.1674631322660441,0.00840337723473223,0.0,0.0,0.8746549317030183,0.008926905658653747,0.0,0.0,0.01306412161101765,0.01780351886876451,0.0,0.04906302950229104,0.9524077348515544,0.0,0.0,0.0,0.02011565355302966,0.08620807619793351,0.01943942613670628,0.06967753431191714,0.00968219485951142,0.0,4.0
0.07940767790140613,0.034151062776136616,0.005254884300818091,0.05851096625196198,0.0632282076261462,0.006320001466306068,0.0,0.0,0.0,0.0338776531269603,0.0,0.0209873529596417,0.0,0.038768355755355186,0.0,0.0,0.053935979549544856,0.0,0.8432712769366628,0.8599014841916164,0.8399860314169363,1.0,0.06652294534696027,0.0398281755831672,0.2953675006371545,0.7792092279960229,0.0,0.0,0.05988346243141662,0.05252761693029881,0.869202276621504,0.004046697666997614,0.04413329491494464,0.0,0.7832071180258738,0.7289370097304988,0.7691528979926601,0.9147849259014855,0.8811521091557102,0.03453785306367924,0.0,0.09934346891005953,0.0,0.0,0.04919078157542353,0.004672115013319204,0.7092514617661835,0.0,0.09984324716847687,0.0657869432496454,0.0,0.04084332716997337,0.0,0.13134331348548295,0.7991201589308761,0.01876273179202892,0.0,0.0,0.0,0.038174700735810425,0.010818062270889831,0.024636584348287957,0.0,0.05648605944874392,9.0
0.0,0.0,0.060076323747833005,0.7826141788112808,0.0,0.06797303503350946,0.0,0.0,0.0,0.06324798997807007,0.0,0.8362912343231603,0.012454123863122434,0.03578352404187548,0.0,0.015711129367159318,0.00331460932548861,0.10020180302100373,0.06114484769637471,1.0,0.02824373829973026,0.0,0.03061710715251681,0.0,0.008372959983630482,0.0,0.0,0.8002038135777906,0.02696895632072941,0.0,0.0,0.014843347093593397,0.0,0.08268729376548836,0.07425460499687113,0.7709601058746918,0.05372587391461164,0.0,0.035591544292829624,0.052143435490387184,0.012008336758764507,0.0,0.0,1.0,0.0,0.03428354659276736,0.01553967194177986,0.14688560615220508,0.0,0.0,0.09343336140957424,0.835193108292085,0.0,0.11070698251609067,0.007966294910503845,0.031971520984392425,0.028933940299601627,0.0,0.00872061571097124,0.9895446745596853,0.0,0.0,0.0,0.005943849464688349,1.0
0.08221714731140455,0.7685312682687858,0.9494249115383553,0.6919521440977515,1.0,0.7800954220479914,0.8742255151291878,0.005211748408025296,0.0,0.0,0.07149009169112679,0.07176245016272201,0.0,0.035434777152712114,0.9255233023622412,0.0,0.0,0.0,0.007436374861498178,0.03726594815660405,0.0,0.665511225789855,0.0,0.0,0.0,0.01678901187834375,0.0,0.0,1.0,0.08960084898865721,0.0,0.04810835890817648,0.0,0.0,0.0,0.8363733233576528,0.0,0.0,0.0,0.004601423227347837,0.0,0.013433584609573584,0.8901054549011564,0.0,0.16936861903722975,0.0,0.04809904334566165,0.0,0.0005881950238078425,0.8163374460121574,0.05694902663070722,0.07029293994231449,0.08851928344821139,0.19324048744752886,0.0,0.07631494711069177,0.0,0.0,0.025855082973774837,0.0,0.0,0.0,0.0,0.05106797173437199,7.0
0.05349194651130734,0.0,0.03198162336511687,0.20727277167296507,0.14212232515237652,0.0,0.0,0.0052178193787924135,0.02997150736369816,0.05058566743235642,0.0,0.0,0.0,0.0,0.0,0.0,0.0,0.0,0.8168334153747525,0.9075397951888557,0.6743331572826851,0.8144530488750396,0.0,0.0,0.0974919042324025,0.7882750003659237,0.04598764659555928,0.0,0.03040944528091255,0.037743000835708446,0.0,0.03242355656758246,0.1458173983254787,0.9009424260004806,0.8521768324011565,0.7745201451054257,0.7024965976265872,0.8153561255683938,0.0,0.0,0.0,1.0,0.0,0.01842102930235267,0.05905164518364047,0.04133504529756929,0.7196451047097329,0.039510593471709404,0.2391105745320868,0.9630650994817643,0.0,0.0,0.04499091469747961,0.0,1.0,0.0,0.0843785702473677,0.0,0.9240114946229245,0.7362609199008509,0.9336948215211172,0.8035056183669884,0.002451130751439424,0.023639125261731855,6.0
0.0806868304569881,0.0,0.031117030251716523,0.0,0.10338701003952191,0.0,0.0,0.0873520500517922,0.002923528766906937,0.08136612744981789,0.9557816799416093,0.8469312563294886,0.7843086286512504,0.7733957949555464,0.04903783016850843,0.0,0.0,0.07652491271875599,0.10463996991241226,0.0,0.02652671494810486,0.0,0.759344335122113,0.0,0.0,0.02126771939930393,0.0,0.07356206035522625,0.0,0.783215883878129,0.04908948299262895,0.00797664684254867,0.06837533282412203,0.0,0.0,0.0,1.0,0.01391854878077385,0.02129264791977776,0.062749758891912,0.0,0.01768568804413655,0.0,0.7576204728830963,0.028376005102399755,0.0,0.0,0.050659119988481244,0.03484269604142158,0.07015381911382461,0.6995767392374062,0.7524776590007987,1.0,0.876417567293997,0.7139393769373847,0.0,0.06262043883389705,0.0,0.018814035802273532,0.0,0.09758798986307382,0.0,0.0,0.0,2.0
0.0,0.0,0.012388557848532065,0.04269811622323692,0.0,0.06984293752051546,0.16405610607919974,0.0,0.07975982025976741,0.0,0.7902102478743476,0.8691240573560651,0.7793119250757321,0.8445281130888926,0.04109488222946073,0.0,0.0,0.03716435911176005,0.0,0.0,0.02086283201270967,0.0,0.9611928176497307,0.0,0.03058774752447596,0.06078249526327906,0.0,0.0,0.08215746110295641,0.6444503736613871,0.02539883000802301,0.033788615727488584,0.03735838911696822,0.02280802976183555,0.0,0.02810611909008387,0.9286238118901018,0.009590406567853692,0.0,0.06343857413025844,0.084303839204881,0.11447247405099431,0.0,0.9477161754134814,0.06214492373608154,0.0,0.0,0.0,0.04424018920105376,0.0,0.8969450394480203,0.77482066544401,0.7478161964478499,0.864296983103648,0.9778414337173665,0.0,0.0,0.054972891703033225,0.05652209920874285,0.03954389989256505,0.20165894128579284,0.0,0.022930199429272193,0.023370884841460386,2.0
0.010482403784623262,0.0,0.042866655446242505,0.02405817646107622,0.06569061099479899,0.0,0.05529495916517722,0.06316266233372689,0.0,0.009096925294638587,0.0,0.0501583158866698,0.0,0.0260959157327634,0.03509910771351169,0.0,0.03248700967715748,0.0,1.0,0.896817636488383,0.9291137107327501,0.6118629326259639,0.0,0.0,0.00879825739030241,0.9844628107254524,0.035486523101179425,0.0,0.0,0.05214461012606695,0.7621351905870885,0.0,0.07448376838653897,0.7321705829930647,0.0330186779679999,0.07143774021077427,0.0793329655195192,0.0,0.7274994136115087,0.0,0.0,0.7083240242111801,0.10701085096365792,0.029150936567336444,0.0,0.09728940639742902,0.9814695484181744,0.0,0.0,0.8895065003566428,0.03702134536686205,0.0,0.07454351570467312,0.0,0.8481063324671492,0.0,0.021655739179410244,0.09909465148960805,0.8393484602165301,1.0,0.8944549451350967,1.0,0.0,0.0,0.0
0.0,0.011501274787413085,0.01633641082250233,0.9394045936365963,0.0,0.12849606241353534,0.03926264676335636,0.06909772238177689,0.0020313211810996015,0.0,0.0032322862595908827,0.7375952403967978,0.023859622200412732,0.0,0.0,0.0,0.05948242812639029,0.03483859491155818,0.01525573040715065,0.6656676944280359,0.0,0.0,0.02075725804880419,0.046026679416278304,0.06832678703300184,0.0,0.022378672462361252,1.0,0.008559701822160192,0.0,0.0,0.0,0.0363595651854203,0.0,0.0,0.9260529594864193,0.0,0.0,0.07419638437887373,0.0,0.0,0.0,0.06779549094676249,1.0,0.0,0.0,0.004853331640067933,0.0,0.0,0.06285781311337033,0.11238599662502868,0.9000928503888667,0.04698352524298347,0.0,0.0,0.0,0.0,0.08008684326182232,0.0,0.740215946591264,0.0,0.0,0.1515551517225139,0.014855229627148515,1.0
0.05292612252636744,0.025296038088300412,0.0,0.00850504525374657,0.0,0.0,0.02999871648115492,0.0,0.0,0.0,0.0,0.09665241341802046,0.004613803610171862,0.0,0.0,0.003522902388900937,0.0,0.03816276464491093,1.0,0.7898608922138902,0.9316428323052556,1.0,0.0,0.013993470395759872,0.012688235332385176,1.0,0.026165340479617844,0.0013282125289229407,0.012768375708392628,0.3715102877268945,0.7489165131432891,0.009900288045781901,0.0,0.0,0.9400855792704188,0.6645194646308866,1.0,0.9253245953862016,0.751885767556558,0.023860910986913963,0.07511616038997561,0.11260428394422473,0.04093252234640441,0.0,0.0,0.0,0.8684042213846793,0.07387253795349041,0.0,0.00788968026514844,0.0,0.09747828987560891,0.0,0.040549192788200406,0.8082632011032524,0.0,0.03473604654472377,0.05052185542672038,0.0017165303226225382,0.02550819745168815,0.0,0.06680724523854287,0.062270985495202526,0.05798248479922308,9.0
0.0,0.0,0.0,0.0,0.0,0.012212703049778987,0.0,0.0,0.0,0.1985324813622524,0.7841793179769041,0.8689994737583256,0.9002834475927085,0.7348976752818357,0.06374350847253972,0.017863685526892135,0.08068203881790724,0.05796596862388307,0.0,0.01537033075338539,0.0,0.0,0.7412390959725715,0.0,0.010011128408227703,0.047954877275835646,0.017497638717313437,0.02344153372978429,0.8523518087369557,0.9084642470777957,0.6980444175697047,0.025554474905167785,0.0,0.02435988307542091,0.07824809803636247,0.0,0.0,0.07122079224427323,0.9640490714028014,0.0,0.0035921651861016072,0.0,0.0,0.05140765482358141,0.002113718828411188,0.0,0.7444718033379399,0.0,0.0,0.0,0.8265229602099972,0.8780401101061899,0.8399349661218225,0.9818697890763061,0.013655873971987363,0.0,0.0,0.0,0.0,0.003233509780805931,0.0,0.0,0.02455442500836609,0.037644362309951364,3.0
0.06543340704441072,0.023161671235190986,0.0,0.0,0.0,0.0,0.0,0.0,0.0,0.024255138995241995,0.03558746367108761,0.0,0.0,0.05452841472747438,0.0,0.0,0.0,0.0,0.8298354068498115,0.9393114439372058,0.8507265754496838,0.880238891085766,0.03758371826972329,0.058940823631982324,0.11418126906867039,0.7321280574686829,0.0022346950752907433,0.0,0.0,0.10536440959203766,0.9172322872207892,0.0,0.0,0.8994358202094765,0.06630715502819955,0.007252433525258707,0.0,0.09216203169975626,0.6825148137119911,0.16402078460930675,0.0,0.9308179842062074,0.03360635786906218,0.06587975135164739,0.01441011506274336,0.024554396104110473,0.7879237728398971,0.0,0.05083852405589419,0.8198274377367867,0.0,0.0,0.14803632974887837,0.02599176496216392,0.8968454721483079,0.07440536801561858,0.059495576772792595,0.0,0.9162388227526146,0.8278772957734307,0.897368717967923,0.817936835136342,0.12209940439481398,0.0696548768893273,0.0
0.0,0.05575261494739528,0.036561414648066254,0.6860944782615814,0.0,0.006466247641832884,0.01892097955809771,0.010830818575192363,0.05520669879212773,0.007015458989899363,0.0462169568430621,0.7928733813373893,0.030267061799887657,0.006032430375057589,0.0,0.014538845749478602,0.04533913660344538,0.0,0.0,0.9884408105921879,0.047078099578485647,0.0,0.0,0.0,0.02210146381421337,0.0,0.03194164633243007,0.587526429002868,0.0,0.0920471623370649,0.00222357747506925,0.04757438093805704,0.0,0.0,0.0,0.6908081577828399,0.052575580795854705,0.01649382858372096,0.010122120956305962,0.07492485746099171,0.0,0.0,0.062307163481470335,0.8916810102456012,0.0,0.025539233493588755,0.0,0.029510572257596474,0.003302268446941609,0.0,0.0,0.948239459104146,0.0,0.0,0.0,0.0,0.0,0.05300689792825576,0.01392627394813553,1.0,0.037538802107969435,0.08443347801125106,0.02046258462611631,0.10108082579077463,1.0
0.0,0.0,0.0,0.0,0.0,0.03938782550334676,0.006792194239341066,0.030360651106938304,0.06230499950151334,0.030833714428659093,0.7712803582226779,0.983329955591917,0.9787683463369639,0.9175055602909741,0.01169218550185287,0.01434062045375015,0.07603334688972582,0.0,0.0,0.0,0.2733977443588401,0.0,0.8202882453683894,0.0,0.0,0.0417676794503484,0.0,0.16723061930717775,0.9497820665907847,0.8840600931353693,0.8199924395381802,0.0,0.03843194810760965,0.004852922340544017,0.0,0.0,0.0,0.08405627788345048,0.8433297744410017,0.008410539664630587,0.026687146580859897,0.03262674476699199,0.011926242785305451,0.07181964511577439,0.030409244333722475,0.0,0.7938696688827918,0.07088892133057664,0.06669150850531691,0.0,0.837468476133393,0.9131235329547486,0.9172137568220378,0.8608446151711712,0.05937974449077811,0.03534023381196374,0.02013010794582304,0.0,0.06396420411830545,0.04913747886988175,0.0,0.05006667662999729,0.08076793776547178,0.0,3.0
0.0,0.8860238116041862,0.8638710532109828,0.8240852572301928,0.8113253395665931,0.7236831765486638,0.8251385965713948,0.05284329713630176,0.0,0.08168981909280776,0.012942365835176698,0.0347333319521877,0.0,0.01038798434834469,0.5812651538671062,0.0,0.0,0.0,0.009940790128163712,0.01966233586087934,0.0,0.9186148494561193,0.0,0.11121208274345923,0.0,0.0,0.0,0.08895756833695863,0.8759461561478313,0.0,0.2772280940135452,0.046306974877034175,0.0,0.0,0.0,0.7169992686896847,0.0,0.0,0.0,0.00606283960219688,0.0,0.0,0.8610929783626434,0.0,0.040278182706590705,0.017975582159554235,0.0,0.0,0.047633484179157706,0.8654697981010087,0.0,0.0,0.016196083409648013,0.031937107909866376,0.0,0.0,0.0010075430776201886,0.0,0.338767490920724,0.0,0.007110877473176668,0.012598209485946383,0.1139644034809217,0.10313436544751631,7.0
0.034864020850613006,1.0,0.8191966816378211,0.8839189778822687,0.9602225536367446,0.6275042837419806,0.6929894395056468,0.07075856976078232,0.0,0.024300269143628844,0.0,0.021627642410649222,0.0,0.00488156253721218,0.8301877721353452,0.013539106867073998,0.04487215834550681,0.04477711010740983,0.0,0.07051319410544396,0.0,0.875107123012425,0.04221654810202791,0.07057716977800503,0.0,0.015401374219162649,0.05921838168284802,0.004034558086042648,0.9030331672731977,0.0,0.0,0.24139190359785911,0.0,0.0,0.0,0.7973810559664568,0.0,0.0,0.09134686727297743,0.02006180865424803,0.0,0.0,0.764296801653949,0.0,0.04000389152620824,0.0,0.0,0.24240051036112908,0.020995488361111002,0.921462892851934,0.0,0.0,0.0,0.10776627437905434,0.07816880772796415,0.00753953381102344,0.0,0.0,0.031211436683885197,0.0,0.0,0.03442248084635661,0.03803973852228054,0.0,7.0
0.048839959845766855,0.0,0.0,0.0,0.0400789192559186,0.018652269157604148,0.07791628034268111,0.10104929878252474,0.0,0.04200766174387999,0.021464993746421763,0.04784254028386871,0.0,0.0,0.019171925175424376,0.0,0.0,0.00969006384897278,0.7774019576465783,0.8647845795105507,0.8635890041773945,0.9328073877681704,0.035142928996966666,0.0,0.0,0.7050377604400441,0.04751610465881039,0.006292090550689454,0.055824949763504085,0.0,0.0,0.0,0.08588005946145197,0.8861080048221188,0.8678980177098039,1.0,1.0,0.7358867658334954,0.0,0.0,0.035050619865538174,0.9489783910759922,0.0,0.04918763916876795,0.09373469396105875,0.0,0.6909473491515178,0.0,0.0,0.9148834316886278,0.0,0.06905772021134889,0.03618643751555804,0.0543666804084348,0.799237758403201,0.0,0.018795911021406014,0.08930486434892682,0.8120789094664619,0.9028666649511767,0.9684299849000545,0.9085808522363055,0.04827867568442129,0.0,6.0
0.0,0.0,0.0,0.022145761154310814,0.08544989948785744,0.0,0.023292240108392342,0.05138168382285029,0.0,0.0,0.0,0.0,0.0,0.02789217296530116,0.0,0.0,0.08625586456037507,0.0,0.9645726022162512,0.7462895097228828,0.9235366641360013,0.6871770884022126,0.0,0.0,0.0,0.686263355476128,0.0,0.0,0.0,0.16629162945634657,0.9029345642984713,0.025548587042499578,0.0,0.0,1.0,0.9658214478269294,0.8725472226167339,0.7076251768973782,0.0,0.0,0.0,0.9862252949601531,0.0,0.09002535072961572,0.0893073662185802,0.0,0.7619994895057282,0.0,0.0,0.6662606001522853,0.04285155537056596,0.08618985585916297,0.034607307510660594,0.08152004604999186,0.6962370839655232,0.0,0.01927598136029041,0.0,0.7532653541986218,0.9471274623732858,0.8232183252356303,0.8232422650511143,0.0,0.0,8.0
0.0,0.03313788861519567,0.0,0.0,0.0,0.03561736338019137,0.0,0.0,0.0,0.0,0.9460971873314561,0.8493410551532511,0.7782549755704878,0.9422496044920439,0.0,0.04770918752848269,0.0,0.0,0.0,0.0,0.08154482366381724,0.0,0.8518173527687152,0.0,0.0,0.0,0.08647421411453209,0.26468739251693163,0.0,0.882039821298485,0.008850343063486036,0.0,0.0,0.08903414139482929,0.008720974077053257,0.03148788292592996,1.0,0.0,0.0,0.0,0.0,0.0,0.0,0.8235746541173884,0.0,0.02738681798688839,0.05296510217770654,0.006113372850399395,0.043575393942832774,0.03473993720513332,0.7867638443081943,0.9115448802598172,1.0,0.7940378518102108,1.0,0.0,0.043444636068259185,0.019697372958925485,0.0,0.021600341288467606,0.0,0.0,0.050575882045422696,0.0,2.0
0.0,0.19698253336837374,0.016140128106139934,0.016669510641760844,0.0,0.030021285049185765,0.1202690538311261,0.049171290511380084,0.00731594594276961,0.0,0.8193044328112037,0.8134326365010193,0.9604499298236627,0.9726683822347107,0.053825637403817087,0.0,0.018879296101129157,0.0,0.08756883110592802,0.06495369159297934,0.0,0.0,0.8915428680639043,0.10382509108997384,0.0,0.05983516891125745,0.0,0.06308567860445478,0.8596301141565036,0.9137893727990739,0.9505436993542863,0.019884868740827247,0.0,0.0,0.03859895206173099,0.0167104995954177,0.03539445282324984,0.0,1.0,0.0,0.0,0.0,0.0,0.0018083156102770002,0.02903822654764437,0.053451052610813836,0.874665890388478,0.0,0.0,0.06659780546397205,0.7697676610373604,0.8543902941719751,1.0,1.0,0.0,0.0,0.0869960548314138,0.031015869849236977,0.048622544541661886,0.004614290602210874,0.0,0.0,0.019271952116666526,0.0002815073833339637,3.0
0.032121247371634826,0.0,0.05776246659394212,0.04440121181609842,0.0,0.0,0.029285371844511444,0.02846401079989714,0.0,0.07530150177211475,0.13880248408254214,0.0,0.0,0.0,0.0,0.039994461626913065,0.02109498270777097,0.0,0.8338236638225315,0.9189132714721084,0.6599165520361479,0.9564554513017332,0.0,0.023971658397035755,0.048889135253377625,0.9000763352728338,0.0,0.0,0.0,0.0,0.8937295809181418,0.0,0.013354914290150356,0.7920501498142878,0.11890881827456433,0.0,0.0003074153945424029,0.005911409767703412,0.9702861247499255,0.0,0.0,0.8473477640398214,0.0,0.08526093128299847,0.02591425854359938,0.0,0.981463597265829,0.029692834700645772,0.0,0.9106177612611113,0.0,0.061679692841253256,0.0,0.0,0.8425224915199178,0.0,0.12475868228816361,0.10491031986745852,1.0,0.8299268812846999,0.77792729798365,0.8909298930456415,0.0,0.10365095562997723,0.0
0.0,0.9962400434976326,1.0,0.6928101673201441,0.8213874928483386,1.0,0.7494538420005303,0.035703376306077166,0.015007301363665,0.0,0.03880202606236399,0.0,0.0,0.12236479297853564,0.9300725113120236,0.005438301236981355,0.0,0.0,0.34583182291248654,0.0,0.0,0.9796594284096526,0.0,0.0,0.006687519172506816,0.0,0.132448772046368,0.05357160465077058,0.8430322762186977,0.012597705533266574,0.0027331303737331437,0.0,0.03008205247739066,0.0,0.006107704576575898,0.8832831034385306,0.0,0.05028991069186337,0.06698486662339906,0.0,0.020020248866008315,0.018873229024228222,0.78329329889948,0.024360806695599105,0.0,0.0,0.0,0.0,0.1020070506243014,1.0,0.054447840638749946,0.0915204543498378,0.0,0.00265438247268501,0.0,0.0,0.0,0.0,0.004120225273018692,0.0,0.0,0.0,0.0,0.02773327192187504,7.0
0.0,0.8601586313005709,0.016517032273332417,0.03691980555016485,0.0,0.0,0.0,0.0,0.0,0.8937154487691026,0.13293323078272878,0.0,0.06801264894194808,0.030356029376080357,0.03463401201807814,0.054962904927809635,0.0,0.9859043360292057,0.010876178688808864,0.10176215445344423,0.028756474238450236,0.1068191342685499,0.8797752541232768,0.0513637208721923,0.07391385407807986,0.8938097966928625,0.9706099064930456,0.8225940873309263,0.8030271901279896,0.7802813526729349,0.6753719264965882,0.08445949020949498,0.05229386977081651,0.011985411896869925,0.08118674146700265,0.0,0.0,0.0761295595843467,0.841270758817147,0.0,0.0,0.0,0.0,0.0,0.0,0.04117826113594162,0.6489543617526823,0.0,0.0,0.058381778411474954,0.06532197167314369,0.1500672214295857,0.021235726406991354,0.0,0.6917846865032174,0.019249947999676227,0.018335687358912767,0.0,0.0,0.0,0.018427296816386975,0.036031388860121936,0.10914066523268569,0.0,4.0
0.037365606281899715,0.0,0.0,0.0,0.014079132407956496,0.01692202926164997,0.0,0.07763186029182333,0.0,0.03823968893784898,1.0,0.8988759860686157,1.0,0.7646066820710995,0.04725707881722145,0.0,0.0,0.0,0.0,0.0,0.010172767986851905,0.06591112399828368,0.8556959589289723,0.0,0.04144488942017807,0.056143087464380084,0.018463988430443997,0.025982088314057503,0.8158795344920903,0.7506663611323793,0.7456860468362685,0.0,0.0,0.0,0.0034537953484394127,0.0036243476015049452,0.0,0.026362776195425854,1.0,0.0,0.08811658978907916,0.0503571559712538,0.025817176242810574,0.0,0.28774572326413056,0.009541518916728475,0.6910642217166888,0.014442734154573518,0.0,0.0,0.7807698560800317,0.7914709795546503,0.7469738998239529,0.9016812080032338,0.025199360044672176,0.0,0.04934086617716656,0.0,0.0,0.0,0.02328120762325208,0.06091234150560566,0.0,0.029879872206590052,3.0
0.0,0.02158510308997115,0.03458315609052386,0.0,0.0,0.0,0.026199572357368583,0.0,0.004106497139811061,0.0,1.0,0.7070728113903519,0.7658560722819684,0.8844794703747015,0.0613941911828744,0.0,0.0,0.0,0.1633429932164694,0.0,0.0,0.008064699512932946,1.0,0.017828961099570294,0.0,0.053906709831883705,0.02565242152652153,0.0,0.7917026749008382,0.6542878514565685,0.7946437140293168,0.004924067434267967,0.03758554736664088,0.0034751371443775556,0.07807895402937048,0.0,0.0,0.0,0.8696826591216346,0.05554863644737789,0.0,0.04743078900897694,0.05220341295246309,0.017595381684825794,0.0,0.03703881111724289,0.9104529887841917,0.0,0.03233369672015634,0.0,0.8084812671674747,1.0,0.9810299136869643,0.8119607868257943,0.035018655991037394,0.0537230755356795,0.0,0.12590156746618925,0.0,0.0,0.0,0.055156440286187214,0.0,0.0,3.0
0.016661873454229058,0.006377071898629488,0.0026281426943687127,0.0,0.0,0.0,0.0,0.10006375721821069,0.05295949898525563,0.17922710460792612,0.0,0.04753298556204516,0.0,0.0,0.0,0.08524671177986866,0.017692919209825932,0.0,0.8476114254497175,0.942679706453693,1.0,0.7280109091035789,0.0,0.0006312457898911276,0.0,0.7765107115918104,0.0,0.0008989810404739847,0.0,0.0,0.7526147853185235,0.0,0.0,0.015298205363656989,0.8655682319974183,0.7951720424672363,0.7976481663177462,0.8930677587029006,0.0,0.0,0.0,1.0,0.05744743841066866,0.0,0.26632168952320767,0.05809357241338495,0.7486454806835011,0.00609167995226542,0.0,0.9265130894322628,0.0,0.011271331444139438,0.0,0.023695735874981007,0.8052850217071776,0.014720375062287079,0.009006368397568963,0.0,0.933627705931901,0.9544653265822215,0.787092801354295,0.9282027901614994,0.0819917994248966,0.0,8.0
0.021263601243274036,0.030778028635135887,0.0,0.019483381052120233,0.0,0.0,0.043546592542997906,0.0,0.010352131359463876,0.016159657818672853,0.915215123426752,0.9287946348771693,0.9386768930743861,0.9737854200160095,0.03466390583657219,0.03616089128109714,0.0,0.03692855772771014,0.03905326569482585,0.04344638568965357,0.04505452482415946,0.0005804532256424995,0.8636752237476334,0.0,0.003771319017278932,0.060487387052024846,0.0,0.028922995682998543,0.7851473651715803,0.8202618647082556,0.7276983057246109,0.0,0.04031288090807626,0.0,0.06124157298053667,0.0,0.09300143481919604,0.12099135958242219,0.8637580957797676,0.023749663572665433,0.0,0.0320085860724443,0.0,0.013204846193888457,0.0,0.0,0.895331892641324,0.21141292144943077,0.054470837735692994,0.01762160525003022,0.8175791371085952,0.8206699488194211,0.8986566206197938,0.8289887706149889,0.0,0.006792706032287602,0.0017387115663447226,0.028527045634447235,0.0,0.0019397882183365283,0.0,0.0,0.0,0.15618315719820658,3.0
0.021877641052030248,0.03212215575604453,0.0,0.007978975474389593,0.025936533970956934,0.0,0.03114509536438453,0.0,0.14138602212470813,0.022196536032129188,0.9522544897518456,0.745496309605894,1.0,0.836852535388016,0.034047440378677046,0.061604532275563575,0.0,0.0,0.0,0.0,0.0,0.0,1.0,0.0,0.06497310811438217,0.0,0.030277602957805818,0.027651307863607612,0.8735058956967989,0.9877597419967403,0.8523959391752347,0.0,0.0,0.03770118686376261,0.07879876482508859,0.0,0.022621212784294437,0.0,0.9466843483515254,0.035168810428980124,0.0,0.27592225186159397,0.007921606256592184,0.19898092466231518,0.044239627527740896,0.04357237258252239,0.7465300800032028,0.057564480808226806,0.028912332563785167,0.032560261746154624,0.840703020861928,0.8862500064405813,0.7111156754195356,0.6795105041861934,0.04846860920812392,0.0,0.02228715134575157,0.0020099081012094977,0.0,0.037199456502848,0.0,0.0,0.05776505632817776,0.0,3.0
0.014916733160839225,0.06830400980884099,0.0674143189113855,7.977909797602893e-06,0.00959105084808469,0.0,0.0,0.005545869599847982,0.02068818089392216,0.03553059465019175,0.0,0.0,0.0,0.0,0.03912395526872324,0.0034555755942655858,0.0,0.0,0.7643742673068783,0.864332258092974,0.8327095596135395,1.0,0.0,0.0,0.024493337756326696,0.9131077850768229,0.2516774062677195,0.048769200913873,0.05900582513049882,0.0,0.7643890563979107,0.0,0.02776870448835443,0.037060760673995094,0.7981538105317924,0.855694195307099,0.9818796466695613,0.8666458997960262,0.03681255589556651,0.024874071027482663,0.0,0.8858731034399836,0.04472832188916389,0.0,0.013689681704487644,0.0,0.9290524249446359,0.06843554323663606,0.03778863523715956,0.9813738025800239,0.0,0.12187490785776986,0.004323366736883791,0.05942281705321733,0.7324280013064467,0.0,0.03859197318863574,0.0,0.9190858556889064,0.7952256462426383,0.7384385068679153,0.966366676694872,0.04383818893404526,0.0,8.0
0.027145327116693437,0.0,0.0676268124099419,0.6916092597988445,0.0,0.0,0.0,0.017837403394898085,0.011943229222492253,0.0,0.07043883395134232,0.8434220385854297,0.03310220386497613,0.1994284115928791,0.0,0.0,0.0067256963401500225,0.026650461191488367,0.002655593425323252,0.9725093956226146,0.057983280227441696,0.007106669417323947,0.0,0.04423701277987882,0.22161147016346625,0.0,0.025743272402860985,0.904419115497956,0.0,0.04571342016280494,0.0,0.0,0.015236241985803528,0.0,0.0,0.693285030959552,0.0,0.024400495509807246,0.048903770627867466,0.006699154021353903,0.05094646262467554,0.0,0.0,0.9044521702625679,0.00437748956966707,0.0,0.05344765594651462,0.011741491296185326,0.006018422843890451,0.0,0.038410395853697175,0.7100314192536703,0.054811290010854496,0.0,0.0,0.05200082352641854,0.0,0.0,0.0683806625298467,0.8059856838716923,0.01764074938164391,0.0,0.0,0.014196666989657445,1.0
0.0,0.05114970359538299,0.0,0.04805685704004491,0.0,0.046994371425400444,0.042443330239390925,0.0,0.0,0.10597156852307497,0.0539601195986948,0.0,0.0397367206436419,0.0,0.0,0.0,0.0,0.04036196769965821,0.908663700699622,1.0,0.7404570550908401,0.7728379916582616,0.0,0.02176113173657311,0.0,0.7819795233195949,0.0,0.0,0.0,0.0,0.6908586582018672,0.14861169300399116,0.08768715685308354,0.23253351282519563,0.8584185347331635,0.9723025381465996,0.7478853791307928,0.718998278662777,0.044218232250792855,0.0,0.05041370991486243,0.7801148755824274,0.0,0.0,0.027348617948908766,0.0,0.8417422864564169,0.0,0.03828170671847358,0.7627710971713045,0.00022587203562669098,0.06431187829397568,0.0,0.0,0.845873138430035,0.0,0.0,0.00844093660692531,0.7848457458865429,0.8139795401896015,0.7975138108090855,0.9443146240181075,0.0,0.0007088577079205486,8.0
0.0,0.0976704399135609,0.016082613781487478,0.0,0.0,0.0,0.0,0.0,0.0747764355262389,0.0,0.8752723297384353,0.8064730848822317,0.980057080446318,0.6930806573389775,0.06234768657873885,0.0,0.0,0.040106849694969755,0.0,0.0,0.0,0.06415291598039394,0.8206042787174865,0.028300885212239155,0.0,0.0,0.054521986382311385,0.0,0.0,0.6771900906980275,0.03164358290935791,0.06270731355740597,0.2740204612367428,0.09181769626888375,0.11197379809925573,0.0479129743094182,0.9714158927303904,0.0,0.11075657662238732,0.003318739006252984,0.06649716697911155,0.0,0.0,0.9097295455706578,0.04806692231635972,0.07743990628669711,0.022258052379559662,0.015323882733291312,0.046489919692347836,0.002361782586865857,0.7195766917582512,0.7551215637808524,0.6453847676624946,0.8154507840790869,0.6900370487093946,0.0,0.06374618629864104,0.015421796618482805,0.06451556478250414,0.06179673071236202,0.0,0.0,0.0,0.011308763369420903,2.0
0.0,0.043169868332276956,0.023820003405700146,0.04722331747858591,0.0,0.05086571704820097,0.007798344347628671,0.0,0.0,0.0,0.7741687476353457,0.7748866203914103,1.0,0.737423849423302,0.012322641798256677,0.06282239311751729,0.012814364212375452,0.0,0.0,0.04965877168346655,0.0,0.0,0.7300069612799651,0.0,0.03950371311727724,0.0,0.0,0.0,0.9024089694347528,0.8138488050381443,0.8863055464005918,0.016566368441674455,0.1288356549031542,0.012199723319378252,0.0035606401253301433,0.04663002418250722,0.0006347819537053253,0.02669416414781077,0.8651371062679143,0.0,0.011941124618958174,0.0,0.0,0.03783996496531004,0.0,0.0,0.8395001073603082,0.0,0.0,0.23405307366099337,0.9973504784534288,0.8891098912787195,0.8280549911367615,0.8949313649449782,0.0,0.009203607264288524,0.0,0.012610149776337995,0.08694358198592393,0.09597835705604135,0.07433919889665468,0.0,0.03322547381246434,0.002532622387961993,3.0
0.032908024759063195,0.0,0.00942433585323382,0.029575252907521856,0.11036470407623132,0.0,0.10530114831383616,0.03122923395492258,0.28336414353408973,0.0,0.15760708129500328,0.025237470787145045,0.01662211340686124,0.016771611993093388,0.02751890334526988,0.0,0.0,0.0,0.9248146637283999,0.9085703652963549,0.7204170212188353,0.9142790999035257,0.0,0.09001921105676994,0.04866572454357285,0.7523996112812412,0.0,0.0,0.0,0.05891722274762286,0.006450227329745323,0.0,0.03778010252183927,0.8058223426889847,0.9671780158301356,0.9130885531356632,0.7751461460083563,0.6977568785151836,0.0,0.0,0.007916703199768334,0.7761824991397809,0.0,0.004519416414355017,0.0,0.0,0.8248291885279064,0.015333968513933134,0.056571027858675495,0.8169599412312678,0.0,0.0,0.03174708209072849,0.0,0.8978140518185695,0.0,0.03792947470458074,0.0,0.6370844333000005,1.0,0.8913676237037402,0.7743392943284049,0.0,0.032430551057973926,6.0
0.0494506069648263,0.0,0.002584306313531605,0.0,0.0,0.0,0.0161200792630148,0.0,0.0,0.0074011660921822296,0.822339338755664,0.914845941936271,0.8224711966603102,0.7010649293305425,0.0,0.050907939272817254,0.08234810117803266,0.015285528815215138,0.0,0.0,0.10240880210463398,0.0,0.890514671617011,0.014651057781962304,0.034193302976738595,0.0,0.0,0.029538834158520034,0.14858470983853886,0.8145769991199217,0.0,0.0,0.0,0.018003395479011707,0.0,0.12171509791052515,0.9578777869090241,0.0,0.0,0.0,0.028000196576031557,0.0,0.0,0.9726412164425362,0.024637376134806047,0.052694968673573664,0.017175928741826257,0.06284253907301923,0.04187317989973361,0.0,0.6474594836046096,0.78918653719674,0.848530410258162,0.7359197281070435,0.6382268419402174,0.11926917436114384,0.02445878418501431,0.0,0.0,0.0,0.0,0.0,0.03547548599289945,0.00524962269755137,2.0
0.01122447934284225,0.0,0.0,0.8454043441183998,0.25996222814769543,0.0,0.0,0.0,0.09952891137168485,0.0,0.10437117377667517,0.713085793112449,0.04442125083209811,0.0,0.0029854139726917294,0.04191750708334191,0.0,0.06665528118615809,0.011548961291187659,0.8703311171775181,0.0,0.0,0.0,0.004218239786389542,0.0567519940998555,0.003292083994715716,0.19009381419173005,0.9767631517321026,0.0,0.0,0.0,0.0,0.024917838622548656,0.08850924429112456,0.037476702060982844,0.8153339624660457,0.0066027106502771025,0.011217908359083402,0.0,0.0,0.0,0.0,0.020656066883280966,0.9530902691840037,0.0,0.046193321309079334,0.017006915470379955,0.0,0.02632952698895613,0.020412686995240764,0.03089397743282371,0.7969872708828599,0.0,0.0,0.0,0.02467571421469422,0.0394025436697459,0.0,0.025647303385311068,0.7762270075857419,0.0,0.10450428040427856,0.0,0.05368096974656705,1.0
0.10261863461949523,0.0,0.015175213866484205,0.016611368882307354,0.05247544164395536,0.0,0.0,0.0,0.03316479293087608,0.0,0.7179114367989082,0.8043716148563789,0.8659754321449975,0.9739554562166055,0.0,0.030300276671068715,0.0,0.0,0.7339804219445568,0.0,0.0,0.0,0.0,0.0,0.0,0.0,0.6882665130601378,0.9575732631800508,0.7489140901389943,0.8796095577768005,0.08771707266080937,0.03519979653589685,0.0006313938643075136,0.0,0.0,0.0,0.0,0.0,0.8723323878078995,0.0,0.0,0.15167180942326117,0.03168058970140422,0.01840655420750328,0.0,0.0,0.8493474730382247,0.0,0.01395625173598818,0.2750545390181193,0.8284578132762073,0.7448388114826701,0.9833461291001261,0.9247987819592517,0.06330847312168965,0.11308597747772962,0.0,0.0449606427347393,0.0,0.08916249155534331,0.0,0.0,0.06331695065037772,0.03688112138289272,5.0
0.01778178917750048,0.014495394400188367,0.0,0.012832396285249806,0.0,0.02901942687601891,0.021102270441280737,0.0,0.0,0.0,0.791442584159799,0.7193270915154604,0.7426886025586767,0.6628701623366994,0.029524886459969674,0.1254066593578563,0.0,0.0,0.0,0.017047721631752177,0.026744728489001418,0.04138216531169441,0.9320466562423331,0.09724769129054696,0.0,0.01948046570634871,0.0,0.0,0.0,0.8256234360983606,0.0,0.01147621492686987,0.011943432205830603,0.0,0.0,0.003913063191485988,0.9845174581119832,0.06258110307312006,0.0,0.02230793410404193,0.04044227195977358,0.022861337983194466,0.010907390609964738,0.7472288850273968,0.0,0.055944377002695556,0.0,0.0,0.010139211287875108,0.0,0.7392571100397602,0.7868858698694474,0.9387432986972128,0.8370733860784917,0.6939693885523616,0.0,0.05353579817535192,0.02067421757069322,0.19091356019279257,0.0,0.0,0.0,0.0,0.0,2.0
0.0,0.038536558456126,0.021036845937661194,0.0,0.0,0.033214019765846696,0.0,0.11829279102740364,0.09246549193943525,0.02579084640929326,1.0,0.8732875179876644,0.9044751209783171,1.0,0.0,0.0,0.0,0.029738973296951576,0.9360059157921837,0.05369307059858387,0.030926630845128318,0.0,0.0,0.08348861365679054,0.023116183381455727,0.0,0.6837727476724675,0.6987330838885499,0.9707112182022921,0.9618082666371004,0.05121347906742011,0.0,0.005821154145989407,0.0,0.0,0.0,0.0,0.0100592540810793,0.9401531347988331,0.0137146197135576,0.0,0.03642226253706896,0.006889019385224415,0.0,0.08446059787483429,0.0,0.8559718895655163,0.0,0.07451773151748868,0.0,0.774123126514254,0.5956003638356452,0.9524124420054569,0.7796860134184044,0.0,0.03564812742345524,0.020797897486848762,0.0475833776812571,0.02031001161618284,0.0,0.0,0.0,0.002803695689686162,0.00497948238027261,5.0
0.0,0.0,0.14321355758602788,0.8599868560315105,0.023335249536929947,0.0,0.0,0.0,0.0,0.0,0.0,0.774747999092807,0.0,0.009649280162207572,0.024061348377398758,0.0,0.0,0.034044120927351575,0.08885519086456097,0.8105667590434229,0.08226988450436935,0.060338924512000104,0.03052557955862266,0.06631077085438511,0.09727816468627264,0.06091668297168329,0.004303667336647928,0.901912589424836,0.0,0.2601932284196225,0.03547353981941763,0.0,0.011485131362737017,0.0,0.0,0.8238218819589177,0.0,0.035488284718565445,0.09644488110885799,0.0,0.0011890866535874168,0.0,0.24955955092068438,0.8874763235005696,0.07627218238565327,0.054029115270238404,0.0,0.0,0.0,0.0,0.017707909813908726,0.9410061344508206,0.0,0.0,0.0,0.078712979256884,0.057079547422167025,0.07487292664854436,0.0,0.9374157192594774,0.0,0.019185306412370498,0.0,0.05783418974299307,1.0
0.037220094449597084,0.0023289031924467168,0.06655196393616723,0.06838548296549175,0.0,0.06725801897003715,0.04778760310444105,0.0,0.0024741296257651604,0.0629014559232659,0.0,0.05399549789119297,0.0,0.06324090411875659,0.0,0.0,0.19056716919969968,0.29811754433118004,0.7517432974987259,0.6882022273814328,0.8958922425511895,0.7608921459186581,0.0,0.000733871040493962,0.0,0.9665988186741472,0.0,0.0,0.03759102144781213,0.04343795068809987,0.7388503085835247,0.0046567596869578195,0.03726466881578421,0.0,0.9120479576506697,0.6751270585123834,0.9891093934247197,0.9767887765414185,0.035234505605929854,0.01993823179802087,0.021428530131607924,0.9118986937418478,0.003772730188847719,0.0,0.016993341804966523,0.06840885573328047,0.9304162007484513,0.05026523684389142,0.16974450357628237,0.7821809551670914,0.04251036214770079,0.11660623533363335,0.14703382544472493,0.0,0.6520333641219689,0.0,0.0,0.027217406645214617,0.9102189056881598,0.9032766622827818,0.8495890769272328,0.8726085181314371,0.0,0.02687741375098476,8.0
0.0,0.0011826032954601307,0.015267103853353918,0.882233766777465,0.0,0.0,0.15383146835403036,0.0,0.0010473429012340524,0.007695632072666477,0.07828751547001905,0.9726746549022071,0.013281735680561646,0.0,0.0,0.0,0.011513896548829729,0.0,0.0,0.7603941396350534,0.07625323074503172,0.0,0.0,0.0,0.0,0.0,0.0,1.0,0.0,0.2721851793307267,0.034057227079320684,0.08244461333263617,0.04892574881379663,0.0746114919920908,0.0741593859099558,0.9009680275943959,0.04321959347698462,0.0,0.0,0.10315549087490583,0.016036353370552675,0.0,0.07783295377346824,0.9131468543532184,0.0,0.039712614763531606,0.0,0.03365731625855334,0.0,0.050890710755513546,0.0,0.7480491089394405,0.007567104360646304,0.0,0.0,0.03884161901324942,0.0,0.004572429493860499,0.0,0.7921960424408824,0.0,0.02432217035924187,0.03250548069265377,0.0939443001010718,1.0
0.0,0.030444748693100043,0.020256379948906254,0.0,0.1762036675771248,0.0,0.042443852498372306,0.008223563371038056,0.0,0.058627336541100056,0.737487528990914,1.0,0.924646191794999,0.9953093088876952,0.0,0.00860959046427132,0.0,0.0,0.0,0.07947940586386346,0.17736243355266124,0.044700494030441566,0.662799864652897,0.058010674511492145,0.012420086735303723,0.018690664510800547,0.0,0.005907296482663399,0.6031951692657753,0.6586392141275557,0.8978314734191035,0.04270443165700491,0.0,0.0,0.05954259638749459,0.044079480019119543,0.047503727968729335,0.014462216524607236,0.7234098928225065,0.05008540918614784,0.0,0.0,0.022707742596897954,0.0,0.04269862340657428,0.01658970726007559,0.729638018739588,0.09037612227839001,0.006708392447402935,0.0,0.850579051608716,0.7791371659128765,0.9225934806637603,0.752009642052553,0.08307146197462795,0.02361486757951329,0.0,0.0,0.019706332178764385,0.0,0.0,0.2734193187256082,0.0,0.0,3.0
0.09939071256534247,0.04068426859273516,0.0,0.0037792557698480933,0.013474687512218145,0.08435888720431418,0.03839396069065842,0.042392384981897714,0.0,0.012701775614308556,0.01706603312383563,0.13477123844944894,0.0,0.0,0.03185259531808387,0.0,0.021649670233498088,0.019046555222549492,0.7072566855116365,0.8729565027290078,0.7248108013872402,0.7141280239164478,0.05423852590367883,0.0890337274854262,0.09288500794989246,0.8774276621683701,0.0,0.12199964167811975,0.06191087831143582,0.0,0.6974018566829467,0.0,0.1761446186774313,0.6663810267196342,0.0012026865648788031,0.0,0.0,0.2779291679042047,0.7119043995504185,0.023115064954242884,0.0,0.6849083558021288,0.0,0.0,0.014278037493464289,0.043405344066523924,0.8574797267032772,0.03178680624825481,0.0,0.7686501367807765,0.0,0.0,0.0,0.0,0.7591984735974231,0.047867207360699604,0.08077689249668975,0.0,1.0,0.7660107268947203,0.8229188507804363,0.8023093474984162,0.03447320486990919,0.05144780359100751,0.0
0.0,0.8329761834888557,0.03244622680164168,0.0,0.05960081906665435,0.07259107214458063,0.021297294454382432,0.017222815362415166,0.0,0.843440206978203,0.0,0.01621984070017457,0.05265263520883654,0.05339228765786052,0.10248313508836303,0.06304222294277236,0.0,0.8976557965025831,0.008637084196946719,0.020718654206269324,0.0,0.04031317939089666,0.8329331276962934,0.0,0.0373025906612598,0.8574217662269668,0.830652761794555,0.853091205399145,0.836455203804768,0.9212698638302503,0.9517096598854999,0.32857848898826125,0.01247334267879974,0.0,0.04150729527938027,0.0,0.05576215313091866,0.014491500400842038,0.6740412623577586,0.04577317716895126,0.0,0.0,0.05640111904416089,0.0,0.02578932744052592,0.0,0.9328487239802703,0.0,0.0,0.11678113686883054,0.0036841028871719035,0.0,0.12338820380431015,0.010351770208867715,0.6935707531733438,0.0,0.028490268015382403,0.0,0.09932154895103634,0.009477831786116537,0.07180123250135506,0.10387037936785606,0.058633502087272686,0.012195025838272868,4.0
0.04528730269597628,0.0,0.054878201097053804,0.0356999887050379,0.0025625555499365696,0.04003476400768879,0.0,0.011456459941694364,0.011295493589220086,0.0,0.009122667031252696,0.0,0.03188975391963893,0.0,0.01363672372889313,0.08818409644812361,0.03559548700261302,0.0,0.7288515440654787,0.9199264503775888,0.7692349654531847,0.8466290381109506,0.06457188301683811,0.009833172498618691,0.025241910576254464,0.8934049740141013,0.006078068366866843,0.017324840961533274,0.1303836840345127,0.04651869332699066,0.6760827928975071,0.013623168052330117,0.0,0.7897384422914443,0.05764852767040719,0.0,0.1300347270650128,0.04983756236728508,0.9267140562130282,0.0020315712258531563,0.0,0.7114457348362688,0.0,0.0,0.03395605394804205,0.06696599076561259,1.0,0.0,0.05657267378865282,0.9237684167448308,0.05872372394670015,0.00304054034761284,0.062243147766040834,0.2033266024176544,0.7095549362298591,0.1373902559643255,0.05469184467433078,0.02872929017425631,1.0,0.9398095325376729,0.782466015179762,0.8719951835642789,0.0,0.025558991823773632,0.0
0.0,0.7534290418391145,0.0,0.01085838939952234,0.025180567130547865,0.0,0.0,0.0,0.013089749383558722,0.9838411268261831,0.0,0.0710695909871279,0.0,0.022780400411472022,0.0,0.10534118883557285,0.0,0.8624656269876372,0.0,0.011083634688801752,0.0,0.0035848257371154275,0.8763878297620105,0.06081820935347252,0.0,0.7472881415206947,1.0,0.8570188007633575,0.6707603706023442,0.8281333462759317,0.7168248853653036,0.01749588895692858,0.3433025828666955,0.00981249696472013,0.03237507835615452,0.1451623464212732,0.03020676625672515,0.02931983106796598,0.9519524185559011,0.0,0.0,0.0,0.0695224536767454,0.0,0.0298566418394643,0.045742364156761084,0.8811290417443085,0.03097786831652661,0.019254708843199974,0.0,0.018660308874914443,0.3005358843869982,0.0,0.10201593872741775,1.0,0.0,0.0,0.02023536336617404,0.031954742379683425,0.0,0.0,0.27149712391180586,0.058695953718781946,0.010871720371517983,4.0
0.018662795883141375,0.0,0.0,0.0,0.0,0.022090405891652266,0.0,0.0,1.90573608033924e-07,0.030129155199668287,0.0,9.981017655025587e-05,0.0,0.0,0.0,0.04939202505804233,0.011411213770252181,0.04744591477921784,0.8153721675539138,0.8596254230914435,0.8362031538908576,0.9204299995840468,0.0,0.0,0.0,0.7771721616086703,0.0,0.0,0.036374573680576776,0.010298717176962641,0.816322672140626,0.0,0.0,0.0,0.8799803188829171,0.7728850695679724,0.8044290845479667,1.0,0.8508938841868886,0.0,0.0,0.0,0.11895556034829395,0.035315211058911,0.0,0.0016290550175737406,0.8041872514876163,0.03747153290468193,0.0,0.05649896855520388,0.007277112168655311,0.0,0.016475465588376238,0.0,1.0,0.011090771954964808,0.0,0.07205429244730752,0.0,0.08205802282345345,0.0,0.0,0.0,0.11061791862478215,9.0
0.06503461073096688,0.009826972110543914,0.029253987891643903,0.012568580771995533,0.0,0.0,0.0,0.027491142730423038,0.0,0.0,0.833372202756873,0.8503325914806391,1.0,0.9007523280702634,0.005085976060530566,0.0092505874974364,0.02751861206032165,5.301278803145602e-05,0.0,0.022652885277417205,0.0,0.0,1.0,0.0,0.0,0.02751964120269722,0.0,0.0,0.9428197802242849,0.9353349015401451,0.8441053243643216,0.07622004730543555,0.03831676205225516,0.009840663392371723,0.06056885175111111,0.0,0.0,0.01526284582793461,0.8391591832465436,0.08192313275299368,0.0,0.0,0.0,0.0,0.0270130020316625,0.0,0.7338901470798871,0.0,0.06946183280155123,0.0,0.8498566768768597,0.985869122578926,0.8855568874348222,0.7631287744212933,0.1633484711762097,0.0,0.0026625710415258833,0.0026146392391371517,0.0,0.0,0.0,0.059143480209131176,0.0,0.017701586776757344,3.0
0.027593120529617862,0.0,0.0,0.0,0.09576388729697155,0.01683591824742371,0.0,0.09022585609049111,0.09366925756776756,0.03468741415382602,0.7202294882765504,0.6930326319220831,0.8121696589588089,0.7907400029842214,0.0,0.0,0.006584330477945372,0.018829586496599268,0.07979143667592191,0.013154411585314597,0.006351069340480304,0.0,1.0,0.04376654499410725,0.04228628427324629,0.05279214201779057,0.03567158712220233,0.0,0.7220268597116617,0.9552328957118617,0.7580673136252715,0.0,0.042079514072375146,0.0,0.0,0.0,0.055910151973248584,0.12644592776503152,0.9322682200559125,0.0,0.038583470301060296,0.08332753454409847,0.0,0.0,0.07119802328529082,0.0,0.9315399733421502,0.0,0.0,0.0,1.0,0.7282271333413234,0.7082181907420118,0.8217818692015469,0.0,0.0,0.037359525515678386,0.006693464688012043,0.04276631429505218,0.0,0.010406142456296917,0.05314621101280281,0.0,0.0709166079268136,3.0
0.0,0.037859465627733846,0.020786487071008004,0.0773732056195139,0.10537225830073582,0.0,0.0,0.0,0.0,0.0,1.0,0.9535701037146036,0.8086905698867669,0.8043055983502996,0.03381740924693998,0.05839533255754457,0.013014222615258182,0.0,0.9063158127990252,0.006683425972030751,0.03392287160507264,0.0,0.11008974577720855,0.0,0.0,0.0,0.8838521030275465,0.8519697227786269,0.918456125624617,0.9366265468089009,0.09156948633841769,0.030434504844236456,0.0,0.0,0.005181206407686399,0.003665559666028557,0.0,0.0,0.9845162064949312,0.07768708632542576,0.0,0.009889599174996705,0.043861698246637555,0.02532944071003587,0.0,0.0,0.8526225137655055,0.0,0.08830494004419026,0.0,0.7363035009576496,0.7451568193917122,0.9773820123038623,0.9017204001900894,0.004473334969553857,0.017740336630505435,0.0,0.0,0.051196119726422254,0.01893835266030031,0.0,0.0005797534757328164,0.0,0.03350496522037464,5.0
0.0,0.228729121429636,0.0,0.0,0.046059198307378015,0.02756963749257816,0.0,0.0,0.03808492840261511,0.0,0.7609387903278539,0.8258028778518129,0.7767106841943394,0.7702571675905704,0.01779160803931277,0.0,0.0547446259752882,0.02815366861381093,0.03293860500190475,0.07727528791194549,0.14129535111663621,0.0,0.7366432386252263,0.043930833721057466,0.0,0.0034483101269995316,0.011920105457284058,0.008761714673210094,0.8307745361079621,0.7774253946466634,0.8330979311558465,0.0,0.0,0.01017252097736885,0.009273309597200033,0.012967348899708329,0.0,0.07545062020927826,0.824523284583883,0.0,0.019139743235517415,0.023029740512767603,0.011831239079870968,0.04869406159168728,0.04228209746266506,0.03330606778287382,0.7490597140091504,0.011348893322439381,0.0,0.001579739088886038,0.9497603833189143,1.0,0.8178633325305108,0.8317682960279529,0.0,0.0121666620630449,0.008864971839877186,0.016409591243144048,0.010365875173017243,0.0,0.0,0.021922219371893273,0.0,0.0,3.0
0.01451961758179432,0.054497225603933136,0.0008834961217028284,0.02674948638872625,0.0,0.0,0.09706003109510179,0.04716543444323573,0.03881742418553556,0.0,0.6332720018367699,0.8481315669396374,0.7528149014915025,0.9969632659083002,0.0,0.0385359262417434,0.06837245989678621,0.0003646653027645163,0.0,0.0,0.17701102628596305,0.0,0.9320310074562302,0.0,0.0,0.0,0.0,0.05862231768587241,0.7673547130413283,0.7914872031838643,0.8590068629085273,0.0,0.2035785515590805,0.0,0.0,0.0,0.0,0.10429739994823084,0.7595973484723351,0.0,0.011363779267945137,0.0,0.03006075948245986,0.0,0.004258102859239265,0.0,0.8014046549884297,0.03248863657487021,0.0,0.0,0.9563170921441809,0.8999130871754253,0.8863036180372722,0.7621956800948197,0.06801343892105215,0.08369279525787815,0.011141062060480716,0.041675779541606284,0.0,0.0,0.0,0.0,0.0,0.0367501377018811,3.0
0.0,0.0,0.0,0.0,0.1000946590212709,0.0,0.14789611828110724,0.11984615189529156,0.0017526599257311098,0.0,0.0,0.0,0.027713134577740703,0.05314456176686499,0.0,0.0,0.0,0.04921136394875505,0.924513102739751,0.9856521609631334,0.975427965146695,0.884963497910439,0.09705797842762567,0.0,0.0772370122171568,0.7596736915211894,0.1669033672444375,0.0,0.10862162080212978,0.02619795307030941,0.023458624605461637,0.04506571442206553,0.0,0.8313476571784378,0.6673520741737072,0.7696113845038951,1.0,0.8485915961007219,0.0,0.0,0.0,0.7261524913079197,0.034286417326768404,0.0,0.0,0.0,0.8785732224208099,0.0,0.07196778413070305,0.743759302798203,0.0,0.043182608933742476,0.0,0.0,0.9739973864382656,0.04547259060174313,0.0,0.0,0.8517630587265255,0.6080906637424681,0.941999688879429,0.7205586113489165,0.0,0.0,6.0
0.0185572465925419,0.0,0.0,0.0,0.0,0.09959411955752204,0.03487275846603651,0.00037372564157455075,0.02221378072550051,0.03694140725761313,0.813515868224471,0.7351204767965656,0.7898452468020143,0.8635450138177263,0.0,0.0,0.0,0.04307252597853662,0.01483121118170803,0.0,0.0,0.30939559850564813,0.9128257451493531,0.0,0.01525683553761188,0.06324674768187895,0.0,0.0,0.0,0.7564650278436136,0.03712686999568852,0.05160856299351793,0.0067095489801166615,0.13028163499285836,0.0,0.0,0.6845648207835945,0.0,0.0,0.036663804315587266,0.10670846762432229,0.04974225142368282,0.0,0.9757755599397717,0.001840915021675425,0.0,0.0,0.0,0.04632855744128764,0.0,0.8553381413462825,0.7885358206919768,0.9705010978700129,0.7533122389798714,0.7058725092154025,0.0027957938078183413,0.006585228495233972,0.07882324370594998,0.030404269725557206,0.0,0.08831752317807569,0.008223594039552766,0.001253180779204492,0.011885292623735751,2.0
0.0,0.0018287478149490951,0.047424539000486224,0.06299534775813072,0.055339857370683115,0.0,0.0,0.0003865349605569812,0.0,0.0,0.7601106837064603,0.9055626664776716,0.8042922960210878,0.7824062435578106,0.0,0.07008377518013505,0.014827732564889163,0.0,0.8661143873486422,0.21863563460957489,0.033809859763371905,0.006850405511559767,0.012511557960829462,0.021731673488099932,0.02877871919610075,0.0,1.0,0.9369163019046374,0.9876231226309552,0.8915836297916198,0.0011082411609794022,0.0,0.00021049689817041035,0.0,0.07381083316425258,0.0,0.10642194815068975,0.08183025375267347,0.7717208388371314,0.0,0.09807222085696224,0.0,0.0,0.0,0.1251707521148024,0.03074098128610477,0.7608623440334998,0.0,0.02027982547086811,0.0,0.9662599376191611,0.7709290265450156,0.8364197997988412,0.8610969038830957,0.0,0.03121399199738257,0.0,0.0,0.03985595270911693,0.28974596509091033,0.0,0.004011391487541229,0.016321334888728386,5.4603250613028965e-05,5.0
0.07674172278286123,0.7276551072332096,0.0,0.09239759538063683,0.0032450855754690895,0.0,0.0,0.0,0.07432749988958941,0.9500229262305362,0.06205450887964101,0.11354382529208291,0.0,0.0,0.03060893752579294,0.0,0.0,0.7317457489706066,0.07124698104637066,0.0,0.026928665309666512,0.031844335439237335,0.8988079707743544,0.011921536439134697,0.159166706208346,0.8148253026900075,0.9505517641006543,0.8979556514124211,0.9758308515092583,0.8363023345831251,0.8671762785674777,0.00676658756699198,0.028568690565542895,0.0,0.0,0.03664301222435803,0.058124212230503645,0.05613748967859525,0.8929661481345058,0.051297106406973464,0.022996347282539454,0.02586336236267584,0.01460470010016033,0.022145679979970682,0.013130047588054897,0.0010345976225159175,0.9048326840616647,0.2961888435837133,0.02051091102490268,0.0331621410411826,0.0,0.0,0.0,0.016609561736023095,0.7898937580450688,0.0,0.0,0.0067190682303162556,0.005406167625301136,0.0270781863938609,0.010841894030821475,0.0,0.0,0.014862973157643301,4.0
0.014668489056381781,0.9721316201645206,0.0015307552111738414,0.0696131861037113,0.06684077023110717,0.0,0.08278704486772599,0.0,0.01215298548475823,0.893602830586652,0.09397701753279564,0.05353831845335334,0.0,0.03231268550730046,0.0,0.004463682899693246,0.0,0.941928314915804,0.0,0.0,0.0,0.0,0.8555362824837974,0.04280529766879118,0.0,0.9055287421446621,0.9514222876796373,0.9947884835906917,0.8138532201999229,0.6812385230274046,0.9388546781509841,0.0,0.0,0.0,0.0917884636098801,0.0,0.017105823501801228,0.0,0.7771793376972684,0.0783301378601754,0.0,0.005087999977162354,0.08794654357910571,0.011218036039126002,0.022827214960185548,0.017157048518114917,0.9100754386137594,0.06904130016630096,0.00016424982726683738,0.0,0.0,0.0,0.006674094122479306,0.024828539268493516,0.8931742105723788,0.01259848208658051,0.0,0.07585968261765712,0.05051165504612595,0.0035551814504742154,0.0,0.11529456893827539,0.044921917866766775,0.0,4.0
0.02168492856563904,0.0,0.02543939347743762,0.005080726141141988,0.0,0.0,0.07261511892027908,0.023524610045672252,0.0027956286883698486,0.0372929512715156,0.913322147870217,0.6630063117574676,0.9312159774780031,0.673429268644464,0.02815071456084487,0.06097587730816872,0.04587656625197387,0.0,0.05597697112442216,0.0,0.012723484693174265,0.40596514992376204,0.8344857911167656,0.0,0.0,0.004711816191223442,0.0,0.07457377405337397,0.0,0.8193095084769159,0.0,0.032297706619127176,0.07306114700822774,0.0,0.04502422082010172,0.0,0.9697503209044311,0.03817103995994395,0.03586121700937504,0.0,0.0,0.0,0.03667862773209061,0.8550539533446355,0.0,0.0,0.054858921469714494,0.0,0.0,0.05334806923415284,0.9479826315380688,0.8273617172151745,1.0,0.9225563546505703,0.770075155716432,0.004438748574067377,0.0,0.009824406706372201,0.04500334038511966,0.0,0.0,0.0,0.0,0.0,2.0
0.0,0.08805099015805445,0.04904080263117353,0.03362541421681772,0.0,0.0,0.0,0.0,0.0,0.10079431708174186,0.024281571875717292,0.0,0.06528142901136652,0.002284779928145762,0.05658527863022009,0.11955580552539291,0.04750019499205009,0.07750189665791435,0.8125880337332076,0.9514405090302746,0.9372715981725764,0.7476809418274591,0.06305884181850355,0.0,0.140641671778702,0.699351715551787,0.01829873700615155,0.0272676966374821,0.0,0.026669953363062757,0.0,0.0,0.0,0.8593940975081019,0.743298137480887,0.9327163056809324,0.7096768096994737,0.8499363933643965,0.0776056657244804,0.0,0.0,0.8586300178187048,0.06835682782319016,0.008606549721222876,0.11685594356912443,0.07318207349904664,0.8598323714461408,0.06147855201645206,0.0,0.9110425706975159,0.0,0.09097529082333435,0.009054548945075208,0.00647759971359994,0.9758206631822093,0.0,0.0038480003350770163,0.1354060036226045,0.7723593211649433,0.7731365484547409,0.7058736933646745,0.7167503234768058,0.0,0.011184389207663875,6.0
0.0,0.0,0.013121905289462374,0.0,0.0,0.20928413234109147,0.0,0.04579114234778893,0.0,0.0016326902400567893,0.012541163002692191,0.0690347717163066,0.0,0.0,0.012008259041288967,0.08491152882153175,0.05536917702558722,0.2341582236203834,0.9575792230351902,0.7415517672659159,0.753748687136464,0.8869773216279699,0.07466186187232243,0.0,0.0,0.8060537122993741,0.08329748977467522,0.02405277389871613,0.0,0.0,0.8514852326321557,0.020048929094353463,0.024441115617241965,0.0,0.8463947847627038,0.8290580051585978,0.9225369716611067,0.8083624780639644,0.9477611058531034,0.0,0.0,0.0,0.011745090756454801,0.0,0.0,0.0,0.747558072541205,0.0,0.0,0.065421271773395,0.020327535720239917,0.009526657334438105,0.0,0.07122268435849301,0.8843701879370858,0.0,0.0,0.0,0.0,0.031126128691105377,0.05433973247982579,0.040746020161221225,0.029597608754407936,0.006132068094289556,9.0
0.0054176637647374674,0.10962661674491687,0.09727291876112003,0.03688121203265866,0.0,0.013890690842331098,0.0,0.12278383401288091,0.0584874478634475,0.03934244349938835,0.025330883741588525,0.014729633206700633,0.0,0.0,0.0,0.020062094126376148,0.042038656809921096,0.01116614911945218,0.9518822166761471,0.9155219128325005,0.905303520637177,1.0,0.021645016029935123,0.0,0.03144052234054887,0.7519098419332411,0.01816267779666093,0.03929962613919782,0.0,0.0,1.0,0.0,0.03676804361002489,0.950701597864671,0.0,0.0,0.0,0.0,0.9062531477870308,0.0,0.0,0.7819821624703506,0.021222227381932496,0.0,0.0,0.04910779498289349,0.9678204847126165,0.0,0.046483338401447694,0.9098629752891786,0.02605861770274716,0.04293593043295997,0.016710977121759406,0.0,0.9566209509475159,0.0,0.021830223030885828,0.030928986741779727,0.8104163239208056,0.9270109254847836,0.8179219848575168,0.8880402177625419,0.0,0.0001814738189134509,0.0
0.0,0.0,0.021767215087817943,0.06587483748995568,0.06950321943782647,0.0,0.06290746362709386,0.0072862965190045636,0.018308095056839203,0.0,0.0480148125097203,0.0,0.040801072868972714,0.011051150115032007,0.0015554227538867526,0.08495601798402508,0.0,0.0,0.7613546581902464,0.7574442342224159,1.0,0.840709118354076,0.0,0.02952081201047903,0.12040839116087612,0.7869527757595016,0.06506712764062654,0.0,0.0,0.0815818389049149,0.8234229940450727,0.08337995416255906,0.12970346187775114,0.9222097816788728,0.006504491489830751,0.1423365860455993,0.007150892728260562,0.08313886652493653,0.6634773042324587,0.0,0.32169452454528613,0.7737104696906417,0.0,0.0,0.05767282857857935,0.07573316857059015,1.0,0.034844746289731256,0.0,0.8664858931973822,0.0,0.0,0.0,0.0,0.7234393459919802,0.0,0.0,0.023462011630188746,0.7629481111105301,0.892069653716236,1.0,0.9247961734260632,0.011651268914570388,0.0,0.0
0.0,0.0,0.03903818970558202,0.02906239506496351,0.12622578280892716,0.0,0.0,0.0,0.0,0.0,0.8521161304315606,0.6527604085212491,0.8018056675131244,0.8648595696664791,0.0,0.0,0.1024980416171925,0.0,0.0,0.0,0.0018135222497212848,0.0,0.9118482439833993,0.0,0.0,0.006747068915677739,0.02397696064465501,0.03197067478702714,1.0,0.8758751249699612,0.7170473775398456,0.0,0.023572012910147086,0.0,0.011260403695825448,0.0,0.005109867834636472,0.0,0.6948834841047273,0.0769578240583374,0.0,0.007789002383790437,0.0,0.0,0.003848313263830884,0.0482188877269845,0.6979201760769835,0.0173129453827869,0.0,0.053196330600434244,0.8179426528298932,1.0,0.8513594431932806,0.9688498035332503,0.1209626903189818,0.2962466854252441,0.0,0.0,0.045148290754934414,0.010268270951306821,0.06206118922391073,0.016313213164756014,0.0,0.05411473884862955,3.0
0.0,0.11337125731892168,0.0,0.0,0.2559142041313191,0.02495061846654914,0.02308141136587502,0.0,0.0,0.0568513684783052,0.0,0.0,0.02771340822424541,0.02302104461313833,0.0,0.0,0.05809742206989213,0.012719756221840553,0.7882627310744771,0.9188220219326224,0.8470601414777479,0.7257303476920408,0.0,0.0,0.0779658400961318,0.8432576303426247,0.0,0.0,0.0,0.029434544735258274,0.0057504235233480335,0.012817110364971941,0.05199217002581652,0.7588005264090336,0.7445850828435123,0.9118027600593113,0.9307484385979541,0.8186686660969539,0.05082076820117218,0.006708290621876037,0.0,0.7355811774364844,0.05528784529350692,0.0,0.06010793946878075,0.0,0.7469341600363826,0.039609109411701336,0.0,0.6887054556200918,0.0,0.04133431809409047,0.0,0.03079711173070887,0.9723396576294684,0.0,0.0,0.0,0.6683479769084031,0.7334548871500861,0.9720750403419485,0.9232776345097053,0.0,0.0,6.0
0.048089087152876686,0.6829486364461976,0.0,0.0,0.0,0.0,0.0,0.005368925826194797,0.00960402289340636,0.9190235257168935,0.0,0.010482873076748764,0.0,0.0,0.0,0.04009225200677633,0.0,0.9518858316703078,0.0,0.0,0.05380091868181935,0.0,0.8868371188835936,0.0,0.0,0.9438259067914869,0.9115576434249609,0.8509542864252052,0.744393578325149,0.8842478485998223,0.7048107916346965,0.0,0.0,0.036900042013235865,0.022289095094194196,0.06308776108070806,0.041105722001111164,0.03790669781814738,0.8863682810420618,0.04139668541517506,0.023232103180699668,0.05702673307555678,0.0,0.0,0.0,0.12845310082261194,0.7034932652837634,0.051249275929467444,0.0,0.0,0.0,0.05846177958752169,0.00935286905985616,0.0,0.7895864563159041,0.2207420118146537,0.0031528064344473125,0.0,0.07206047578251557,0.05793960433545077,0.0,0.05394972085961633,0.0,0.0186284560328699,4.0
0.0,0.0,0.0,0.0,0.03874716992000611,0.008452886698958193,0.0,0.0,0.0,0.0,0.0,0.08181309301198716,0.05215972419017756,0.0,0.0,0.0,0.0,0.02926899475266211,0.6967070555131545,0.7974138381631468,0.7928110283371345,1.0,0.00040756676102922515,0.0,0.04940040524115946,0.6753302878522005,0.026426337033841587,0.0,0.05280749554011335,0.0,0.6607829330525663,0.0,0.0,0.0,0.803496060308115,1.0,0.7674602751727602,0.8893227733722822,0.0,0.008760957552281559,0.0,0.865941449298841,0.2346278513931021,0.0,0.0,0.030451433772066928,0.6366904357113067,0.07510549790220357,0.0,0.8529727168028423,0.06379471288083598,0.0,0.0,0.36547459407910227,0.9938472940450019,0.03868017649400861,0.029191252347290843,0.0,0.9860471018986663,0.8506261068397236,0.7339191217116405,0.7335366244170508,0.011719584563904555,0.0529096181840641,8.0
0.012090178376427292,0.8256441824326017,0.07424344218372328,0.0,0.0,0.0,0.0,0.04111780358991887,0.00010764746889291811,0.7745468118201151,0.0,0.02083522660004358,0.03934984354056584,0.0027814346801908387,0.040487965851054464,0.12833042281020854,0.0,0.9205039366693938,0.07079836531523599,0.0,0.0020404074077088855,0.051191711760633946,1.0,0.06491265782377387,0.2684895852626067,0.9670771393870744,0.7487354838069404,0.7434012187621674,0.9075854523170608,1.0,0.8385909733242283,0.0,0.0,0.0,0.02680131077603712,0.010080322490277913,0.07926556964595945,0.026423264353879306,0.9474487768016996,0.02855816238225392,0.0495919518870602,0.01482630985806515,0.0,0.010883768191606705,0.0,0.0,0.6768004334883749,0.005349914280042997,0.0,0.001726445426848102,0.07098923728216211,0.0052211037628793425,0.3100067258313447,0.03296556957817476,0.7788332618537656,0.0,0.0199564406751815,0.13982993724785048,0.11701012275074583,0.03776388281767375,0.026035225631490234,0.02918384356134195,0.0,0.0,4.0
0.0,0.0,0.0,0.9810809623042087,0.041595080939270626,0.0,0.026061548287870613,0.0,0.0,0.06560994141842023,0.0,0.9734078242504139,0.01615401052526828,0.12522450730062792,0.004512359429923252,0.022172207023446727,0.02137613007001532,0.08017488785792556,0.13170072515482997,1.0,0.06756717005161472,0.0038901155674092476,0.0,0.00585411962745766,0.0,0.027394134210538653,0.02848726795181903,0.7362404660717142,0.03459398921644086,0.0,0.0,0.021609783295120158,0.010800016310728059,0.0,0.0,0.784945002935891,0.0,0.011314296935842889,0.0,0.0,0.09289555181420917,0.048358476373663195,0.07287821923213633,0.7411094253113741,0.05853912357146458,0.07959839337768126,0.0,0.0,0.04052326162687713,0.0,0.07696548638717399,0.856023690386818,0.05385681435329669,0.0331537008318914,0.0026962854273258354,0.008094081437710897,0.0,0.0,0.0038712199346955995,0.7125482430121507,0.03894486805709774,0.0,0.0,0.0,1.0
0.032118964446867064,0.04430735236603226,0.0,0.07895812948009695,0.0,0.0,0.0,0.0,0.03743227423519353,0.0,0.6499543934266545,0.6756927019726995,0.8667627816085617,0.9902424667361891,0.1046834700929936,0.0,0.0,0.0,0.0537629087757997,0.018991002004186384,0.0,0.0702818252964342,1.0,0.0,0.02736632662103884,0.3413946639436235,0.05952024254084784,0.0,0.0726457506919098,0.8922560007175171,0.0,0.0946577452294928,0.0,0.031033731917980367,0.03314880946941689,0.0,0.9745663297757632,0.3064300570457435,0.0,0.0,0.0,0.10566716151189565,0.030648641070077382,0.9871352884566694,0.0009635930740946618,0.07130083348013314,0.14674303493507382,0.0,0.05492888394304512,0.0,0.9100694319024432,0.8363690730506178,0.8567386962269622,0.6316654454033169,0.9437957229371475,0.023090036406506725,0.030840070167161244,0.04061026326576504,0.0,0.011097306467208542,0.04779916993866315,0.0,0.0019631698423379406,0.0,2.0
0.0,0.0,0.0,0.02077841661194518,0.008918174127153134,0.02147428217871028,0.0,0.0,0.0,0.0239903015881316,0.007702653510712379,0.020210105937176013,0.0,0.001170290322069367,0.0,0.0,0.0,0.01644751736116061,0.7975073529793645,0.7812337739065609,0.7429692593134973,0.8098801684920703,0.09739684212643926,0.031984716927229415,0.0,0.9328766562936761,0.0,0.024902282216521347,0.0012460812619891231,0.0013733751687087154,0.8229242016875672,0.0011344275342546153,0.0,0.9518724770100024,0.0,0.01164475885657727,0.015797018721354163,0.0,0.9460453401238773,0.0,0.0,1.0,0.0287074701257648,0.0,0.20181633546107988,0.06027249283951539,0.8251827172284494,0.045221581559383224,0.09174846123212979,0.7346807082864476,0.1198732748386645,0.038754291411084295,0.05736611704572602,0.0,0.7029933834875208,0.0,0.010629556927350278,0.0,0.9926944716005588,0.7631949003300614,0.7130784364697895,0.8878801464287859,0.0,0.0,0.0
0.05779946848941027,0.7169095025293354,0.7536028060198797,1.0,0.719225346297909,0.9251703038516499,0.8950526137404322,0.0,0.0,0.09555820056306696,0.0,0.02140380758533359,0.00889885759205795,0.06028177177802445,0.7864815552657088,0.01322355781158998,0.002752809786029136,0.0,0.07153101919312013,0.06317619402344304,0.0,0.7629961052524692,0.016327414763493718,0.02251135661031163,0.09279802416381988,0.0,0.01952561706921092,0.0,0.7618269373508295,0.0,0.042393878870783705,0.15614921120805275,0.01513886942531413,0.0,0.0,0.9863442255954095,0.0508499146908626,0.0,0.0,0.0,0.0,0.03104061447862501,0.7712166397513978,0.036137868157124636,0.052076281646529166,0.008876028320649019,0.0,0.022384222639224793,0.0,0.8279231851175108,0.000334815044540088,0.03609058473618318,0.0,0.0,0.014489576198540556,0.0,0.0,0.0,0.03886951067684584,0.05361070492277187,0.0,0.0,0.0,0.0,7.0
0.0,0.014442692401788228,0.0,0.2919118967680496,0.0,0.0,0.0,0.0,0.14187498258119322,0.06207997396575328,0.839255104919096,0.7943693815768498,0.7639309195214609,0.9839575182271373,0.015548167861462264,0.010255579288128383,0.0,0.0,0.9381265136914975,0.004594605062053061,0.0,0.05473082460850914,0.0,0.0,0.0,0.08718306225228671,0.6905622518395526,0.9142160357044645,0.732952003276137,0.9017480971343215,0.2227193997692132,0.0,0.03261659823922142,0.0,0.008455165462097979,0.0,0.031448947062059224,0.0,0.7486202371174662,0.00372479034838393,0.04755726383356166,0.041117710132181295,0.0,0.018008819487764956,0.017228007666394114,0.027555313201491058,0.8082164121944537,0.0,0.07182967370489539,0.015207228339953636,0.9209053293082667,0.8370045373756094,0.7469252129471466,0.8719538306329782,0.03312925178486779,0.009998683938777194,0.017701862826657686,0.0,0.0,0.010349667190628749,0.0,0.0,0.0,0.0,5.0
0.0,0.7162570458339762,0.08373409363027304,0.014517340201583571,0.07937235372197389,0.058733637285890594,0.07811730049059817,0.0,0.07050492485146193,0.8667319960102869,0.05847591429130881,0.0,0.0,0.0,0.010268055339622287,6.465703142115389e-05,0.0,0.9051773431314705,0.13706306011191463,0.0409448610923785,0.04341025919421469,0.043717820095418386,0.9025430994639098,0.0,0.0,0.6231497081239341,0.7447944249065229,0.9384384746570544,0.7357621837176015,0.7859275666233214,0.859734414913636,0.0,0.09216632585092253,0.0,0.1450322688293001,0.0,0.0,0.02442089722843713,0.9698366296471436,0.0,0.0,0.0,0.0,0.0,0.0,0.2594115319177538,0.9219357156443159,0.000541586778368297,0.05755602149795941,0.033138591736377,0.0026684547184943216,0.0,0.0,0.0,0.8091151835384892,0.0,0.03224706927120703,0.0,0.0,0.10274170413418655,0.06897878583483646,0.02835230879675369,0.0,0.0,4.0
0.055047977754173784,0.944533215280697,1.0,0.874875614663864,0.8109462943473098,0.7440137763790294,0.7234157237152097,0.03259376963881541,0.07719069892763997,0.0,0.0,0.030412581456675764,0.09578355587488047,0.0,0.755007267480202,0.0,0.0,0.0,0.03351884592740399,0.012708075098300606,0.0,0.9423180303838138,0.0,0.015605708400644458,0.015402310952403228,0.0,0.0,0.0,0.936654936995543,0.015205071862956466,0.07670267727035635,0.0,0.0,0.0,0.17460361966690402,0.7155519205504406,0.06314363346377534,0.023821306791595193,0.0,0.004840666896315915,0.008808084934540496,0.0,0.8263735143021235,0.012902992581480264,0.0,0.0,0.0,0.0,0.08308366432078593,0.7999295186145398,0.0,0.01365723693681957,0.05115410142758334,0.06648094846049396,0.039403150104048545,0.0,0.06015586848011703,0.0,0.015262441871073755,0.040637935213526856,0.0,0.04341804915834174,0.06834324661105592,0.0,7.0
0.0,0.05691447804073644,0.0,0.006260107932097209,0.08808734495761891,0.028597785942941458,0.0,0.0,0.0,0.0,0.0819752048045491,0.0,0.0,0.0,0.0035656761328548836,0.0,0.11146095107871803,0.03801373224483557,0.8416518798828414,0.7725147680155212,0.8287897978816069,0.8390897942830003,0.0,0.0,0.018238939054227514,0.9466554800861984,0.0,0.0,0.042075287218428806,0.0,1.0,0.0,0.0,0.03722102273690025,0.9908283253651846,0.7951346778747368,1.0,0.8055183766015839,0.7956701830091939,0.020386025676065664,0.07100291785405277,0.04129437927019736,0.023974891436856664,0.0,0.0074895799654519715,0.029375101213130018,0.8938032048711205,0.07084294197292779,0.0,0.0,0.0,0.0035566584842377856,0.0,0.0,0.9535620963260716,0.0008600978052248984,0.023745137344253302,0.0,0.02983448096101894,0.0,0.027725666522403478,0.018933533664355795,0.0,0.0,9.0
0.0,0.0,0.0,0.0,0.0,0.01931806210353452,0.0946395805494413,0.04424219474419258,0.03578332903315259,0.011094661458012009,0.0,0.03539485536901563,0.03775062442067789,0.0,0.0,0.001259076299239598,0.0,0.0,0.9040550419512358,1.0,0.7060850103154408,0.9978774681359184,0.01434954182848329,0.09137595376890077,0.0,0.9089469822488442,0.018797157059317122,0.0,0.07248304001758651,0.1618050199562486,0.7929214484154172,0.04166832239747492,0.039997182880454334,0.806191787387824,0.0,0.0,0.049018095736288715,0.03636237006034815,0.7708974085754182,0.02477036702166033,0.0,0.8085538082353025,0.0,0.0,0.0,0.0,0.9512730436318283,0.040303605165556915,0.003359225825257463,0.8875202877790098,0.0047978155234208696,0.0,0.01871716089792759,0.03826611030608313,1.0,0.0,0.0,0.0,0.7465389990356552,0.8411653774645174,0.90174163338721,0.9064820145922804,0.11857719857738323,0.0,0.0
0.007313032212215992,1.0,0.8934680380361424,0.9824606337992343,0.9583572221874879,0.9202287535537287,0.6932528538060401,0.0,0.0,0.005040856079717104,0.034502424845699556,0.0,0.03344674095885197,0.07978047312258192,0.874618632929551,0.0,0.0,0.0,0.0,0.0,0.011201097914563338,0.7710788478325137,0.02095609539979694,0.026014905537646807,0.0,0.03849865990898801,0.0,0.0,0.764692561559773,0.0,0.0029426689762529863,0.0,0.0,0.0,0.0,1.0,0.01976371981199195,0.0,0.0,0.04266002912779343,0.0,0.03689988222656357,0.8319040020287868,0.08127885702472075,0.014306511840473188,0.0,0.0,0.0,0.01487089063661895,0.7951319046841093,0.0,0.062442590477256914,0.011845222614640006,0.0,0.09351357218341583,0.05766533309467478,0.0,0.02440102706386381,0.01004707753720816,0.0,0.0,0.017337851932303996,0.03755058085230093,0.2052807700584111,7.0
0.02366153802011853,0.0,0.04047460831079555,0.0,0.0,0.13665072103810205,0.06430461208845405,0.011864175706432846,0.0,0.06411448906343294,1.0,0.7224396113535317,0.9403890944834539,0.8353576259557614,0.0,0.0,0.08020247605077493,0.0,0.8936872982066144,0.0,0.0,0.06750957321385519,0.0,0.0,0.027646687364741275,0.0,0.845249640673488,0.9208732851780186,0.7696401275339676,0.7422082646811707,0.0971385731856295,0.0,0.11643121582355431,0.013189601204986266,0.0,0.008601912356001398,0.0,0.0,0.9332215107032086,0.04516317118742644,0.0,0.04327118225248516,0.0037419840735540932,0.08587100430167138,0.03475705363401397,0.023777390924687516,0.7023165306718331,0.04269983829730151,0.0,0.05993509923638263,0.9540800134818098,0.9478453807304912,0.7020036174881897,0.9580388423751646,0.0,0.020251636231480505,0.037267184793668015,0.0,0.06499191429425222,0.007921075521502131,0.0,0.0,0.04606733276537634,0.0,5.0
0.0,0.04065935137605933,0.0,0.8677563133030329,0.034858140658102714,0.015387190639014682,0.0,0.13614218289109248,0.03412180486484691,0.0,0.053799034208657684,0.8183816719529088,0.010558011730938413,0.0,0.0,0.0,0.0,0.0,0.04383027211848727,0.7430255846418089,0.031067877005253982,0.0,0.0,0.108322266487897,0.054942306973889445,0.05187269646222984,0.0,0.6445505796820598,0.0,0.0,0.021826811931298675,0.0,0.0,0.0,0.23573607520066903,0.7261716273569213,0.0,0.0,0.0,0.11496955208229032,0.0,0.0022655574549822074,0.061747030908175064,0.961473993750753,0.0,0.03524091532904395,0.0,0.03616377677329058,0.0,0.0,0.0,1.0,0.0,0.0,0.0,0.21992751591150278,0.0,0.0,0.026428583760802506,0.8390938879116489,0.0,0.0,0.07649558843363907,0.0,1.0
0.0,0.8151616595114463,0.01617657531309946,0.0,0.0,0.05960801008575171,0.09155682929876521,0.06321225391652317,0.0,0.8657916960439631,0.0,0.0,0.0,0.0,0.026264192061707454,0.0,0.0,0.7003813392704913,0.00882346503515773,0.0,0.01146379213272092,0.0,0.7872230424040176,0.03333188787265725,0.05842031502271611,0.8651205368341371,0.8767412944847256,0.8042284356719126,0.9096616141351211,0.7705245149558442,0.7219538255304306,0.08497158873552316,0.059846123869848014,0.009207971924185902,0.0,0.06031423242642824,0.0,0.09867422590228656,0.7675921713021627,0.00420950234490239,0.0,0.0,0.0,0.0,0.011397990906163705,0.0,0.9824294709778438,0.0,0.0895780229621228,0.04480279578396585,0.03226364614455323,0.07272012205720052,0.01675042271570352,0.017441516389040405,0.7259135135414564,0.0,0.022361497690357522,0.0,0.0,0.03718905460967569,0.0,0.012545155808317394,0.02335711878133583,0.07543697927253931,4.0
0.01052608152723282,0.8360247212148517,0.8463344655022808,0.8992209268859992,0.9358565304576174,0.9789612179642112,0.7831370007103511,0.0,0.08129801526562923,0.0,0.0,0.0,0.0,0.08524485572136528,0.7051321759630043,0.0007922201863162127,0.015040695405293993,0.0,0.0,0.0,0.15979431627160015,0.7625019133418857,0.01741056617557945,0.0,0.0,0.03121588768784017,0.0,0.0026374147123537483,0.7504648840241013,0.0,0.0788603605787618,0.0,0.0,0.0,0.0,0.8914714667212958,0.0,0.0,0.05786442624635281,0.0,0.0,0.0,0.7711021021104013,0.0,0.04244775281645361,0.0,0.028548166336706857,0.019222521782068014,0.03218483712779646,0.9140363896098221,0.0595773735322698,0.04476892244285859,0.030739065986154092,0.0,0.013478335069633772,0.03437289775463584,0.009049422637290727,0.0,0.05535440577547956,0.011478063902650137,0.0258531902699573,0.0,0.0,0.0,7.0
0.039518796857219145,0.025156062578816453,0.0,0.0,0.07057917800028433,0.0,0.0,0.013151808801369198,0.04783558007995559,0.21378819953221823,0.0,0.0,0.029761099535979996,0.0,0.0,0.0,0.0,0.3191844748739119,0.6849643119795246,0.8971266661846047,0.7908572556064195,0.8711941394457489,0.03780058591621757,0.08498327038783683,0.0,1.0,0.0,0.0414476338201239,0.0,0.03654812678829555,0.8622109861001404,0.0,0.0,0.0,0.9278745637421637,1.0,0.8009639623790238,0.7116761520294951,0.0,0.0,0.02560629388870215,0.7302089271939527,0.10755230157975865,0.0,0.06864329062698012,0.0002394488555719509,0.844202174371892,0.15413652742132927,0.0,0.733125010522979,0.0,0.0,0.018573589953161017,0.0,0.998227892557757,0.0,0.028033266799855544,0.014826047457550635,0.7716663422938038,0.8647673910988531,0.80756750793789,0.9337532112851301,0.006053318379501401,0.023221784780057847,8.0
0.021701535510490064,0.8467158069570994,0.946068728016011,0.798465380580543,1.0,0.8182413125318619,0.7026642100516539,0.0,0.0,0.005852142008170047,0.04334380748194719,0.0,0.0,0.017545436690808502,0.8855251341677792,0.0,0.0,0.018334415486025366,0.020015099278801032,0.0003915700227261345,0.0095058540604311,0.9487697562816533,0.0,0.0,0.07116645800010865,0.014208779530284805,0.041024791432254876,0.0,0.817059040024392,0.0,0.0,0.10850254334459558,0.0,0.1454014243860292,0.06022566038497121,0.7455277623116362,0.07691496461521062,0.05998141628953074,0.04734538531420388,0.0,0.009923363321263218,0.0,0.7708243657677499,0.11154315591362206,0.08814349627780799,0.06337940264075832,0.0,0.08445801663389135,0.0,0.7903332733260707,0.15397459369667077,0.0,0.0,0.0,0.0,0.06333471387396687,0.04933533925485981,0.0,0.0,0.00623286230071119,0.03342232291864874,0.04529166625938445,0.0,0.0,7.0
0.045328761450126875,0.0684925422312038,0.0,0.31507488659578886,0.0,0.09726640075491262,0.0,0.0,0.0,0.09649778766541114,0.048908168364072316,0.04306024735421392,0.0,0.027208962936221978,0.0,0.0,0.09791051584032312,0.0,1.0,0.9057935946336628,0.8398523544807688,0.8012318522311854,0.0,0.0,0.07165689523199535,0.8269835836116514,0.0,0.0,0.0,0.08141654556287438,1.0,0.05019264968151467,0.0,0.0211471084256981,0.7191775753334357,0.939909186061688,0.8093593775925487,0.9087186927651023,0.8251193682079736,0.0,0.0,0.09024219774855682,0.10035249371532631,0.031904296365659605,0.022265959188088883,0.0,0.7383315392476473,0.0,0.08562304823331401,0.05909141058620601,0.057624384388954925,0.0,0.0,0.0,0.9345825204729157,0.03423129588482552,0.0,0.06201461141134732,0.0,0.0,0.03511977203952576,0.0,0.06486794383952829,0.1282579875648086,9.0
0.0,0.05820679510401512,0.07406305037546616,0.0,0.0,0.02896620045980011,0.0,0.008139461042777133,0.04266722796646813,0.0,0.0,0.03377708431125115,0.17598042391704205,0.07683179893720729,0.0,0.0,0.0404159748241933,0.0,0.8931726543957149,0.8453081684080892,0.8668829286438908,0.7939417851749044,0.0,0.0,0.0,0.6648598403187609,0.07704040264077293,0.0,0.01891734795565035,0.04869280592671907,0.7889633894072344,0.05386327493324164,0.0,0.044245592657810105,0.9797649844739078,0.7874131404710153,0.8179622360489637,0.7639236362780785,0.11982850507668513,0.05291035565025448,0.02204346903009942,0.8291562124864562,0.11573164375395423,0.05887367965256101,0.0,0.0,0.8996357324266334,0.05663431052752099,0.06343417400678829,0.9327555588674942,0.0,0.23213010426858546,0.0,0.0,0.8997273218249348,0.0,0.08054258830322623,0.06168582952496502,0.7667705152847899,0.8148591425893146,0.7233826998198793,0.6984297420152452,0.01650150968397752,0.0,8.0
0.0,0.0779202612559903,0.11716932256150024,0.004851677172588907,0.0035201360261489186,0.0,0.0,0.0,0.0,0.09434877346080109,0.18873751879855125,0.0,0.0,0.02278418981951166,0.06500751292817912,0.0,0.10176140220622013,0.0,0.9059294771830386,0.8553155947727751,0.895476054268441,0.804978266238195,0.05543685552656291,0.07284771739781332,0.21039780074374306,1.0,0.010872139275086123,0.0542749389429162,0.09100595922643122,0.0,0.037329560034627125,0.0,0.0,0.6923838785850996,0.8084126347107223,0.7910933465418465,0.8006615389970502,0.8802487117878854,0.0,0.03702412711644638,0.0,0.7235494925487849,0.028694980789967274,0.0,0.012255930025058846,0.03853291019689464,0.9628276574782975,0.0228578280118968,0.08274190086130057,0.8263745485581591,0.06428280708177248,0.0,0.0035684239158928067,0.013598827435404701,0.8614288595841336,0.017648275081932712,0.0,0.014056344154380099,0.8406323906886132,0.7868202308992697,0.9714324327945412,0.7080074220825002,0.0,0.0,6.0
0.0,0.07586373299845872,0.008289459618805652,0.08297709531948573,0.0,0.0,0.0,0.009670266341977873,0.08731174702080591,0.06592009886512902,0.0,0.0,0.0,0.041759384156112744,0.0,0.05898232936377367,0.0,0.0,0.706606912765793,0.9424531963661732,1.0,0.7494647640249847,0.0,0.0,0.03188320278293593,0.837205298586774,0.012746377186801217,0.0,0.0,0.004437760635949579,0.0,0.06284047701291316,0.0,1.0,0.8055532078046288,0.879257288377087,0.9007723211789449,1.0,0.0,0.0,0.0,0.9002791078080806,0.010510982086930278,0.0,0.0,0.0,0.9850255963926305,0.045663607933745326,0.16291079588091747,0.7416134471464483,0.0,0.01174219178698323,0.07697648697532722,0.03631601472618158,0.6881564400116604,0.08090163746011157,0.0,0.0,0.7676758506531606,0.9560942068463604,0.8702793221215215,0.8344671143958354,0.030782601410177437,0.0,6.0
0.007848056906683148,0.8251540760132257,0.025809200276782653,0.0,0.06379555316924075,0.09525540558866855,0.0,0.022292739935844734,0.0,1.0,0.0,0.012163382826621955,0.0,0.16059522635051343,0.0,0.10690951158433613,0.0,1.0,0.10915087754334796,0.0,0.07122191645339307,0.0,0.9373802694261881,0.02827916479525369,0.0,0.8068756974609816,0.867186936790035,0.8186907663916178,0.6840718822416273,0.9381998456312467,0.7748247242758766,0.0,0.0,0.0,0.0,0.0,0.0,0.0,0.9635676071729223,0.0,0.0,0.0,0.086587897282284,0.01083419323244385,0.0,0.0,0.8880508645329754,0.0,0.05230460264323723,0.021974934867951545,0.01850180181306197,0.03562663357942277,0.0,0.0,0.8059867268274343,0.012753602982218198,0.051784833608424674,0.027923974404546994,0.0,0.02174799551632639,0.025498455038355475,0.041029817404760194,0.07774462156832544,0.01108915748010079,4.0
0.0,0.0,0.09463924371952376,0.0656112466400194,0.0,0.07929676442869088,0.015194728503637553,0.0,0.0,0.0,0.046539395483192324,0.0,0.0,0.019690767530992186,0.04230322603085315,0.3255889275974876,0.0,0.0,0.8287180132370816,0.8170516945679064,0.9402072665392792,0.7796998495208712,0.023256051534343576,0.0,0.07002061802343729,0.7877307809138432,0.05548244080167639,0.07624117326619889,0.05633695313205533,0.0362590115758544,0.0,0.0,0.0,0.8159293874182464,0.9293376435719041,0.9983474725728853,0.9293013998889857,1.0,0.0,0.0,0.04614004395304461,0.9971084437920723,0.041157577136162755,0.03554490392628518,0.07021795604759372,0.026026425267184284,0.8168642581393439,0.012695925526244933,0.0,0.8984914444285003,0.0,0.0,0.07441183581581744,0.0,0.9311605135624388,0.0021162653412733217,0.0,0.0,0.9959096833287896,1.0,0.7771436628357354,0.7889971340007303,0.0,0.0,6.0
0.06310719316154911,0.04614424869863451,0.10998678397236249,0.0,0.0,0.0,0.0,0.0,0.0,0.03451367151725309,0.0,0.0,0.09072083343355106,0.062006775764737045,0.074048731820521,0.11011604101940185,0.16465535953992583,0.0,0.9323393641024623,0.7334130178670262,0.8115216536774702,0.9534538968589173,0.0,0.0,0.0,0.92318950785958,0.05405599479980799,0.06405424197414963,0.04569523863885486,0.048829852143095015,0.0,0.0,0.021199112014274133,0.7908072039598729,0.8261291867582462,0.8317920188923733,0.9478527440594087,0.7792645985810108,0.0,0.09570786176413648,0.01018397879467459,0.9920836728715173,0.00027670459985764415,0.0,0.006639473306789332,0.0,0.7889563504663168,0.0,0.014018883247094492,0.9098268744696856,0.0,0.0,0.0,0.0,0.8792672426004342,0.0,0.0,0.03525829233698415,0.750329578844491,0.7389842844692212,0.871350930352611,0.8688836433465446,0.07322937585595017,0.0,6.0
0.05322771673804527,0.0,0.0,0.0,0.0,0.0,0.0,0.0,0.0,0.0,0.006988048000136271,0.024210536584267257,0.14147692780349055,0.0,0.0505191824299029,0.0,0.0,0.0,0.8286616039924555,1.0,1.0,0.8929889793426389,0.00988348722480621,0.0,0.0,0.9865008165770403,0.0,0.0186252757554591,0.01736037347691769,0.04784295221424089,0.9621572626860263,0.024399166430178573,0.0,0.8365046520517408,0.07101458882597962,0.05357277515220346,0.005546115821234781,0.003444108625380265,0.8551780106572507,0.10834667505295503,0.0,0.8624802283290651,0.0,0.07132952211772833,0.02617378647711212,0.05100504833291869,0.7788109147347002,0.22716264859962296,0.07764385292525627,0.7495656824868135,0.07316349067944201,0.1580127483071497,0.05378587755537714,0.0,0.8110063881626166,0.008094079274935915,0.009573249087452133,0.0,0.871159375988404,0.8711398200461584,0.9078656762522841,0.7005206606038182,0.0,0.04403684207127725,0.0
0.0,0.9450240485191426,0.742918773416815,0.9781356484723434,0.8903911652871864,0.8539502714613127,0.9014546631028025,0.0,0.0,0.0,0.0,0.023452117404751276,0.0,0.0,0.9542935774899406,0.13714036805548416,0.0,0.0,0.02225480277597576,0.0,0.0,0.7720987456923416,0.0,0.0,0.0,0.0120418645125704,0.0,0.0,0.9686697639307613,0.023036371921316922,0.05101150292831446,0.0,0.02272546503166097,0.004553392829384769,0.16212506157571416,0.9659502405673797,0.0,0.0,0.07894614353643335,0.0,0.3292109068452396,0.05878594036462012,0.9108613124215268,0.0,0.0,0.0,0.013676486989513157,0.0,0.017810193704102594,0.9641893693986331,0.0,0.0,0.0533154024110564,0.015186937985412485,0.0,0.0,0.011584635694794813,0.0,0.03909940747233142,0.0,0.0,0.0,0.0,0.0,7.0
0.09433421168262632,0.06394186513524329,0.05586797907217953,0.012131418301951838,0.0,0.017093741316829125,0.05282808101762557,0.0,0.0,0.005602647308905928,0.7701483381918701,0.8304516869205335,0.6930682953889222,0.6967351391666496,0.031128841083339177,0.003088611618602486,0.0,0.0,0.0,0.0,0.01329055276650679,0.0,0.9021222244584409,0.0,0.0,0.006643664612914696,0.0,0.1804485749443988,0.09476916651392639,0.7583897012940651,0.0,0.03314145410369836,0.0396370631078925,0.0,0.05334038704428932,0.0,0.8574661565562973,0.0,0.017637527865469054,0.0,0.10967638711160055,0.0,0.029687661867019197,0.8425385217190087,0.043456557242975535,0.0,0.0,0.0,0.0,0.0,0.8636139560245895,0.9166968675326013,0.7096109125030835,0.8502368833171225,0.7971784685423163,0.0,0.0,0.0,0.057563472309628286,0.0,0.007373763827385487,0.01590820918704603,0.05307015600704094,0.0,2.0
0.007373499187437674,0.0,0.05875190998566248,0.00558701795092853,0.0,0.011544335897687379,0.0642461478096825,0.0,0.14984815887828554,0.007053144080549679,0.006877594882611353,0.0,0.0,0.0,0.0,0.0,0.060016144955578776,0.0050608993199868085,0.9552038782024334,0.8096050511107676,0.7908055778110474,0.9415855577583971,0.08404688672773881,0.03077246070361006,0.0018423805603833114,0.8822108379045099,0.0,0.14191049087230231,0.03895801805104953,0.008479663251508207,0.031696173184578375,0.0,0.0,0.799012713409559,0.9525636669911891,0.7557199865585553,0.7472761658747659,0.8192842490300452,0.0,0.004508401191588362,0.03784175584347721,0.7843894917367041,0.05297479845879283,0.0,0.0,0.0,0.985641111348952,0.0,0.0,0.9163845851153939,0.045926889116017194,0.0,0.0,0.060867989724325326,0.8996428826604345,0.0,0.006118158021769613,0.03222127230105444,0.747730351168747,0.984608707155334,0.743867522309181,1.0,0.0,0.0,6.0
0.11690262615793373,0.0351632979585473,0.0,0.03924794460286036,0.05097889314373565,0.0031888122446601047,0.011163328097252748,0.0,0.066202184502422,0.013809320525821431,0.0,0.0,0.0,8.76736766205857e-05,0.058851912642266385,0.04635560327244858,0.0,0.038676546521207285,0.8709435644584126,0.8390137861268472,0.7987414412714138,0.7846157822534962,0.0,0.0,0.0,0.9913640819179562,0.0,0.2707335426136233,0.06240633241906816,0.019450230579860655,0.7547862828793526,0.0,0.0,0.0066970132861547725,0.7264529710695395,0.9185364651285809,0.8413645992960195,0.7714519241920558,0.030455452168446084,0.0,0.0,0.9029228053055061,0.1880492965081884,0.0,0.0,0.027925832479493345,0.8367509406064146,0.22263327588189666,0.04816054603584654,0.9040632345977749,0.015008037716541243,0.0,0.01682545362902933,0.051092124347973625,0.7285223387429247,0.00860945022215495,0.03219220199879755,0.0,0.9116276188905664,0.7316216133677514,0.9317048597915305,0.9703144262907148,0.08871793024159425,0.14031917403701105,8.0
0.0,0.0,0.05635608406021695,0.006050142096121374,0.0,0.0,0.040890978007282475,0.0,0.027479507858171322,0.040865146537427184,0.2172030543810431,0.0,0.008039160003666083,0.0,0.0,0.05346274349588231,0.0,0.043710596774183895,0.86015153165112,1.0,0.7928036375483632,0.900784295152851,0.0,0.009407776210914423,0.0,0.9170323672884925,0.0686699915161024,0.0,0.2769547451190877,0.0,0.0,0.06263250798482493,0.0,0.7624521453201883,0.7724901547253681,1.0,0.9448381156638832,0.9255409961535589,0.060495879933374214,0.0,0.0,0.816207640759606,0.046018527135764487,0.02372514522364549,0.08028105350534752,0.12682901469972271,0.9076932033265761,0.0,0.0,0.7984319733038528,0.0,0.0003105142366103275,0.0,0.06549597238707898,0.8354459220779284,0.0,0.0,0.06359599017128352,0.9834584885155015,0.9636935248387859,0.9864400563744526,0.8626106206352756,0.03792677604117363,0.04365153468007763,6.0
0.0059200584585538465,0.0,0.0,0.88022419337928,0.0,0.0058156866687081865,0.0,0.08074156650920614,0.0,0.0,0.09325089398044581,0.786294895488811,0.0,0.1244265269540576,0.0,0.08239733410963072,0.0,0.0,0.03013150656990828,0.7882585425443039,0.031119296670918256,0.0,0.017345159472298876,0.0,0.04022206019286469,0.0,0.0,0.8231733762077426,0.05563707478161391,0.0,0.0,0.0,0.00284898691285851,0.0,0.0,1.0,0.01893171179198586,0.08843551582269453,0.0,0.060164821966404936,0.0,0.01661006541118901,0.038908045460758246,1.0,0.0,0.005994962233453962,0.034924158117523606,0.06425062714388326,0.0,0.0,0.0,0.861307613734104,0.022261951903557013,0.0,0.003012615100956383,0.00029367223509244473,0.0,0.0,0.26909104206838774,0.8125204513049759,0.0,0.016531012987804263,0.022735612824417637,0.0,1.0
0.005923557788395929,0.0,0.029902875271829023,0.024488882653378636,0.03675010850849799,0.006750868242921736,0.0,0.028324020687790382,0.05530868739845496,0.0,0.18896386639848978,0.0,0.022428398232838046,0.0,0.03136244557319986,0.0,0.0,0.0,0.8164547959811917,0.7548072195507658,0.7633137896166872,0.9214881802691393,0.0,0.0,0.0323908158402919,0.6836431408329986,0.0,0.014964893284590356,0.0,0.09918670322308416,0.7888249781802087,0.0,0.0,0.05005394393874979,1.0,0.9112708629084356,0.9519537104509482,0.8253368606733513,0.07765432379056285,0.0,0.030616997300850636,0.6718716245148317,0.0,0.0,0.0,0.08502829842545045,0.8528198550181114,0.08149690244972263,0.008422524692085247,0.9299224433761955,0.010343986989081089,0.016371925370916116,0.0054627378102236135,0.0,0.9005897194083493,0.004316439354052703,0.08377221729018264,0.06698035573324077,0.9390291404753276,0.7663103642633373,0.7732145080341748,0.6403637028350682,0.046517752444602045,0.0,8.0
0.1432567204915222,0.0,0.0,0.19764770283727356,0.0,0.0,0.034743821026735164,0.017806616543916277,0.0,0.009341704823299926,0.0,0.05038731306577532,0.04610811516104438,0.0,0.0,0.0,0.02086134979302466,0.03384191514532638,0.8010797712312043,0.707793377093824,1.0,0.7596944279675217,0.01592998155289303,0.12553145674567737,0.03155897330155063,1.0,0.04561692397908987,0.0,0.0,0.07079686226751185,1.0,0.07685515732242228,0.12949123294471873,0.0,0.9881283546560948,0.7637761577326783,0.7788248928908063,0.8152082657581935,0.8565367602817114,0.0,0.027638960588139506,0.0,0.0,0.0,0.0,0.0,0.7778228500200464,0.0,0.045175531852424344,0.0,0.0,0.06389347713361367,0.0,0.04335054416167333,0.9159185320002504,0.044455216972946084,0.013999605400223845,0.019216599129501227,0.02524049414078495,0.22139807853748675,0.08880519866212326,0.0570708634544065,0.0,0.05084549121939961,9.0
0.0,0.7556906850229307,0.9319165296705079,0.7018256224189973,0.8521913599798188,0.778250417528122,0.7294705364144503,0.0006204049103187082,0.0,0.0,0.02250191730546907,0.03199010623888879,0.0,0.05324189879025903,0.8289358080092524,0.02313575057272144,0.05997477581888342,0.0,0.005568013270782206,0.0,0.04100847557336505,0.9808391458429381,0.16520539296131376,0.008231917915732847,0.1584880625003413,0.0,0.0,0.0,0.7666834175599773,0.03606099877412468,0.0,0.0,0.0,0.0008007388110381676,0.0,1.0,0.02106449274698463,0.05858353282874767,0.0,0.059640491534839406,0.09641576069619943,0.027051803744112327,0.9149384979879419,0.0,0.03565649185356683,0.0,0.06606110081158977,0.08063327001147481,0.04820747434579431,0.7944861680346332,0.03431679257290478,0.004200528241582487,0.089680794509927,0.0,0.0,0.0,0.0,0.0,0.022015058039670438,0.1100261944544667,0.0,0.0,0.0,0.03589461258489077,7.0
0.07508423745293381,0.0,0.12032962422229065,0.0,0.014513836976339218,0.0,0.09938931360264724,0.10667769998149966,0.0,0.0,0.0,0.0,0.0,0.0,0.0,0.10369689290625249,0.029167742932405066,0.0,0.7307079675494106,0.9086021550222075,0.6946500554189966,0.9011562395926375,0.03769277284968329,0.0,0.0,0.7005083561650931,0.006969485889512153,0.038272786026412056,0.044702392834328385,0.0,0.0,0.0,0.0,0.8545560526763502,0.7926664632252226,0.9028909886348679,0.8554976535710431,0.7111013959738631,0.0,0.0,0.0,0.7128458981855987,0.013890680280386924,0.09606492628236381,0.0,0.015857594383298035,0.8850835041350699,0.08699556632434462,0.006357507243692208,0.686546292876912,0.17044260707600653,0.035204929542372,0.0,0.06186454700128238,0.6870607465077112,0.0,0.002071195754186827,0.0,0.7966708896915138,0.7696680551487454,1.0,0.9025061298573661,0.0,0.018253952649873808,6.0
0.0,0.015681341493293945,0.057944741431634784,0.0,0.013671676202377815,0.0,0.0,0.0,0.06856615080091552,0.0,0.016592104486077865,0.0,0.0,0.02656979260379122,0.019345262938845434,0.0,0.0,0.024665011989937823,0.8482849115361537,0.9661522956836545,0.81090848647314,0.8849959885058575,0.03889941296409641,0.08742441028111078,0.0,1.0,0.0,0.06879685186612357,0.05817644730860383,0.10731963377808995,0.7067495985306382,0.0,0.02964743266536713,0.2829252511981638,1.0,0.7731705195079804,1.0,0.8055081501812076,0.0,0.0,0.0,0.8677207607141132,0.0,0.03933417868508662,0.0,0.0,0.899655433098155,0.011154119950233321,0.028294253617824023,1.0,0.0,0.0,0.027725759809627822,0.0,0.9188099622421659,0.0,0.0,0.05288322056277489,0.6381810751777476,0.8905491590303711,0.8381690901148303,0.7898977417288784,0.0,0.011523591965247763,8.0
0.026120708420701952,0.0,0.0,0.0,0.0,0.002213305363085835,0.0,0.0,0.04827662709146099,0.0,0.0,0.2111707473223795,0.0,0.002742334918687361,0.0,0.0,0.012243752933679032,0.01078304721283346,0.7046977927572248,0.8042300570537418,0.8905772961323835,0.8308245117033082,0.041725618891697513,0.0305484719614206,0.0,0.7877027565792077,0.024061536199589867,0.06956428300928667,0.0,0.0,0.757650287308196,0.0,0.0,0.7381432536444168,0.08885594958174792,0.0,0.0,0.0,0.8237211687014409,0.06683903099251387,0.07666224627627834,0.6784512733360891,0.0,0.23628430441442622,0.036636848553721894,0.04695974379308314,0.7375382323078147,0.0,0.019206998753580756,0.8835384909529386,0.2749391668736843,0.11372760387225218,0.0,0.0,0.9015940965149052,0.04707182844954186,0.0,0.0,0.8045918712217455,0.995477548815026,0.9053232091347398,0.913337726250141,0.0,0.0,0.0
0.0,0.0,0.0,0.004784772005193502,0.0,0.08762423009911025,0.0,0.028352119797466616,0.0,0.20393103580174493,0.040309371545315616,0.0,0.0,0.0,0.0,0.08528082740545212,0.008673482530521713,0.03325629393621265,0.9698033539398477,0.8849519409900717,0.9953664055681145,0.9017321121003214,0.04836312295555148,0.0,0.03085591970101458,0.910248397653108,0.009018026008516413,0.03214097585334689,0.0,0.011644325967188607,1.0,0.0,0.0,0.0,0.8322440509201975,0.8561268788372532,0.7070675822395076,0.819809895860845,0.028188608124181076,0.015357941996430868,0.0,0.9982624387244196,0.0,0.0,0.0,0.0,0.9698441652198523,0.003456204194587436,0.029443597417192904,0.8522057241160518,0.04390553125849636,0.017211808346478032,0.0,0.06443085766995355,0.9578571460373855,0.044822420810516815,0.0,0.0,0.7903561316900602,0.8775597226342257,0.7869671720995096,0.8949729814050374,0.0,0.013369538109977938,8.0
0.01791532959304035,0.00949214124869604,0.0,0.029937179413492044,0.0,0.0,0.0,0.0,0.05371667365427307,0.0,0.028230410813925428,0.0,0.0,0.0,0.0,0.0,0.08667040655831186,0.014815237410924283,0.7726007436802889,0.7622904336142636,0.9134557701991103,0.7850636931614315,0.24665182828558344,0.0,0.0074461745281259985,1.0,0.07201106561532028,0.0,0.0,0.0,0.0,0.05061321017456262,0.0,0.6802583128646058,0.733226391862697,0.6767987226337172,0.9040682844453,0.9074180117261172,0.0,0.0,0.0,0.9235025158085048,0.0,0.01817913350522191,0.03471469002868716,0.0,0.82646284155847,0.03406056443296096,0.02046939848952342,0.722420364148437,0.0,0.020196907321562756,0.0,0.0,0.9843201606766435,0.0,0.05102756336321294,0.06620633116758322,0.9182749170252571,0.7411586494598006,0.7749484181879689,0.9044834906920536,0.0,0.0,6.0
0.02422266152121424,0.0,0.0,0.01584506611997396,0.0,0.07371733338289672,0.0,0.0,0.0016910750249158925,0.016622492043016666,0.0,0.0,0.006634821631505726,0.0041371275412274994,0.05801619944154094,0.0,0.10317046747123351,0.04628322986385098,0.8544064638740059,0.8838872132112594,0.88581575550309,0.757765478687749,0.09028115512291154,0.022036476158580714,0.0,0.8218900880709483,0.0,0.06567282338258411,0.0,0.0,0.7480084011926414,0.0,0.01870116062288287,0.1295106007046309,0.9174736242135582,0.6964427640167196,0.7669755968545976,0.9748312766762944,0.6955500588035151,0.16727655237984096,0.0,0.0,0.0,0.0,0.0,0.015713669044357274,1.0,0.0,0.022428412571564485,0.00038665509386542744,0.0,0.0,0.0,0.15989515571337445,0.7361085132147184,0.014830968598460219,0.026283761525617025,0.0,0.03374588261398317,0.0,0.0,0.03949136596688007,0.0,0.06177535163939977,9.0
0.0,0.004858715185297865,0.0,0.0,0.05646752005490992,0.0,0.0197219754615527,0.0034186907599917378,0.0,0.0075004821424664156,0.725464317699927,0.7010417765572485,0.9243334308874043,0.8899800985820782,0.23616304369618168,0.009397758603184314,0.0,0.0,0.11590313200221831,0.0,0.0,0.012905800748521105,0.9814947797527156,0.0,0.0,0.0,0.08060239582090926,0.0,0.8122883901634909,0.9975092135663662,0.7486160843679135,0.026015663365625236,0.016966831237178976,0.0,0.06545699703496427,0.0,0.016670136705109122,0.09575560689811795,0.9597220202457949,0.014887252231114805,0.0,0.0,0.0,0.0,0.0,0.009874434078832739,0.7825700643175927,0.02158601056888754,0.010913956183822711,0.0,1.0,0.8635588750110118,0.7935302474062849,1.0,0.0,0.0,0.0,0.04407959279772265,0.0,0.016961471884015103,0.0,0.0,0.046397134298512596,0.02987915386994911,3.0
0.0,1.0,0.9336282568332772,0.8584436546848087,0.7080353907586153,0.9269517574402784,0.953371842194241,0.0007627348657446801,0.0,0.0036717505499653906,0.0,0.0,0.0,0.0,0.7221113082826581,0.0049206315821983945,0.045041537208677096,0.0,0.0,0.053781131111887405,0.18310701663536985,1.0,0.0,0.0,0.004408539551253735,0.004854664257346229,0.0,0.0,0.6937408258844229,0.13058995576240412,0.0,0.0,0.0,0.03789708255940358,0.0,0.7124681938095772,0.05500031612416764,0.11735591171469453,0.0,0.0,0.027816727641434138,0.0,0.8549253424449836,0.02385982471573752,0.009187169782302685,0.0,0.06769886542659558,0.017054761779792257,0.05766614776235569,0.6840011528079795,0.0,0.0,0.0,0.0,0.0,0.0,0.01326837173139121,0.020383542554733555,0.0,0.0,0.0,0.04809290898145642,0.0,0.0,7.0
0.03489861221034075,0.8430307359076429,0.04420742891398228,0.0,0.0,0.0,0.0,0.05991633226264388,0.025524842591265556,0.9739418473721538,0.0,0.0,0.050326325763773765,0.06514709960286927,0.0,0.004757440216776322,0.01821661068958291,0.7389010170308672,0.029886031541938314,0.017124783790915515,0.027190553062102968,0.0,1.0,0.04208746790718067,0.13860483247033012,0.8990934141395496,0.7618402239068779,0.9662049013448418,0.8634377940837688,0.9312342481376944,0.8009568677238514,0.17715437076203655,0.0383892267888937,0.0,0.1119102696647203,0.06225344465451532,0.08078669790226568,0.011644483704087438,0.8311132276965262,0.018968332112189346,0.0,0.0,0.01580041219981387,0.0035232963871035168,0.03733451315315112,0.003998145840152602,0.8643431289449384,0.06750012399802063,0.0,0.009161751168122003,0.0013688157144797397,0.03709708288964129,0.0,0.0,0.7125118247148488,0.0,0.01613044645267907,0.0,0.014595733627683145,0.00251552467793046,0.0,0.0,0.049718458820509466,0.0,4.0
0.0,0.995392424743877,0.013893871416595855,0.13478131482633088,0.0,0.22415391683039435,0.0,0.0,0.0,0.650413632216226,0.0,0.0,0.0,0.00983182053522516,0.0,0.0,0.0,0.85581112467205,0.04956499557772607,0.0,0.0,0.07460398699871164,0.8296441337421283,0.0,0.09663373322043577,0.891413106717901,0.8830368444706826,1.0,0.9234361433862806,1.0,0.734864993063958,0.05918296601878847,0.029252944750904477,0.0,0.05714811686962632,0.04407199351478305,0.0,0.004691891097354162,0.8346403392314083,0.0,0.0,3.1652775394306774e-05,0.008243511533205879,0.008229176375687415,0.07119456152772628,0.05151128165864413,0.9794518330760816,0.0,0.0,0.05146543912907963,0.0,0.0,0.12650424303589594,0.0,0.8100399168863721,0.041942151250513836,0.0,0.060909260708580264,0.11711978457685467,0.016668533900262128,0.042605005587702416,0.09389921981974644,0.04248808138180479,0.040250711079773446,4.0
0.00603734818083968,0.0,0.06387483917125211,0.0,0.030482043713246004,0.0,0.0,0.023878881358228733,0.0,0.03999932052174835,0.0,0.005577592253001565,0.0,0.020271187611328664,0.0,0.008386194656636517,0.08657102621766993,0.033930661667098724,0.8556922870024277,0.7241064006875262,0.7922439873660679,0.7780897575114065,0.06282539203582939,0.14719613293289652,0.03296773867800353,0.9692509603799784,0.0,0.003861297257387613,0.0010556302737677445,0.0,0.8496630360695062,0.0,0.021591792335141316,0.0,0.9486922616776969,0.9186346365029604,0.6470442040185761,0.7628846790347492,0.648523357289095,0.004967632528593276,0.014227323226360054,0.00715314048801192,0.0,0.0,0.006327305456122215,0.03700702876609313,0.7222730009269457,0.0,0.05125350135426259,0.018639110263032024,0.0,0.0,0.08723633531746895,0.06499998018298019,0.9320522917968143,0.04622887139561585,0.0,0.0,0.021725135639695803,0.057646204189349994,0.0,0.0004510372513991684,0.0,0.0,9.0
0.047626945099221024,0.0,0.08185289028820557,0.01499646891758507,0.0,0.07657280763897788,0.0,0.04723275252743673,0.020662577233685323,0.011181237175019537,0.028548629960852025,0.0,0.0,0.051391021829673894,0.1253140457141839,0.030131976238095822,0.03600412174154145,0.08553122747726695,1.0,0.7296615238439798,0.863145188598892,0.6507508919758476,0.0,0.06591936108809095,0.0,0.7296602607702437,0.0,0.0,0.052238181545631104,0.3761992159129398,0.914928585157776,0.0,0.0,0.005225130131273263,0.7144392048222901,1.0,0.7422220426998928,0.9150806517285567,0.999214981221455,0.021612692344713424,0.04071934756341458,0.006742144338466154,0.0,0.0,0.036743329634052524,0.0,1.0,0.0,0.027671212167531035,0.010475857530083692,0.03224648868771469,0.19936623702448966,0.00953433882801368,0.0,0.8517365855065613,0.0,0.0,0.0,0.0,0.0,0.0,0.0,0.0,0.03830457186495688,9.0
0.0,0.0,0.0,0.036008577895201475,0.16983572829438875,0.006196426846377214,0.0,0.022367914074923056,0.0,0.019918309102624588,0.0,0.046430836973273,0.0,0.0,0.0,0.0,0.04451090076684801,0.07144887940546879,0.7249314762814101,0.9072865092189555,0.9091071773304487,0.7474737287289945,0.0,0.0,0.0903501572068921,0.8370376434276252,0.015693012060854848,0.002332178996424013,0.03325416262768186,0.08278557709012463,0.8564989374731377,0.0,0.09547845367710787,0.8452617189645467,0.0,0.0,0.0,0.0,0.8576177992369245,0.0,0.0,0.9350459317658241,0.05949165191167658,0.15106421993578922,0.012484661479748445,0.0,0.9352197141464997,0.0,0.0,0.7527191736572452,0.0,0.0,0.013031275836887408,0.005022531941890353,0.7537991953757841,0.08566891499898696,0.04946680830997867,0.0,0.8152538523830078,1.0,0.9397873948214237,1.0,0.0,0.0,0.0
0.05501317299041604,0.0,0.04145603969691977,0.0,0.21142047573533645,0.001415267002777047,0.022072722396879685,0.0,0.0736831299585571,0.03677839955356685,0.013704478698821751,0.08521143826796697,0.0,0.10402443209815422,0.0,0.021425790361154926,0.0,0.08195154753477517,0.8565426958209955,0.6337169001336683,0.8565278334760907,0.7811759677105394,0.0,0.0,0.02314551669493092,0.8669266402180033,0.06517840898954723,0.04117897588448524,0.0,0.0,0.9007550235019072,0.0,0.030005029268539526,0.0,0.8321291357745946,1.0,0.9541791966050349,0.921283378441949,0.0,0.0,0.0,0.690903759998618,0.018774469922373464,0.028277124036812942,0.011297036196838818,0.0,0.8753525099353463,0.0,0.003150388642681643,0.8689385055408723,0.02556046059277056,0.08310726671392878,0.0,0.0,0.9664242829943893,0.09122822741970599,0.010384699287630833,0.12581546333566532,0.9854934458025786,0.6698418715052361,0.7589547216598614,0.8320709037588314,0.08091823627184669,0.02601796177218691,8.0
0.024599261158113034,0.8032685461087585,1.0,0.9268520213057724,0.8793470883302055,0.8951151283940564,0.8564432726336748,0.04390809528428566,0.1117169094363833,0.024094064443321753,0.05337714343747163,0.0,0.0,0.0,0.9128859269370626,0.011064626242344954,0.0,0.020005977175331875,0.03343011947174773,0.010591426027399056,0.0,0.8350113094529569,0.0,0.0,0.02763207528668414,0.0,0.025029339423597332,0.2863615267663639,0.9980430168144094,0.07384689804617575,0.02244113823553161,0.0,0.0,0.0,0.0,0.9346838998945064,0.07362301362239641,0.014267129925003012,0.0,0.17362502969238375,0.017696504014327027,0.0,1.0,0.07388629409807349,0.0,0.03316384315228766,0.01692692122825309,0.05380914150951423,0.0,0.9577542842547114,0.0,0.0335892567051966,0.04998579825811829,0.0001633816293438496,0.0,0.015255361229961992,0.004116365064734679,0.055798614541201955,0.01161501080151943,0.0,0.0,0.025515630491771787,0.0,0.0,7.0
0.0054057935002840805,0.0,0.0657572387623687,0.0,0.0,0.00315642011055308,0.0,0.0,0.024158123720418628,0.0,0.012090896529169615,0.0,0.0,0.0,0.0190431035271301,0.0,0.0,0.019127277129394174,0.6354957358291415,1.0,0.9266612390147456,1.0,0.023313304661877005,0.008844964200512387,0.0,0.7153277230883315,0.04886744140803292,0.14045815601479955,0.04704493635622895,0.01863807328574239,0.7322132762039082,0.0,0.04507377223148237,0.07154987219625428,0.7901483022537406,0.7814604995946031,0.6807431654592379,0.9743439984761013,0.6849271792253335,0.032506493465116665,0.038314550084883034,0.027062777099546954,0.026384706429277677,0.0,0.03651467576234994,0.025551286996278396,1.0,0.031547579191356145,0.013662554706957517,0.01385695320238361,0.11635758862419632,0.006473530441614978,0.08258192225147647,0.0,0.6853351398480646,0.0,0.0,0.009173081997492394,0.06474922259811891,0.016963954560117164,0.0,0.001252118702298782,0.0,4.5860905034960865e-05,9.0
0.023097664794477616,0.8535251131447397,0.009753491613131658,0.09662297123819114,0.1367317335320265,0.03616112838446804,0.028211312932771987,0.0,0.0014686777651759953,0.6609710068806628,0.0678433263812802,0.021149101912924892,0.006002507988554832,0.0,0.0,0.0,0.028546950562045,0.9194814985642707,0.007504991366916932,0.032566968078004424,0.10211512271486557,0.0,0.7025984985691336,0.013849371590159448,0.0,0.7825050321221029,0.6789411120571075,0.8948218355540553,0.802276653559383,0.7923905329285292,0.9894922443780961,0.0578682124355049,0.030304212960240648,0.0,0.023914878099522852,0.049373283601410814,0.034154038577750165,0.0,0.8725764748331476,0.03564079545635189,0.11519467125475989,0.09281889457642573,0.03667371511243248,0.014965438395083014,0.09624216770077643,0.009658932373113976,0.8395134950092193,0.08272292470198575,0.02100657762271385,0.003477534830793501,0.0,0.11202745662353562,0.0,0.0,0.7617347073462298,0.028972456007000644,0.0,0.0,0.04525117064747619,0.0,0.0,0.09882685279760328,0.012752517535759431,0.0,4.0
0.04509836440428246,0.0,0.09501231357844185,0.0,0.0,0.07088009064815762,0.0,0.0,0.006189040405333347,0.025063722264496754,0.0723894270088458,0.0352585049762655,0.0,0.0,0.0,0.0,0.06004326999485306,0.014466581817012296,0.8264057524855016,0.9181671638725607,0.9340745927912304,0.8452985447671475,0.0,0.0784690701995889,0.0,0.9343444161166842,0.05275141665472725,0.0,0.0,0.07160305872102939,0.8746557233812576,0.0,0.0,0.07931360934313682,0.8772753522449359,0.8468852230741231,0.860195373541487,1.0,0.748297450028404,0.0,0.08171562700139501,0.0,0.0,0.0,0.0,0.015066815491797914,0.8831179403466144,0.0,0.0,0.0825750012293395,0.0,0.030820277639376066,0.040675947999771145,0.0005756145940770911,0.737839594695799,0.02920178828600589,0.0,0.0,0.20284026085536583,0.0436245258203119,0.02961798568453925,0.0,0.014760329578193166,0.014398535715223494,9.0
0.0324858028002464,0.09366721068202305,0.0,0.0,0.05608498282629544,0.033113347432880066,0.0,0.3043406674231146,0.0006103800769405491,0.034582380178126725,1.0,0.8454836850755877,0.9086931535330542,0.8458051367382962,0.0,0.023168097741833885,0.0,0.043075191517923224,0.0,0.0,0.09640939613247934,0.0,0.8088399117783676,0.0,0.019798448492833114,0.026238341771282404,0.0,0.0,0.0,0.9876775153950952,0.021001642634453282,0.020140962278163952,0.0,0.04501171995022296,0.03344636985701192,0.0,0.8250465561146456,0.0,0.060536760035603765,0.007835199750463573,0.023972791479196332,0.0,0.06113637296510058,1.0,0.0,0.057641525648543634,0.03392476587419247,0.050581397471231464,0.0,0.005026622938377348,0.8434408401007676,0.9946239269362579,1.0,0.8479342132488437,0.9192907183563269,0.0,0.020749829935599286,0.0,0.0,0.0,0.06792904737673316,0.11569055678907743,0.03633053596196471,0.07270405367762671,2.0
0.0,0.0,0.0036556360227226244,0.0,0.051682543528530404,0.06088401726370888,0.0,0.08501716682843352,0.0,0.0,0.8389667847269923,0.9911314068592433,0.9136310599499405,0.7456503577611968,0.0,0.014327795279955667,0.0,0.0,0.862668188332505,0.035018157969964464,0.0,0.020049840270760372,0.0,0.01287738738561607,0.08137054944167149,0.0,0.9793156834145073,0.7650122004890193,0.778143579977291,0.812889675004973,0.0,0.0,0.06067337528762032,0.0,0.0,0.0,0.0,0.030444628585493218,0.8522896515476958,0.06777983334855768,0.0,0.00048335200688173497,0.02858506929596258,0.0,0.0713217891894824,0.0,0.8955749533766973,0.015658036559863014,0.04177524292795342,0.0,0.9798831137323661,0.9426956753849381,0.7881802707328378,0.9145608529562768,0.0,0.03725286564798936,0.0,0.113758508633649,0.07853628272460528,0.0016708567527672252,0.0,0.004017478509251414,0.05049549535952106,0.06774452596766993,5.0
0.029820553078815752,0.0,0.03685747105982989,0.0,0.02319246616062312,0.0666300013141679,0.0,0.0,0.0,0.0,0.7611047146600779,0.9425367275643062,0.7855564494502759,0.7454436385253819,0.0,0.006888905404597805,0.057469039378946075,0.0,0.0,0.06808085366820087,0.0,0.0,0.8141651468734253,0.036952769621849506,0.0,0.01889075991686554,0.07199856517742323,0.0,0.7210765176369875,0.9493631086707536,0.7863664229310174,0.04192311905039771,0.0,0.0,0.040461636426646325,0.0052879545748331655,0.0,0.0009718657969117495,1.0,0.0,0.0,0.16210263023499064,0.0,0.0,0.0,0.015396676671217661,0.7207298556464402,0.0,0.0,0.05407839921368655,0.7503583261955176,0.7911201919047963,0.7986630298271514,0.892566588751196,0.0,0.0,0.0,0.006168724869074726,0.061941732182101576,0.004287609978627522,0.03256694889640229,0.0,0.0024054261809231337,0.0,3.0
0.004820751607842775,0.8844855340255615,1.0,0.7522479412372971,0.9049262168894224,1.0,0.9192392455319852,0.05211381394295505,0.0,0.14253312027316842,0.0427688553394798,0.019295408971843064,0.0,0.08586298961020883,0.9489756311685096,0.13491964490364036,0.03518562074556971,0.0,0.02508912211432159,0.050557311447976254,0.09610433328922369,1.0,0.0,0.0,0.0,0.0,0.0,0.0,0.6965413860358807,0.014754802950240068,0.057269345852237724,0.0,0.05926086695993354,0.0,0.0,0.6790847996348279,0.0,0.0,0.0,0.040004404146898646,0.033650034752639,0.0,0.8467375609771748,0.0,0.05675139283564354,0.06458477811966754,0.0,0.0,0.17338061680955033,0.8431413472391555,0.0,0.0,0.0,0.005100218649550087,0.074506221810634,0.02783530877914797,0.04892359445425196,0.0,0.0,0.0,0.0,0.0,0.0,0.08833289593120985,7.0
0.0,0.0,0.08708530792141127,0.09066369519052231,0.0,0.0,0.00881654221283937,0.011815679077405872,0.0,0.05527638034746797,0.7289514196097793,0.9399094707224616,0.8498742637557174,0.9660635439723312,0.03179704152285476,0.030744530239375453,0.0,0.00473268997950603,0.8107652705573712,0.0,0.013508843465838494,0.019622569626369574,0.014931667760348025,0.1545237293193807,0.03849531272449816,0.01394025327663459,0.9505426059535478,0.7687723953531459,0.9277018878095682,0.6832726805345342,0.0,0.0,0.0,0.042152090943525844,0.15802464580731485,0.0007107853243147599,0.022005808820016754,0.0,0.7427871303706954,0.020501885044065117,0.23742083996036323,0.0,0.0,0.0,0.0,0.054764811022489396,0.9364223623305068,0.0,0.06645299996707454,0.0040104998668484765,1.0,0.6445674159397607,0.828048906983482,0.9120253993952769,0.0,0.013177555934573494,0.017309579870435153,0.0,0.0,0.0,0.022005209068009745,0.005393068733699636,0.0,0.0,5.0
0.0,0.036432764899182596,0.0,0.6988190680788352,0.0,0.05912136723621741,0.00048088946913303165,0.09013453121151557,0.0,0.0,0.02465256159062335,0.8378018112882532,0.0,0.2780053747741034,0.04765430930968837,0.0,0.0,0.0,0.004559049757094389,0.8616815353745275,0.07348498129625314,0.004703909996573718,0.029229422512572184,0.0,0.03732504656027877,0.067335519428026,0.0,0.77775456893254,0.0,0.0,0.04084904774272155,0.0,0.0,0.06221222850873616,0.0,0.901129002006945,0.058727499731199756,0.0022730725064024457,0.112349389221807,0.0,0.024734555927318096,0.2806478636565218,0.012497791439083084,0.8255798193351552,0.03551099895119902,0.027287544176867212,0.0378146317124288,0.0003258215631557792,0.03251858190098352,0.0,0.0,0.8665903078622852,0.1872802893011841,0.055129660084341864,0.03201655252510915,0.0,0.0,0.0,0.0,0.8193176890797076,0.0438623828620944,0.0,0.04324690475139076,0.07857381085009295,1.0
0.0260428161611674,0.691806452509854,0.8566472837215428,0.9464864467145486,0.9829716878508554,0.7024908689990735,0.9174517698924043,0.030364713692996554,0.0029010873849070863,0.0,0.0,0.0,0.04056577685446361,0.0,0.8994370737681328,0.0,0.03346602707550682,0.0,0.1175175490818285,0.0,0.0,0.8377326149092732,0.0,0.0,0.0010885893046125807,0.0,0.003071444260435512,0.0,0.973772952138099,0.0,0.0,0.017147246564465448,0.08601418067431502,0.03890602307594067,0.005970719102298173,0.8185527975879585,0.01212238149605475,0.0,0.032742781221017966,0.0,0.0,0.0,1.0,0.11732712178374405,0.0,0.02837063402381916,0.0,0.0,0.005560232713693165,0.8739246381082104,0.0,0.0,0.0,0.0013403678215197278,0.0,0.02817891443638672,0.021436372292241088,0.0183035934345162,0.09568019222810978,0.0,0.011659684196598961,0.004599561366607652,0.0,0.02593713867035882,7.0
0.0,0.024172087304382344,0.037432690726806016,0.0,0.0,0.027742103389595974,0.07069481382396488,0.04206532601271076,0.06638726076198076,0.03026807341381606,0.0,0.009986991268931385,0.0,0.0,0.0,0.0,0.042425290821430345,0.0014819976272329714,0.9780793226522008,0.8193188158526723,0.8487450793523934,0.837284030984736,0.0,0.06460205358476653,0.0,0.7390386461011852,0.0,0.040938150726170956,0.007570278229787258,0.04096253407660156,0.07036452887372047,0.0,0.03763503218772094,0.99391683401553,0.7840377526453104,0.8950559523231101,0.9991437587986514,1.0,0.003999313792982619,0.0,0.010978764108615695,0.8988659906937592,0.06702379338639947,0.0,0.03533211115412819,0.0,0.6871506837261244,0.032368985006615135,0.13574190558338103,0.8936625361507914,0.0,0.0,0.0,0.0,0.7761230280974426,0.0,0.2842929363558662,0.0,0.8494138059131485,0.7397679167445171,0.6843785232909281,0.8726992355375326,0.0,0.0782218405082352,6.0
0.20463004677332475,0.0,0.030773379093255372,0.1244998972492467,0.0,0.0,0.0,0.013312953842835904,0.0,0.0,0.0,0.0,0.0,0.09483020790939053,0.003543712440208708,0.0,0.1339473259725217,0.0,0.8424889553566363,0.8297921387333286,0.9866181019007799,0.8104800830176146,0.012334218068136872,0.028428835960833176,0.05255003287059892,0.7510913699858542,0.0,0.0,0.0,0.04576753847569327,0.8182864873871545,0.0,0.0,0.0,0.6920392779342264,0.8163070962897112,0.7046339304139628,0.9741479587421722,0.8874347736163615,0.05054155306866692,0.0,0.0,0.021329367807490174,0.0,0.012451722517904308,0.0,0.7268489963810226,0.0,0.10949683722714945,0.0,0.02696691753692769,0.0,0.11048768597324672,0.0,0.7222120773939521,0.052389577526678666,0.008759557708997322,0.0,0.011420632614011848,0.05087176863108886,0.0,0.0,0.027532438884666208,0.0,9.0
0.09828496956056967,0.6249019623568387,0.0,0.0,0.021430488313341184,0.09479550650432972,0.0,0.0,0.02704492962634694,0.8274388686117383,0.014611425193816724,0.0017614437453596318,0.0,0.0,0.01376338206728304,0.0,0.07559377499666031,0.7511894087138968,0.0,0.02027379832293868,0.003248629330731237,0.0,0.8918454203700323,0.0052857522522253685,0.0257511985211823,0.9624572299859209,0.7810640716959204,0.9399993775680858,0.8808903308165009,0.7126915453687495,0.6961383594046145,0.008563417740525117,0.24202165536437026,0.06634704163404746,0.04588190748825373,0.08102295672762479,0.025081988818262003,0.0,0.7056699324576752,0.07703723518693947,0.0009663166754582402,0.04547174751097058,0.0,0.0,0.0,0.0,0.8733891435662248,0.0,0.0999519303106487,0.24453847044586188,0.0,0.0,0.0,0.0,0.9126703235520506,0.04124160351588349,0.1506613670602195,0.0,0.0,0.018135959642670736,0.0,0.032672340340007766,0.09868473756778928,0.05663598625333116,4.0
0.019776780395275792,0.018068167012251786,0.04978569229563763,0.0020152823134658537,0.0946923006629317,0.06135684613537206,0.0,0.0,0.279806850391884,0.03904685194199148,1.0,0.9648730022368245,0.7785246058901757,0.7900162798121233,0.0,0.017820530900011577,0.0,0.0,0.04014134146716489,0.0,0.0,0.0,0.747848574180174,0.0,0.0,0.0,0.0,0.02518929754453242,0.0,0.9937514672562717,0.020214908034873857,0.011039143835593124,0.05057779168796265,0.0,0.0,0.0,0.9863843096171717,0.0,0.08927390880747843,0.04231816617531581,0.0,0.0,0.0,0.9400439570751041,0.006119323866086649,0.0,0.026798616483258014,0.0613980527190269,0.0,0.0,0.7414637770880628,0.9353717158102927,0.9225687765042454,0.8274746544531719,0.7635337528942447,0.03131506591287588,0.043821720039809386,0.0,0.0,0.0,0.019476629354022033,0.0,0.0,0.02354183999529298,2.0
0.0,0.028035900369893847,0.0,0.7279526165739476,0.0020930346794448,0.0,0.0,0.05325655266254395,0.02671176429079751,0.05791837354504245,0.021720044481083677,0.9882766411409675,0.0,0.0,0.0,0.038382817102679684,0.023007839376586348,0.0,0.017314453163414605,1.0,0.03471249087884331,0.0801100495568172,0.08931520152634535,0.0,0.0533814568764371,0.14226030863902112,0.07597786710597253,0.8962618356928678,0.14287568848679696,0.0808825939054866,0.009043116396331858,0.013869380865070195,0.004697016985474507,0.0,0.0,0.7630730265960008,0.02250834733784977,0.0,0.0,0.0,0.018974602496885425,0.0,0.05878637265279102,1.0,0.1352318622586062,0.015521868936561385,0.0,0.011965306152200114,0.10180818790807489,0.0,0.02014064082013802,1.0,0.04350315171732215,0.0,0.03459236984813883,0.0425322085264232,0.0110822868439521,0.0,0.00869567574273137,1.0,0.031816487987635304,0.0,0.0,0.01700771008623665,1.0
0.02573615087167765,0.8798067344926206,0.7307349970176474,0.8841490029373885,0.74731476610244,0.7668369058028399,0.7987991774439144,0.0,0.002121800877812074,0.019731878488226547,0.21261362015412916,0.07952842852464616,0.0,0.0,0.754488675943501,0.03928938943377213,0.033278715459594065,0.008343584072487443,0.024103227230826176,0.0,0.031651250424287625,0.8116483392748389,0.0,0.026658155511127775,0.009816577090357988,0.3076007526659727,0.0,0.10720251713023497,0.9114654587331984,0.0,0.0,0.0,0.0036612448850633587,0.08419517560399994,0.052077484976071856,0.775116543441445,0.0,0.03996913488539716,0.0,0.0,0.0,0.0,0.7102026894002786,0.23219279233414591,0.02776334563469453,0.08636438552846895,0.03284047220130953,0.009883839015830643,0.0,0.6881891581917281,0.0,0.027715219097523947,0.004537644337253761,0.0,0.0,0.0,0.003362944962640195,0.014536101036875455,0.0,0.0,0.0,0.07923397407185274,0.0,0.05526161168177793,7.0
0.0,0.0,0.08000011896217595,0.0,0.028211067880269433,0.07455545351218659,0.057747152724957874,0.06576552464988557,0.0944069182964403,0.0,0.04317995938678177,0.0,0.054255617079351476,0.0024268678661317966,0.043050672085251415,0.1035343903098879,0.0046374357508823915,0.0,0.959130234183794,0.7371579691797638,0.6717358767848152,0.8457579277905981,0.032290788068255735,0.0,0.2249166204982538,0.9959913478585377,0.046888606847443504,0.0223808576305896,0.006065089221189364,0.033479286917472,0.0371117365262091,0.054337244662772455,0.0,0.7527371935949134,0.8992904947302848,0.7818216659289929,0.6838166118898185,0.9695001643700017,0.08689145586270235,0.0,0.005028810962453061,0.7572371937518058,0.0,0.0,0.019792002469290755,0.10144138265279903,0.760794738309375,0.01033561064569638,0.04605571483190184,1.0,0.011075149889653897,0.0747262106658578,0.08891811077162838,0.0,0.6969273772559008,0.0,0.0,0.005056620306257316,0.8201305889719908,0.9175469866967132,0.9939769819606676,1.0,0.0,0.023401981727842216,6.0
0.0,0.1173815309611328,0.0294439548443971,0.0934184344838041,0.013266951707793614,0.07888791790602406,0.0,0.06754028578306351,0.044195101725749766,0.0,0.8573975157261967,0.8651446756574481,0.8781977812992893,0.9357411607864741,0.0,0.016802035346414983,0.0,0.0,0.0,0.0,0.0,0.04228597425392495,0.7434925074793404,0.25228523067287745,0.0,0.0747839930361049,0.05634150307096047,0.02618513565250193,0.0,0.8650401193514027,0.035364837348279186,0.0,0.0,0.0,0.1375526272513306,0.07098999721999631,0.9343144735213971,0.019226170067644453,0.0,0.0,0.0,0.0,0.0,0.9586586268424225,0.012624376287619442,0.03791261455889852,0.04113078469874499,0.0,0.0,0.0038456129862834637,1.0,0.9171049558666897,0.9556579475117268,0.9294323894752464,0.6879970300170654,0.0,0.0009107255627403779,0.03994253690578045,0.0,0.0,0.0,0.026164076482505516,0.0,0.0,2.0
0.0,0.010859320787609657,0.04672755030560172,0.06983122824528178,0.009447263008566891,0.0,0.06445455872819515,0.00928321945480268,0.0,0.0,0.0,0.0,0.0,0.0,0.0,0.04375400019996759,0.029981328033908718,0.06750231509715614,0.8366604748853304,0.7087970092138888,0.78990319969525,0.8053032465073614,0.0,0.07522986497783547,0.04218346665944228,0.955358510238408,0.0,0.0017420805747670122,0.05651525488669023,0.05538669724851843,0.022598796111406333,0.01842265022790905,0.0,1.0,0.9390742692466485,0.8739563651515935,0.6962760939241301,0.6199317965441795,0.0,0.050678170556807095,0.016409750889584684,0.7921520313849667,0.0,0.016940292322539918,0.0,0.0,0.7237905894361865,0.0,0.059689427885621905,0.8117693193702291,0.06493407365579915,0.0,0.0,0.02581066279214106,0.7826533399441201,0.0,0.0,0.034567706740618584,0.9060523644650188,0.8579246370713448,0.8912972372839151,0.6873322227752872,0.0,0.0,6.0
0.045080734181353645,0.00580600921459384,0.009798080188473206,0.02015708621498248,0.0,0.0,0.0,0.0,0.0,0.042173738055826165,0.7878234779942231,0.8250437533614668,0.8305750490258483,0.6889101769268363,0.09214380913136722,0.0,0.0,0.028281971340004243,0.7912251484900367,0.05006814915778445,0.051823396063482,0.05523060002162952,0.0,0.015020296493899821,0.0,0.004272839093506708,0.8457481639976845,0.7502157437628251,0.9542533268255784,0.6986104547741456,0.0,0.11144813465188831,0.04593504234969868,0.03732468703314889,0.0,0.0,0.02747973349369759,0.06585658011864225,0.8537321119764376,0.0,0.003909321835491432,0.12036605635395248,0.043304224924212716,0.0,0.0,0.0,0.8378024487472384,0.05679898641806937,0.026152760021925254,0.091745567007972,0.7487732222882936,0.9367695260040085,0.6529439269429212,0.7589695776592659,0.010856755260585424,0.05344203051801935,0.0,0.0,0.0,0.11677700576344764,0.014435781728638129,0.05719969063821513,0.0,0.0,5.0
0.021088322994292884,0.013455668740658379,0.0,0.0730438661134693,0.0,0.0,0.013078854752853312,0.0,0.036760810844027,0.01452850232158633,0.0,0.0,0.0,0.10644909472414918,0.2782624433636891,0.04298667852148503,0.0,0.04488718512946196,0.815601231800259,1.0,0.9486217820331245,0.8077418659903067,0.0,0.0,0.09545076721208053,0.8593090635580349,0.0,0.06726258899574312,0.0,0.0027250297587810978,0.6958973876694892,0.0,0.0862791235022328,0.03677528349464618,0.8608167353119928,0.7238669586498185,0.951398313148016,0.8457700324779953,0.7349757401347689,0.0,0.0,0.02842373852657197,0.0,0.006032914712039261,0.05105908900813216,0.0,0.9989870211571252,0.0,0.0,0.008541096341574536,0.0,0.07929547560972819,0.06832550000666653,0.0,0.6878860771048223,0.0,0.0,0.0,0.0,0.0,0.036808723964358366,0.0791601917744833,0.0,0.002034859558081926,9.0
0.0,1.0,0.8625386772182967,0.7001889976928521,0.9539776995631266,0.6815424758183619,0.7227409633334623,0.02561148045559207,0.0,0.06499870518092545,0.007885265008117726,0.0,0.0,0.09435655070383031,0.8479568519350094,0.0,0.04554583629788621,0.09517816709768784,0.045997377580788076,0.0367203622063069,0.09840248307544572,0.7101892365553727,0.00516944198975327,0.0,0.0,0.0,0.11472702509585436,0.0,0.8202279390948094,0.0,0.0,0.13765680409014106,0.0,0.006355632529403881,0.027935261867784295,0.7781568587199568,0.029005473867872052,0.0,0.058803441403379925,0.0,0.014043605338412965,0.0,0.7928506807448759,0.04501643030179792,0.047163840290866524,0.0,0.08449893243268056,0.008044240783337745,0.05241319779851773,0.9023453076399024,0.0,0.023826064309344502,0.23494097544413844,0.05381539028803646,0.0,0.0,0.07620562051656021,0.0,0.0,0.0,0.0,0.0,0.020852570863166886,0.0,7.0
0.0,0.9922977224369028,0.8573979237331792,0.981720711620701,0.8783554429144278,0.6615189047561717,0.857625156200457,0.06701113077092921,0.0,0.07776610236809922,0.02102689933648498,0.0,0.01653204764825844,0.13322108559376214,1.0,0.053431879794681884,0.014952705629067886,0.07925411745440863,0.028364186480167832,0.025348565975609985,0.03119483621197345,0.6798913106974954,0.09025078719566937,0.0,0.06469206316498961,0.0,0.07773458011977145,0.0,0.759152139553829,0.0,0.0,0.019783585367835338,0.0,0.02299202287368245,0.04253630660382807,0.9227557095528257,0.0,0.01561926266140695,0.03004693104077329,0.005965735011121005,0.0,0.01689916949565707,0.8839134555456263,0.0,0.021430428985716454,0.011735185559158456,0.13343312024436652,0.0,0.0,0.7580589760023403,0.0,0.0,0.10808415980961217,0.04876215182055339,0.0,0.018792868368100332,0.006072935416410237,0.04734268861702976,0.05891319771622572,0.039149309431715615,0.05176403610741405,0.10264105775909778,0.012018000563412942,0.0,7.0
0.0,0.0035646023547346094,0.31472335815606933,0.8704571100592514,0.02054030313751171,0.007721279104157593,0.0010197826470491119,0.08685323195430451,0.0,0.01785259327176335,0.0,0.7982593482644537,0.0,0.011817172065591188,0.0,0.062191948866715266,0.18777047160714547,0.01933636146451906,0.0014227756139736348,0.8314631036241902,0.0304376003330401,0.016717595813665234,0.012338326521205378,0.017600956932592563,0.08511012284159335,0.0,0.0578090445926721,0.8194580939296596,0.08744856332991356,0.0039743114828026125,0.0,0.0,0.0,0.0,0.01815017409479968,0.9137073739949887,0.013633438185241015,0.0,0.040667195553958896,0.08263323071863207,0.0,0.11325787383762614,0.05738934894631079,0.7665501244896659,0.06543745720167704,0.05948634524832552,0.0,0.0,0.03472977441182449,0.027791856940216256,0.0015578706769588469,0.7708277896548358,0.01746838475632245,0.03269955285497967,0.06581423609619452,0.014093781736988784,0.0,0.04306283426719836,0.0,0.9571981104812519,0.01658506790318533,0.04591261371100122,0.0029332058997734167,0.01914966904851429,1.0
0.0,0.023991939643211717,0.0,0.0,0.0,0.0,0.004751439911972719,0.0,0.0,0.10953006597996087,0.9641512418840643,1.0,0.8240198118931419,1.0,0.0,0.0,0.07064447976230086,0.0,0.043047584770569074,0.1766504875429906,0.014748627404478205,0.0011633773356355174,0.8499520697762287,0.0,0.062580123418769,0.04486114433627079,0.06704462222155501,0.09927240355264633,0.9868737913909195,0.689980437646529,0.9259136722059764,0.03677249094974414,0.0,0.0,0.0,0.20098913570955657,0.0005717617794488969,0.0,0.855792073032908,0.02572659551646858,0.08134164424108406,0.05389871207896958,0.029769936084254264,0.0,0.023695875333732415,0.06255337678277312,0.9744846729478189,0.0,0.0,0.04195877270075544,0.7082800386093439,0.9182385800074452,0.7746979981851618,0.8911571718943327,0.0,0.047078745961613454,0.020389447898932184,0.03453694174939355,0.0,0.0,0.0,0.0,0.0,0.0,3.0
0.0,0.0,0.0,0.0,0.0,0.02149410920654752,0.01916292190805439,0.0,0.0,0.0,0.3757098770544526,0.0,0.1568946201951127,0.007026087785945375,0.0,0.0,0.0,0.0,1.0,0.851580694492337,0.9913889834387263,0.6734590892721913,0.0,0.035353283600449203,0.0,0.920655373754634,0.09761053372321588,0.0,0.0,0.0,0.0,0.0,0.1437698610825094,0.9308223597631313,1.0,0.8625340046037124,0.7529250438904938,0.9561682368024077,0.0,0.0,0.0,0.9015019934505633,0.029494789769288238,0.005283932972673889,0.0,0.049733830756780666,0.8597611403615123,0.04386962262765584,0.0,0.8591957574858102,0.042412981209256156,0.0373720590654253,0.0,0.0,0.8705365512178145,0.0,0.0,0.0,0.7331192085509877,0.6894501417342251,0.8359977037988586,1.0,0.0,0.0019544171794394945,6.0
0.0,0.045018624474996556,0.03216150837947073,0.0,0.018726437402381464,0.017603481925432984,0.0,0.0,0.0,0.0,0.0,0.052404669651321095,0.0,0.07168052383115303,0.07909553404661183,0.0,0.0,0.0,0.7088315146530288,0.7238788943841103,0.7290111456614262,1.0,0.0,0.0,0.04613765105931291,0.7709478046992423,0.06321185574440555,0.0,0.06283878753887993,0.0,0.8988830802416324,0.0,0.027436617320686797,0.0,0.7320441517241728,0.7929584725256621,1.0,0.7863199453027562,0.0,0.0,0.0,0.977092841870854,0.05684582520279533,0.0,0.10148207790246276,0.0,0.9371262728672763,0.0,0.0,1.0,0.0,0.0,0.0,0.0,0.7901612442699121,0.020594965517851827,0.0,0.05372404827069499,0.7907378448185463,0.8009634402180312,0.7911180525998031,0.9566822905524653,0.0,0.0,8.0
0.004163512870961357,0.021631505520838035,0.0,0.0,0.10159936096723254,0.033626285206851174,0.0,0.0,0.001808819761241342,0.05635049279002411,0.775421608643148,0.7230015264690866,0.7133201317722873,0.8415269243124214,0.0,0.03828934570489332,0.03885463039624962,0.0,0.0,0.05386023510614979,0.028194415524041134,0.0,0.8085257161738674,0.18729952889011697,0.0845914936889065,0.027844722955213674,0.06350998869539055,0.0,0.020893178705425276,0.8652334704514664,0.03713674944199293,0.0,0.0,0.0,0.0011295883548525214,0.02907216503294099,0.9847936699875962,0.0,0.066990086382253,0.06573288845461016,0.02125362716192034,0.0,0.0,0.6880463300581147,0.0,0.04035797905817439,0.16312462502597247,0.0,0.0,0.0,0.6870215415851902,0.9628878296044358,1.0,0.8745443689257176,0.779987727798601,0.021061725000289078,0.11262150664589508,0.0,0.017272865758611967,0.0,0.04469356452561359,0.05072736547668549,0.0,0.0,2.0
0.0,0.004350569387915627,0.0,0.0037484518488397883,0.251621707578919,0.04133312371455459,0.05543144431029946,0.044333588231125376,0.00987888404352917,0.0,0.0,0.10961933284236812,0.07166618179776456,0.0,0.0,0.1018302255505143,0.0,0.03191248917625993,0.8581306014089656,0.9364461568500726,1.0,0.763192861859799,0.08234172196506077,0.0,0.0679843110388822,0.993343714952879,0.011184268719282554,0.0,0.0687683572997491,0.0,0.7277899702649824,0.0,0.0,0.7148623116177347,0.07387326603065955,0.0,0.0045350961094569936,0.0,0.7022833250242042,0.0,0.05427649513319174,0.8857965873811063,0.0,0.0,0.015780521253194367,0.014336636706658357,0.7402966348222823,0.007678442863749061,0.005167035745132838,0.9750894011706862,0.0,0.049101963001169806,0.007654151709906156,0.0,0.8495144050748649,0.014239195694223104,0.0,0.0,0.8027763759739397,0.9607575748575903,0.9312205544030231,0.8261778071872979,0.0,0.01607436778053515,0.0
0.1553332517761787,0.0,0.0,0.0,0.0,0.056691435574983844,0.0,0.0010562898564991294,0.01771594570643744,0.06653214302618814,0.9268113167585137,0.8995280025050885,0.6746573597202715,0.7701645779892762,0.0,0.0167491916327179,0.02653200254921305,0.030634304052740424,0.0,0.0,0.03751695459228956,0.15315866217742133,0.7321334736644051,0.09771790347551318,0.03192406481906133,0.0,0.13275604348349418,0.0,0.022927096261275776,0.744435611763987,0.0,0.0033295421310073764,0.030001980348436565,0.0,0.0,0.0027936309211514776,0.831308414587512,0.0,0.0,0.0,0.0,0.0,0.03435726668610483,0.8829584165902294,0.02624971976712075,0.0,0.02350216426147865,0.010165565075284828,0.08211258031288311,0.0,0.8369609455403795,0.7340533499820978,0.9711247190258477,0.7492654724392083,0.8444185653988092,0.0,0.0,0.027770578073022318,0.06853480840775397,0.0,0.04748705097105806,0.040438485890604316,0.0002332004622619952,0.01754322362333306,2.0
0.0,0.15755415617841992,0.0,0.22715664994850632,0.0,0.06701323857683267,0.0281844559189718,0.0,0.0,0.2621517321050351,0.03357654057498291,0.006765415986087072,0.0,0.07330946097397666,0.0,0.0,0.0,0.025431976399535313,0.9625003051308973,0.739946888926566,0.9537701010461956,0.866865049200292,0.0,0.01642334954428065,0.016839646114263612,0.7842868484729013,0.0,0.02632604745365677,0.0063278533615843185,0.02125814973785727,0.8266699537374377,0.0,0.044924221195941375,0.0,0.7594879499668743,0.9033472826962721,0.7503854904818785,0.8493354044256466,0.7500241675200032,0.0,0.01831048829767491,0.022922946401823588,0.0485665411736475,0.012792584260618363,0.08868779020451506,0.017708340636609112,0.7859492774786833,0.0,0.04649666947225493,0.003924157761544459,0.06395026832079234,0.0,0.034956243424593546,0.08115934780119477,0.7795569657546136,0.05267885066163846,0.007367109687325116,0.06972755638882328,0.04668898917309952,0.0,0.0,0.006585211394353698,0.0,0.020938070291696007,9.0
0.0,0.0,0.0,0.0,0.0,0.07238936403004961,0.0,0.0,0.0,0.0,0.0,0.07387937258773317,0.004571665022850096,0.0,0.0,0.02596851087605422,0.04651574554337151,0.0923253173717933,0.9482830508200896,0.8171810949145737,0.8741598506297484,0.9916397193519764,0.017592116984557163,0.0,0.0,0.913333196465012,0.03279905563903174,0.0,0.005033603764409593,0.0,0.8092465681601464,0.0,0.0,0.09296528767385152,0.9013754801295302,0.8090595576897618,0.8202066349065646,1.0,0.7118984924986453,0.0,0.012748287277760569,0.061491371815600285,0.014713107530832482,0.01858124600026199,0.1737531940237399,0.0,0.9823244361528075,0.04506593591656101,0.0,0.0,0.020892656547415386,0.007313183827191785,0.06460283173244681,0.0,0.8067938679840179,0.028603643360340936,0.06016370041023392,0.10200763989507436,0.009529768664856103,0.0,0.0,0.0,0.0,0.0,9.0
0.014164597865378206,0.0,0.11485772368934295,0.06899910272951082,0.0031377128997720593,0.0,0.0,0.0,0.015410280060790434,0.006119946328853333,0.033206495970857994,0.03553696758116096,0.0,0.0,0.0,0.021226897478563996,0.0,0.020668084904239978,0.6673920562566144,1.0,0.8376800920227606,0.8414392425590077,0.03367113675700402,0.024790832811375518,0.0,0.8864054956158477,0.03098447403279364,0.05696401907736133,0.0,0.04265425654620436,0.7987588816075311,0.0,0.0,0.04176128374958902,0.804283036566202,0.7575697246434342,0.8130868636268076,0.8720568821963999,0.0,0.0,0.011508252779167349,1.0,0.1080345805333113,0.03305983316044752,0.060530391144943976,0.022599886441063637,0.7962550136935762,0.0,0.06857059534410903,0.7131876958152831,0.0,0.0,0.0,0.030804809034110255,0.86731004230415,0.0,0.0,0.01795185070680132,0.8187742209240787,0.7777450205907056,0.9455744851516694,0.8455271180607947,0.07587670264410072,0.0,8.0
0.0027399929625290444,0.0,0.002220843360172322,0.07750069955514416,0.0,0.018161161726010986,0.01652206324115537,0.035954862335826114,0.05571991426319694,0.0,0.7393237594628186,1.0,0.8730837661314758,0.7621633537832075,0.040264361116677944,0.01746536210124974,0.21056164991412996,0.014617637079470015,0.0037186716959651416,0.0,0.0,0.0,1.0,0.014560801466808654,0.05857372543529176,0.0,0.0,0.03877459501565958,0.8514675881307298,0.9451831615829902,0.948871804661142,0.0,0.0,0.0,0.0,0.004685454869677142,0.0,0.0,0.8796936079843063,0.0,0.029078021448624175,0.0,0.1093834338306696,0.0,0.0,0.05911145919976333,0.8231801470521383,0.003988074883237039,0.0,0.028225898134759526,0.7313042588979333,0.7544238649028001,0.7607646860412431,0.897490207234142,0.0,0.0,0.0111633861792527,0.0,0.0,0.0,0.0,0.0,0.0,0.010039996521094623,3.0
0.23961066877738058,0.0,0.0,0.0,0.0,0.10022744906559944,0.0,0.046805325779720866,0.08154811700133355,0.026918408281261488,0.0,0.0,0.0,0.0,0.0,0.034756631698832925,0.019549072556844266,0.03458323936671865,0.8986881957922528,0.9953850740148105,0.7952262329255974,0.8290610601349362,0.0,0.022471963507206396,0.06493158398178192,0.9638581343264725,0.0,0.0,0.0,0.0,0.8685403115135755,0.02702446984179597,0.0,0.059733289880468936,0.7586288584835871,0.8774886123388628,0.8694699063323564,0.6801591042004315,0.7919046104602531,0.0,0.0,0.015411918335106729,0.0,0.022351420424104172,0.05017534745513085,0.0,0.965976281498992,0.0,0.06298224085188672,0.025790841103973002,0.0,0.0,0.0,0.030768861573131908,0.8477112281587877,0.0,0.0,0.08896988902010135,0.0,0.0,0.0,0.13452301923105064,0.0,0.06692832447858751,9.0
0.0,0.03940293490384672,0.0881335315421779,0.6846910810873836,0.10198715004688007,0.0,0.0,0.05101731479624925,0.0,0.0,0.023022722280932148,0.6884982624616887,0.03761081751857216,0.02391498151572821,0.0,0.0,0.0,0.0,0.0058543773808183396,0.9701772717766243,0.057276332464015235,0.0463322996669621,0.0,0.032190532001568205,0.0595880847152504,0.0,0.00608887616424322,0.8873316710745136,0.0,0.040304840448323,0.0,0.0555518236137906,0.0,0.05046740680701296,0.0,0.9977802514265952,0.04243475380510475,0.008605882343211673,0.0338079292701793,0.0,0.0,0.10701191632931369,0.1050583852129305,0.7116566235747054,0.07757239567867326,0.0,0.087525521173074,0.0,0.0045167814631391755,0.2271123796107425,0.04457986437825331,0.7915016119816696,0.0,0.0,0.054649845857060814,0.0,0.0,0.22867080326717157,0.037787919895244236,0.7488329456499321,0.0,0.0929662560684299,0.0,0.18984275439397802,1.0
0.0,0.83288840362594,0.0,0.0749390894317025,0.09776532067742319,0.007356554299656703,0.0,0.0,0.02626723442983049,0.930034677504966,0.012965224984292407,0.07501041712037498,0.15079608862262983,0.0,0.027186220454701066,0.05486562582768894,0.0,0.7792409396179756,0.2525851087601476,0.0,0.0,0.0,0.7502794314454979,0.08569037532172476,0.06036658237124888,0.8927924778966375,0.7858663084418452,0.9408616675932042,1.0,1.0,0.717315752189821,0.0,0.0,0.029881934338475774,0.033797009399063396,0.05978424084040762,0.022537085347208722,0.07169681982157644,0.7329288450693345,0.0,0.0,0.0,0.02076767898232783,0.0,0.0,0.02510909619037724,0.8122075427699883,0.0,0.006924860569224108,0.0,0.029932069587427945,0.0,0.27534520705411436,0.0,1.0,2.7149686510002424e-06,0.0,0.0,0.0,0.0,0.0,0.0,0.022692624259377243,0.0,4.0
0.24302863793296942,0.05083473303021455,0.0,0.0,0.0,0.04278604167116215,0.0,0.012356573106940872,0.0,0.09172712228846294,0.0,0.0,0.23137917781621686,0.02523934370140778,0.0,0.0,0.0,0.0,0.8512628188660428,1.0,0.7645751357144305,0.938073622963331,0.028916023462072834,0.0,0.0054307522159311675,0.9247743392466122,0.08267626904394584,0.0,0.025614654370407858,0.0,0.8743747889471085,0.0,0.0264990281229132,0.6554257654249502,0.0,0.09377738069586135,0.0,0.0,0.7565624091318391,0.05231830442401331,0.046060509099601826,0.9691285432023753,0.0,0.03825777213539684,0.0,0.0,0.9925162774402015,0.014751781154174567,0.0,0.9982402843682449,0.0,0.0011369569174433348,0.0036875675542490938,0.04654169871255026,0.9939639312919533,0.0,0.014024560309033294,0.02883332835919555,0.7344740515480956,0.7909914167462011,0.9309294941593003,0.8341283543535359,0.0,0.0,0.0
0.0,0.0,0.0074556962519064605,0.08269153892895231,0.0,0.0,0.04454870196988934,0.0,0.040342914083607434,0.0,0.0,0.35300314982193737,0.0,0.013033262163052887,0.0,0.0,0.04606607247817908,6.104652237017587e-05,0.9721744101417641,0.9681715903452032,0.9549294205782375,0.9593681080796249,0.027095057837429867,0.0,0.0008700239190787215,1.0,0.052354586308152984,0.012500518703443327,0.011383334134591699,0.0,0.9395355481943916,0.0453747759012988,0.03770932114705189,0.9150615216022923,0.0,0.06435446997711708,0.0,0.0,0.9818519621614774,0.0,0.0,0.8218173689776359,0.0035645385137450763,0.0,0.0,0.0,0.9363004498130326,0.0,0.011402672835597151,0.9296941733286144,0.06823765073611397,0.0,0.041028032678496584,0.016082546671019205,0.6471825953492317,0.03058745549810877,0.07061224293029843,8.752621042443466e-05,0.8494439744490455,0.8385947301785697,0.9828947586831305,0.9719836318236861,0.0,0.0,0.0
0.04961399035011227,0.0,0.0,0.0,0.0,0.06902591883087081,0.06479001659256968,0.04942224082030292,0.27606097471756974,0.12836598634074572,0.8582359016560216,0.6943152096060988,0.8412759557295242,0.7841392676499116,0.0007690285882503481,0.0,0.0,0.011851947419848179,0.0,0.015947831830414125,0.0,0.022510437657881816,0.8191170080149685,0.001775160700755678,0.0,0.03426137846450337,0.0,0.12539102392546927,0.01992593226355244,0.775783428983551,0.0,0.10419761286593698,0.12074334362349583,0.0,0.03594984902144351,0.0,0.7531184531092732,0.0,0.0816893251734458,0.008338050460100594,0.043826353511081786,0.0,0.05768990232035536,0.7933916936579133,0.0,0.08238476694686742,0.0,0.0705223949435404,0.07094707900513393,0.055382104134248544,0.7352680405569125,0.9426107706140769,1.0,0.7066816102517901,1.0,0.0,0.031943139573140066,0.05906470757613718,0.005430602962822877,0.0,0.0,0.0,0.0023609922343306618,0.0,2.0
0.0,0.020014233596892424,0.0,0.7647246491905841,0.05128652272236324,0.029749337461504294,0.0,0.016482976048685444,0.0,0.0,0.0,1.0,0.0,0.06980721755338813,0.024764700257233666,0.0,0.16874514563005222,0.010089727988161996,0.023325680138879812,0.6647283012336413,0.027121108505417227,0.0,0.007927729997275606,0.0,0.0,0.0,0.025949366678247224,0.9917250285505568,0.020180602472339628,0.0,0.025514917944180662,0.0,0.0,0.016374998783737278,0.025132871262395797,0.7493822225115406,0.0,0.02028244943285797,0.0,0.035792957958440584,0.051508495867946674,0.0,0.034840611070458924,0.6769700736336738,0.0,0.0,0.03849210958442861,0.013087263907841552,0.0,0.0,0.07263159347968867,0.7250433160475648,0.0,0.0,0.09406813557077122,0.04051629886088011,0.0,0.0,0.0,0.7127082104147316,0.08527541440487256,0.012869981282165047,0.0,0.0,1.0
0.002088501485683952,0.8538137700234523,0.7346992247772987,1.0,0.958349622457656,0.9614927006298055,0.8988471543020073,0.0,0.0,0.08837974284888872,0.0,0.06738406296865944,0.06281768070620589,0.04052571705261315,1.0,0.07729201969283257,0.0,0.00866357150008971,0.02309579963223755,0.0,0.0,0.8903063601597577,0.05398566385619892,0.0,0.0,0.0,0.0,0.0,0.9032660161102679,0.0,0.0,0.0,0.025987790128963052,0.01021913840316775,0.0,0.9633165769524081,0.041437556260556584,0.0,0.02511494212861938,0.028931432179434665,0.03107468015733383,0.0,0.867622393639164,0.0,0.0,0.3343885549538094,0.0,0.07959511845740902,0.06423187652358417,0.8380244413291903,0.014498425988850858,0.04350647896904469,0.04069765589034693,0.0,0.026449738353200858,0.0,0.04782753928291359,0.016833435632246898,0.0,0.08876079086788002,0.0,0.009516041273207543,0.0,0.0,7.0
0.03865036696836907,0.0,0.0,0.01186294023354488,0.02606031580658712,0.0,0.020623646399830803,0.005406879014245934,0.008475394634358589,0.09945066947496373,0.8295549501078807,0.9699823503516952,0.7942072867463001,1.0,0.0,0.03650678116260199,0.0,0.0,0.10841651785798351,0.0,0.0278276801503984,0.0,0.7662311492236936,0.004585814123699488,0.0,0.0,0.027182862787074158,0.1063474267662785,0.8726561395466981,0.9108729091051545,0.8909673214866825,0.0,0.0,0.0,0.000827995479660286,0.030609489741521757,0.02146251106405414,0.0,0.9967078446989223,0.0,0.03457280461280148,0.0,0.03522581753413421,0.0,0.004516758846590927,0.0,0.8453494580076945,0.29656518969566764,0.0,0.05750458843432137,0.7395651253427856,0.7823573363664286,0.7844616900779191,0.8627428564541919,0.09338509094666156,0.10993310653079034,0.0,0.017814143756562595,0.0,0.3397002020567974,0.12779055664206226,0.0,0.0,0.24557875226188997,3.0
0.0,0.0,0.041381492466600264,0.060587150245643866,0.0,0.0,0.04855913616858484,0.0,0.0,0.07370586145877327,0.09781982124460029,0.0,0.0,0.0,0.0,0.0,0.0,0.16010397485563646,0.9604133142205408,1.0,0.8073579440238813,0.8730157486643005,0.06284715989494691,0.0,0.017049314289610745,0.7078586571618881,0.0,0.1581838648689771,0.04422882548493176,0.0,0.6716135018841434,0.07112633959597926,0.0027302072093127175,0.0,0.8267120849463523,0.9718662763411701,0.7743893504172883,0.7447448749158536,0.0,0.0,0.02287501929740199,0.8714940655557769,0.05472200623402364,0.0380501980819653,0.0,0.06734868692657196,0.7425761886047525,0.100190180091692,0.08370799545269178,0.9246642877466561,0.12036335225384186,0.08749962559368166,0.0,0.0,0.8278517698928137,0.038710270579043284,0.0,0.0,0.7632919219183564,0.9694177519098877,0.8821117044298666,0.8687282128536219,0.0,0.0,8.0
0.061578959731772465,0.016174930458477118,0.04777574241308255,0.0,0.0,0.06645247792210834,0.01782502478727382,0.06395754377851175,0.22315504551199103,0.036426831422191074,0.0,0.02949804886373711,0.05619482952686401,0.023642390554336076,0.0018395443895752935,0.0,0.0,0.06442292493474495,0.7605917976125784,1.0,0.8414399180986063,0.7486638364239588,0.013374010800524841,0.0,0.011049138296186714,0.8956432582134176,0.09585587202786994,0.0,0.08179090109882374,0.0,0.0,0.0,0.08883031600331974,0.7728291176623663,0.9585831697947479,0.8717514084534085,0.8989148980707748,1.0,0.012853424075231457,0.007928830002646005,0.07448816556772418,0.781940060746778,0.0,0.04036516926338154,0.0,0.042419549679693566,0.9994581408556201,0.048361575097338794,0.0,0.7385670135728613,0.0734942727028415,0.0,0.05326653928505353,0.12139555968445964,1.0,0.0,0.08373296452895052,0.026332892316529872,0.7885222920369137,0.9085346823590015,0.7693759997502235,0.8037084213942045,0.13741349313125956,0.0,6.0
0.012123966477672797,0.0,0.06162670435732423,0.05800857925628714,0.08211493772453461,0.01081803777897472,0.03529270356249591,0.049617327979832364,0.0,0.238156773856136,0.026578386324009873,0.0,0.0,0.022532667002369104,0.0,0.0,0.0,0.0,0.861978621490351,0.9661173932692686,0.8934080446399754,0.9223095645224902,0.017603790145336355,0.034837016538020384,0.07079668240032128,0.8890841455569274,0.007849949356036544,0.019983481841492963,0.06079514199960421,0.0,0.925256752809439,0.03805813191177513,0.0,0.75732296104015,0.0,0.030837898081681105,0.0,0.0,0.8882899418597304,0.0,0.037570258319322244,0.6976917144969443,0.01973796750060401,0.036049135914122905,0.08240982875879141,0.09816768277871774,0.9733925001222846,0.017880688815072574,0.011812952857102788,0.95260300571575,0.01791546276657734,0.029516024717490697,0.0,0.0,0.9940091366619404,0.0003442967513613603,0.03250509850561023,0.0,0.9510921043096278,0.9479852004680577,0.8380615081763331,1.0,0.0,0.0,0.0
0.0,0.10994166834467595,0.0,0.03289109487771079,0.07382989279249116,0.06869344568485082,0.13877792951241455,0.05505568011057106,0.0,0.3277715631851872,0.9884702434883155,0.9517235637885749,0.7485329228530837,0.8476557690329188,0.0,0.0,0.04305939408337095,0.0,0.8544406756053807,0.0,0.0,0.0,0.2795626439429306,0.02062526887426537,0.0,0.0,0.9793532338430705,0.9438154610539539,0.7136477810779572,0.7722056590035338,0.0,0.0,0.0,0.0,0.0,0.0,0.016845689232165558,0.03961517343081205,0.9383100529721812,0.0,0.04436412216219401,0.0,0.012954294441696915,0.014973211477898858,0.0,0.0,0.997651707205977,0.04663851402682703,0.03421646995789584,0.028186926396083153,0.8827228774314619,0.9058160842065093,0.9423489536010476,0.8696412087713765,0.0,0.0,0.0,0.0015567113442786849,0.06965059566975217,0.0,0.0,0.0285699919599279,0.05068251423932157,0.005274356347288484,5.0
0.01773992067000748,0.0,0.015664364477565088,0.006716467879534248,0.0026898523025974414,0.0,0.06299995483644336,0.0,0.011908398402586555,0.015425020392511988,0.9052226158851134,0.845094520676795,0.6898671659988073,0.8234604404566083,0.051594239679750714,0.08361951161603574,0.0,0.0,0.277617507262206,0.0045905000120090396,0.0031293240819959323,0.04963061693723156,0.7056196956331818,0.0,0.11549633943857802,0.0,0.01779825954593191,0.09057969419790733,0.0298199332769919,0.8308210856776805,0.0,0.0,0.0511139572361704,0.0,0.0,0.0364900802516073,0.9262651041989657,0.0838239470450957,0.0,0.0,0.1551658574751068,0.10339715541962641,0.0,0.8163620328708304,0.0,0.0,0.021772582166306224,0.030408374355502178,0.0,0.0,0.9499717530166966,0.8368449450875904,0.9657915918556156,0.8759904836239215,0.692780837923703,0.0,0.0,0.0,0.0,0.0,0.07288111691588163,0.04729240585292082,0.0,0.11554651945705237,2.0
0.0,0.813549345719814,0.05505349088157013,0.0,0.0,0.0,0.006460711560299506,0.027786824059064803,0.0,0.6862466036400963,0.0,0.02696508198003767,0.04091601676974161,0.0,0.0,0.0,0.0,1.0,0.09125231664587873,0.23338318705633876,0.08561593221974456,0.0,0.8180306621468824,0.2590978735567852,0.019257107928957667,0.7583611826980637,0.777307358383431,0.9072600096745949,0.6446714908835011,0.8377591872420278,0.7738554496083925,0.0,0.0,0.0,0.0,0.0283490037848814,0.07450710203179571,0.005199123377559921,0.9015513936003465,0.004997318717785941,0.0,0.0,0.02519913573569467,0.0,0.0,0.04262183557655952,0.8506588775930083,0.0,0.0,0.06877043803661623,0.0,0.0,0.0003384278970749639,0.0,0.7184037725008106,0.03345781329762787,0.0,0.0,0.015565639201117388,0.03996950330466795,0.04745318026130719,0.039852826171155036,0.0,0.0786744005947476,4.0
0.03813511296390673,0.059875593655586014,0.0,0.00918450776485798,0.0,0.030012111502530792,0.050916431171057125,0.08751028828721269,0.18420819903193825,0.0,0.9200498684873448,0.9084593137562558,0.8405033222064954,0.9200329897949737,0.08356891193636376,0.06498567780625733,0.0808273622529365,0.0,1.0,0.0,0.0,0.0,0.021096912765239728,0.03793985231785171,0.0,0.0,0.7667588069020379,0.9741011308070056,0.7970620261121462,0.7591180565747269,0.0,0.0,0.05666842770150685,0.0,0.0,0.006344857532487727,0.0,0.04859337183838461,0.8496724015251415,0.0,0.0,0.0,0.0,0.030687275496766468,0.032441297425875044,0.0,0.9760342048042319,0.0,0.027787529822081648,0.003984861422542396,0.9011588301005626,0.9606072546665341,0.7040525190591581,1.0,0.06188141056796514,0.028799002400324448,0.04351470011197244,0.04778245675898957,0.0,0.0,0.009267906235630246,0.0,0.011279738488554063,0.015282605078106179,5.0
0.0,0.0,0.0,0.0,0.0525799844971815,0.085249429646658,0.0,0.022694197692162965,0.0,0.0,0.036343022404628555,0.0,0.0,0.0,0.02118626850466374,0.0,0.08316710388881093,0.08010818715691004,0.8257381186103384,0.829624875094606,0.8891217078456265,0.8636279523975388,0.010016023118291417,0.1117422144854493,0.06315251673683887,0.9651592023678284,0.013437311066013936,0.08919282484114081,0.0,0.00779307118500798,0.025684985842668675,0.026282821946733877,0.0,0.9772863305609426,0.990675606332179,0.715811763756717,0.819729945546416,0.7481445279130192,0.0,0.0,0.09990055346383042,0.8458423752982049,0.0,0.020887727404565008,0.0,0.012599566041202732,0.9689976417084981,0.0612416875025409,0.0,1.0,0.06651863047601823,0.0,0.04740312468926361,0.26477539491161023,0.8173346789722639,0.0,0.04050406872127132,0.05636082116606648,0.8860007166693247,0.858063625720485,0.9054670821913156,1.0,0.005442523946200364,0.03387386372638905,6.0
0.0,0.7407070132006932,0.0,0.0,0.0007023783009019417,0.03857987475327501,0.06294033202591684,0.05485173449771594,0.03384245435657274,0.7277045095841718,0.04953518572319825,0.0,0.0,0.015609129687264259,0.06775396061867954,0.0,0.0,0.8260292157583143,0.19954618143176148,0.0,0.0,0.0,1.0,0.05876551461423127,0.007703728727383215,0.9216675056335792,0.8557034108951551,0.7048698896020098,0.9102397084529895,0.7865335801721047,0.799696938101816,0.03733754307167756,0.056025866083199344,0.0,0.02540371194398618,0.022137000550726108,0.0,0.04484222673174809,0.8294276921375349,0.03925498049980336,0.04098831901466889,0.11028870558457989,0.0,0.024118457796461944,0.00508100968310588,0.0,0.7193537084635093,0.0,0.021690986649313047,0.0,0.0038111273752175698,0.0,0.014982913863714701,0.07350250405951424,0.8565357459528601,0.029033232067285752,0.05977550796701556,0.0,0.0,0.03168192976016334,0.0,0.0,0.0,0.0,4.0
0.08393828609315027,0.0,0.021303448350443926,0.8700438950918257,0.0,0.060006742011406246,0.02057535048398241,0.0,0.01643059459088528,0.00832114452818048,0.0,0.8742281422110818,0.0,0.0,0.0,0.029252606327907396,0.0,0.0,0.028478879144594123,1.0,0.0,0.0,0.0032405374381368904,0.0,0.0,0.04994642709830912,0.022241396790057554,0.7415457407569404,0.059129950706948126,0.017632954823808743,0.05686310515774243,0.010778667771884163,0.036528519095291805,0.004859900105700584,0.0965285135541477,1.0,0.04229468350131818,0.08730023209276752,0.040055915481300365,0.0,0.0,0.0,0.0,0.958950701570948,0.0,0.029342029223620586,0.007943348556274326,0.02413798571406632,0.003908845542898042,0.0,0.02744784603859829,0.905804275847595,0.0,0.04191158914490789,0.0,0.0016548638699938338,0.0,0.0,0.0,0.8776081777712579,0.03143059865412497,0.052431467948257586,0.07031527347762039,0.013923101263895185,1.0
0.0,0.9009422008458189,0.9010545289944972,1.0,0.7540086771269848,0.8919503601002587,0.8393549050539696,0.09020648413696519,0.0,0.0,0.0,0.0,0.07242336975846929,0.012118749177717299,0.8242600056184732,0.08224336971148308,0.020698363699730743,0.0314792145304803,0.0038953373471110157,0.04136195946341814,0.019341671148664162,0.8838064892098636,0.0,0.0314526391523005,0.06336083325199356,0.0,0.027944586571118687,0.0,1.0,0.019110945895836867,0.08673633140570802,0.0,0.0,0.043005604708251,0.0,0.757101269069558,0.0,0.0,0.10367028750650611,0.0,0.0,0.06645045768271048,0.952983236475673,0.0,0.03208799283165061,0.08005287912281943,0.0,0.056109202927055624,0.0,0.7228647166850228,0.02458424977694128,0.0,0.20033092195696078,0.024911486537390757,0.07331046787207977,0.0,0.0,0.036856477235159835,0.053277050568579766,0.0,0.0,0.03800922746720162,0.0,0.02201505063428366,7.0
0.0,0.6596982608445527,1.0,0.888907727586962,0.8987425811344368,0.643267350110398,1.0,0.013866474361637269,0.2883151449731734,0.051751925960093974,0.026449183685918528,0.022569106767457863,0.0,0.07911710486664403,1.0,0.0,0.012480153056331504,0.0,0.03353157820442767,0.0,0.0,0.6585682944336598,0.0,0.02110230612506228,0.009722113745963525,0.013225574222450727,0.0,0.0,0.9542373860695732,0.06176499940924899,0.0,0.020619977174465638,0.009048337183692164,0.0,0.0,0.8682104457658936,0.05731774020103184,0.07049264021418855,0.007174607471057239,0.010318590495671649,0.0,0.05550500423714845,0.9798688972718401,0.0,0.046280086786013884,0.0,0.04338577033082738,0.0,0.03792358353559875,0.9617305162513888,0.011974972224487491,0.0,0.0,0.0,0.057743962468337046,0.0,0.0,0.0,0.0,0.0,0.03679599515965396,0.0,0.026756529528850728,0.0,7.0
0.0,0.7919749291762405,0.7570023536618793,1.0,0.7476038207831449,0.8505700689243973,1.0,0.011130820005427403,0.011309113917013676,0.03238065036713205,0.046171351283076714,0.0062937880000411344,0.008242835280754958,0.0,0.7124315365079489,0.0,0.0,0.0,0.0,0.010977138523244064,0.0,0.9557875032708989,0.04944807114835567,0.0,0.0,0.0,0.0,0.01055470062667907,0.9437920286385011,0.0,0.00041497545361133436,0.058295628971394724,0.0002855846152733667,0.003595977978741138,0.0,1.0,0.0,0.0,0.0,0.0,0.0002999123819641056,0.035887036818422285,0.875506836827745,0.0,0.032734389069981794,0.011633646512645916,0.03492971268396579,0.2331164172402847,0.034595814781031624,0.7751804080159125,0.0157857054422362,0.0,0.09374371610571997,0.0,0.0,0.0,0.05077642125141794,0.0,0.0,0.048119540775674916,0.038751388159508016,0.0,0.0,0.10440368120690463,7.0
0.0,0.0,0.0,0.0,0.11700939100361785,0.0878633023261862,0.0,0.006836445901077043,0.0,0.0,0.724639139583205,0.7518383977580643,0.8342778947579512,0.7985942339198289,0.0183288187328599,0.0,0.0,0.045399011199454775,0.03557681451209712,0.0,0.0954685108216117,0.0,0.6984446578188376,0.055343356143704794,0.0,0.03275682984134972,0.0,0.04496271369811353,0.1265072205629528,0.8592974325270892,0.0,0.07293856780320028,0.0,0.006939471977990039,0.0435707380114908,0.0,0.8870275487946933,0.04306456718149085,0.0,0.0,0.03305732444057799,0.027326651751963638,0.017365961856851197,0.9989932449994195,0.0,0.0031782061645598426,0.032414210620754905,0.05290195133646722,0.0,0.0,0.9502989033527335,0.7321653348335089,1.0,0.9584169794992186,1.0,0.0,0.0,0.01790501679132739,0.026025841642185178,0.0,0.019502340985438644,0.0,0.12221279337800657,0.0,2.0
0.0,0.7619673223506134,0.0,0.021928750708939224,0.0,0.0,0.0,0.0,0.03810090802465282,1.0,0.03338454523696308,0.0,0.00031659076441293204,0.04839142687874807,0.020314762276291202,0.0,0.017740172840256734,0.7842221993047391,0.036334295037738516,0.003550074131139589,0.0,0.007023761168368627,0.8631222690604904,0.0,0.03031911074958927,0.8509516136592451,0.9724611030628151,0.7948852848978807,0.8410548996329353,0.876097415237485,0.572758663897931,0.0,0.0,0.0,0.029643401999695847,0.034246131656282125,0.013045228761906391,0.06700672238051178,0.8673962118233071,0.0,0.0,0.012616183331394696,0.2587221442718125,0.006856605507251305,0.01402105127704976,0.0,0.9238289415445005,0.0,0.0,0.04051245640053077,0.04426823916156013,0.0,0.0,0.05204384427039132,0.8956461446983647,0.03445789449653908,0.018471244440937715,0.08280339681514047,0.0030239351161882844,0.014847644316383211,0.0,0.0,0.09042502865448071,0.0,4.0
0.021142370449441436,0.9117748741294036,0.042428455430852455,0.12630056524617844,0.05977653044191224,0.05578165909370292,0.007051524529546481,0.02867147244939286,0.0,0.9289424982638274,0.0,0.04862280131155308,0.0414398825939979,0.0,0.08151137598738639,0.08713449284520425,0.0,0.8068036594664113,0.0,0.0668817404472168,0.010542762488119846,0.0,0.7478624515894602,0.0,0.0,0.9416025672972956,0.8703075292138143,0.7350156148087276,0.9483735492340728,0.8033884523611633,0.7678991996230395,0.0,0.0,0.0,0.0,0.015305516407937045,0.0635174668003886,0.0033154235231482284,0.9568289181873106,0.02404467029853061,0.06619329519082633,0.014392749820672743,0.07695167935876611,0.007169717942810447,0.0,0.0,0.752594277546431,0.0010425876513085748,0.005177362374653615,0.0,0.0,0.029897340081694132,0.0,0.007434445949257646,0.7709604026842704,0.04272163858218578,0.0,0.022542000631274713,0.07124485619532049,0.010709657608961545,0.0,0.014623049102789868,0.0,0.0,4.0
0.001166290582925103,0.0632999943748098,0.009685439663185677,0.0,0.02688110684645847,0.0881334159977693,0.029948725754530472,0.0,0.08761085655721958,0.05598036880797913,0.033793795873757866,0.0,0.06500804706734176,0.12292216500089381,0.009000746546978381,0.026971463787534913,0.0,0.0539148966732146,0.6534239809793729,0.7764628480675367,0.907625230955446,0.8945048367090237,0.17895562145969557,0.1000938524834548,0.07398900150227736,0.921448161655157,0.0,0.09298149322405419,0.018472578689307306,0.01671684441914518,0.8625356549009675,0.0339024664047213,0.08535289296267173,0.7458907181145401,0.0,0.0,0.05906309950783744,0.04834125775837748,0.9556659770608981,0.0,0.0,0.8557395590657735,0.0,0.027715298800856353,0.0,0.036079385430401206,0.8087384490044758,0.0,0.0,0.9786384420898606,0.03086723791920233,0.0,0.0,0.0,0.8418691454257008,0.0,0.0,0.007823157439755729,0.9035764032465237,0.9535880823320992,0.6635345358522653,0.9566805356348502,0.0668839526207955,0.0407698095075806,0.0
0.01864588881661219,0.0,0.0,0.9227829192026792,0.0,0.0,0.001369731631237842,0.02352981277489371,0.0,0.0,0.2111694676821232,0.7303271984421689,0.10875885130095961,0.047753919725121746,0.0,0.0025916127705486363,0.0008299427365320854,0.0,0.04917383359007262,0.9235401081738941,0.0,0.0,0.0,0.0,0.08351540134334319,0.0,0.0,0.729905350232983,0.0,0.0,0.0,0.006108234337011393,0.09216159769316745,0.004609052430718543,0.0562929121397903,0.8683181865293256,0.0,0.06670287867586162,0.0024542645132506922,0.0,0.0,0.0017835852597203605,0.0,0.8701773697277383,0.0,0.041167124191056864,0.0,0.02852145362672447,0.0,0.012924192294043811,0.021327106491888785,0.9842013583795634,0.0,0.0,0.0,0.010480020225578993,0.0011859640320175202,0.0,0.0,0.8495586635267899,0.08985621179527212,0.0165269480096364,0.0,0.066648354782553,1.0
0.11120537486173293,0.0005301514160151962,0.0,0.0,0.0,0.04663927794696377,0.0,0.021459949997266234,0.0,0.0,0.9960548051041844,0.7065406858007389,0.8106194181148161,0.8970763983792808,0.02199028718047211,0.0,0.0018715222197572886,0.017919965233400004,0.8704165275805662,0.08701500746484399,0.03511976118565901,0.0,0.0,0.0,0.031526462298653336,0.04670155964630851,0.9007988759584048,0.9757530427547696,0.7687421342105465,0.8422691112650591,0.0,0.0,0.0,0.2927384251621739,0.0,0.0,0.014697713097271551,0.0,0.9510753922362664,0.0,0.05821202831260354,0.02631073103228007,0.01098265686951541,0.0,0.046010634382247624,0.0,0.9327067456230824,0.08402972688839444,0.04319259620840794,0.010814901995390161,0.8738390786616248,0.8481753417192441,0.9156561326089602,0.8702312840851554,0.0,0.0,0.04053279945858948,0.05643766036037632,0.0608578747459843,0.054365645499772366,0.04101949573249938,0.031012956039683334,0.0013843465731684676,0.026030399834320747,5.0
0.0,0.06434120835564666,0.0,1.0,0.0,0.0,0.07248981071231927,0.0,0.0014104631509330955,0.0,0.0,0.84915245231963,0.0,0.0,0.0,0.0,0.048768521047051726,0.28782499490856067,0.0,0.9116525438524523,0.021339812973094383,0.0,0.0,0.044820403328606186,0.0,0.027390668641124324,0.01802610730962167,0.7429707532361056,0.0,0.0,0.0,0.0,0.03527238570498898,0.015017434987793541,0.07701440469449579,0.7642426960444598,0.0,0.03490635879626977,0.003808351382351938,0.060135047629112884,0.01664916463319743,0.060849635007917825,0.0,0.9402863770205941,0.0,0.0,0.0,0.0,0.003071111063114059,0.02027850955483174,0.0514313718493589,0.9623701006313274,0.040447839757229605,0.025491872698131458,0.0,0.0,0.027644020482654148,0.26195338297551884,0.08086700814624723,0.9879887741527846,0.0018198746720605866,0.09269723445386888,0.008949036051072902,0.03622153533873369,1.0
0.06140350571622253,0.07242212134838188,0.085342636414129,0.0,0.047605767597189125,0.0,0.029130612969265612,0.030900610940830943,0.0,0.0,0.6757217769359366,1.0,0.7169882011249925,0.7788902091817176,0.0891905121938987,0.083403376891416,0.0,0.0,0.02128840966156009,0.0,0.0,0.00763631616279907,0.7182642472284427,0.051018984176816565,0.025139133851330348,0.030892570319377907,0.0,0.0,0.9254362726211217,0.9394153668420385,1.0,0.0,0.0,0.0,0.17039442641833263,0.0,0.033092685261591315,0.04591180005397462,0.6826518039311811,0.0,0.0,0.052275450463064116,0.1788961322247755,0.016296992791735364,0.03237643819590355,0.012988759234145176,0.6712914932779256,0.0,0.038433401768672194,0.06363966906679352,0.7660079220500217,0.8961928190511093,0.6736345107003605,0.7862524552214153,0.0,0.0,0.017490418071812532,0.013952808528445163,0.11086511135854381,0.07075602189130792,0.007241431122046964,0.06635465717776717,0.004306691173401221,0.0,3.0
0.0,0.0,0.04732782601801943,0.959370174297552,0.0,0.03514525653154153,0.0,0.015755120324822777,0.0,0.0,0.005828065537785635,0.9679322131070224,0.03339025065769996,0.03868595918419537,0.013792774669142008,0.2759970768093303,0.0,0.025964813499945612,0.0015544653465378727,0.8934010968113983,0.03563486371493305,0.03530020069392397,0.01838393362943842,0.03116541903209143,0.0,0.016565351032044505,0.0,0.8631050655869354,0.0,0.0,0.017762903065078866,0.051735507486014624,0.129414609415058,0.033287340971984845,0.011365906502682904,0.9322791207878584,0.07105880725869548,0.016255125942771655,0.004743561597312918,0.0,0.0,0.012091853467966731,0.0,0.750789795384668,0.053687622326167764,0.0,0.0,0.07180862600308377,0.0,0.0,0.0,0.869483188090266,0.03781984134958754,0.0,0.016855299730348532,0.028225801007597126,0.036272864547700484,0.0,0.0,0.7829160377699187,0.012389190258528034,0.0,0.0,0.0,1.0
0.0,0.0439889423922109,0.0,0.023974128429298122,0.05340201140551504,0.0,0.0,0.01121312566114371,0.07089850182802597,0.0,0.7424626146627331,0.7103701018471484,0.8331204891926868,0.7963385507918119,0.0,0.02957371703455948,0.042295598528971204,0.0,0.9088462698941695,0.0,0.0,0.032274562850022476,0.02055541922830194,0.0,0.02777596978986014,0.11561181378447752,1.0,0.8675206981707537,0.8837183649415699,0.7851799465156782,0.0,0.0,0.0,0.0,0.032966292526015975,0.0,0.07726256560544045,0.0,0.8837024290703341,0.023364830859508103,0.09734025917723613,0.04660526162641636,0.019896080715520525,0.015102421449780728,0.06884703174013884,0.045657694809554145,0.8392549167559915,0.03332080580101058,0.0,0.00317637596136976,0.8517764170027993,0.9176886884616662,0.7716472102059699,0.9970518866532173,0.1527147417596184,0.0,0.012503334426185779,0.0,0.0,0.017881945652166224,0.03686165740132521,0.0,0.03183169939449446,0.015019329922835584,5.0
0.0,0.0,0.0,0.008075077806005594,0.07409743151657648,0.0,0.014969233265697934,0.05417110325548842,0.0,0.0,0.0908166940895028,0.0,0.0,0.0719243922025208,0.04523184354310566,0.090420915287716,0.04727490972192223,0.27634885216142585,0.9289055906690488,1.0,0.8363919407482193,0.9659059801321804,0.017258076729524893,0.0,0.0055479271108192655,0.6384346082814883,0.0,0.007192561497646678,0.0625395437744986,0.0,0.9991346734392088,0.08918913623411485,0.042679310861708,0.05933277590382932,0.8456285648868206,0.8269807103961934,0.9490557157814763,0.7998703839969489,0.03464464013602702,0.0,0.10688999048106501,1.0,0.006508991778754351,0.06796242590978456,0.08205397966568337,0.0,0.6807579613334604,0.0,0.0,0.9886140943847983,0.0,0.04976775188960116,0.0,0.0,0.8753287324300806,0.02674736401749833,0.0,0.0,0.874775780098145,0.8701851580793947,1.0,0.8537437744571861,0.03400100082606927,0.0,8.0
0.0,0.7738716569170856,0.7792466729067007,0.9737060611061441,0.9173242440214462,0.7164898885477138,0.7723105105138621,0.0,0.007529208992411825,0.0,0.10269453768266013,0.0,0.0666997988890728,0.015607526388760427,0.995301366705606,0.0,0.0,0.02009761161226846,0.03479786193004588,0.04467955581453309,0.016510536499968812,0.8015105366835762,0.019425401498140597,0.016222950541321873,0.0,0.009118415057061851,0.0,0.01699683727591227,0.9075786511963707,0.27505829310461094,0.031730155639617265,0.06622994097043268,0.02094152015671241,0.14480117076129406,0.018429161730558183,0.9329084418210745,0.0,0.02181983924235558,0.025669104778857574,0.0,0.0,0.0,0.775945527577186,0.0,0.06216244523609789,0.0,0.0,0.0,0.0,0.9343116806780222,0.011064124612606441,0.008037089018993466,0.0,0.0368950518633101,0.05052744949232207,0.016939984025877024,0.06096993417582273,0.0,0.0,0.0,0.0529620874759323,0.0,0.0,0.023974657113508116,7.0
0.007874248329929659,0.01797885808230117,0.016679498956870306,0.11244106862015829,0.05683515083756662,0.09564841358102218,0.0,0.01139489247474229,0.06015457160809103,0.0,0.0,0.3039812855856535,0.06240170705917543,0.05062352181769693,0.005709757354336187,0.052313077745462455,0.0,0.0,0.8904379104428467,0.9224923557951671,0.9491748067334106,0.7983666919803286,0.11152197247826179,0.019400970575039693,0.09516852831136949,0.858360695078378,0.0,0.0,0.0,0.030845765257474372,0.9527738224437193,0.0,0.025971673905665262,0.0,0.709455970114813,0.9007705378360827,0.9770975672271571,0.6082388692884286,0.08628864991330676,0.0,0.007970800637000277,0.8694858138701433,0.0,0.0,0.010141420735298097,0.017740443293613906,0.6802586175812567,0.0,0.0,0.7431447793530029,0.0,0.0,0.0,0.054485360334971505,0.79872255615828,0.0,0.0,0.051355426813849164,0.8509884840288511,0.9973286993807029,0.7980340454028623,0.9030178187982714,0.03399216472915686,0.04764430587061208,8.0
0.0,0.11569845444282267,0.0,0.026928024382983164,0.0,0.0,0.0016280411680055778,0.0,0.0,0.09018704256357087,0.0,0.0,0.04866663544824071,0.08784719861602036,0.00929714933311202,0.077147793947171,0.0,0.010784657555931372,0.8721235993884205,0.8279546952150403,0.8520405096434196,0.8580778489440123,0.0,0.0,0.0,0.9448204730454854,0.04950563246831117,0.0,0.012644587546024464,0.0,0.0,0.0,0.022826593114416906,0.9417763850770081,0.8536643245737475,1.0,0.9028617591550796,1.0,0.01923254077317807,0.044469096378953424,0.0,0.882939444095156,0.0,0.0,0.0,0.05191403936156285,0.7501705170774237,0.0,0.0,0.7641641160135192,0.0,0.0,0.0055485596345228975,0.03533973011960637,0.9867749362766596,0.09918241080511171,0.028623370165378494,0.0,0.7713956700706985,0.9572661287851151,0.7309027677291341,0.7370668310596475,0.08691534870256537,0.0,6.0
0.023242797103716586,0.02036989094808704,0.04307294273510331,0.0,0.0,0.0,0.003000547260773543,0.04671352981840543,0.009043834338587752,0.0,0.8898904366646201,0.9429497308368882,1.0,0.8820332290087962,0.08776588511633054,0.037335457009741016,0.0,0.0,0.09089861612028988,0.0,0.0,0.0,1.0,0.0,0.0,0.0,0.017600632794638964,0.015677769168160518,0.0,0.8796560505439788,0.0,0.0,0.014656012791151005,0.0,0.0,0.0,0.8169059621359743,0.0,0.0,0.018737901412412217,0.0504789470836203,0.0,0.0001496568646683357,0.8415678122668253,0.015269955134827757,0.0,0.05504516768380513,0.0,0.0009573490493234971,0.0,0.8966793416216521,1.0,0.6735394408061116,0.9410143520286544,1.0,0.0027069683331121456,0.06752418516750468,0.0,0.006682312686781257,0.12313261208927244,0.05454934504014404,0.0,0.1248151363234926,0.0,2.0
0.11371640241330902,0.015969980005706177,0.0,0.0,0.03687337613165375,0.0,0.0,0.05708281284687412,0.04252740091100696,0.0,0.0,0.0,0.01336281491688329,0.0,0.049357756088480365,0.016747447525804895,0.0,0.0,0.8681856434222635,0.8625280990001917,0.9255235060877344,0.6600618460188064,0.03051162625405683,0.0,0.001748219406451873,0.9779907983581214,0.0,0.04057972846351063,0.0,0.006116312861472964,0.7229467784987967,0.042578369007068954,0.0,0.07477645101117153,0.9356322263782463,0.9977778684660755,0.7225332516677991,0.8117622823265573,0.7771542308470936,0.32721503545641606,0.0,0.0,0.0,0.0,0.08784658094785602,0.15236236946605808,0.8891771715023534,0.06730128265186079,0.0,0.0,0.0,0.0,0.0,0.035446288351136356,0.685338698930116,0.0,0.03752944251025561,0.050240293919627615,0.0,0.0,0.019150204564240995,0.0,0.015513487047116024,0.1083265455876637,9.0
0.18563179241095856,0.07612092068716972,0.041779046785784216,0.7854653058480588,0.03097503213907157,0.057282691308690126,0.014153259426925921,0.0,0.0,0.052553478737974946,0.0,1.0,0.0,0.0,0.0,0.1385743732722908,0.0064506228527152695,0.01708227283350322,0.0,1.0,0.0,0.013787987471220673,0.0,0.0547428484017489,0.0,0.0,0.033311169955216616,0.8454042249512403,0.08471585166081722,0.034066289668674525,0.0141067637747875,0.015423487563871144,0.034189535689431276,0.05942942753667138,0.0,0.8341424085654976,0.12818002547009855,0.012315383223272462,0.22831449491039105,0.0,0.06767274033274816,0.0,0.0,0.8424424185814163,0.004557921803073969,0.05626225468476409,0.0,0.0,0.0,0.0,0.060278859005460816,0.8242388201413747,0.038553695366465426,0.02640753672463522,0.008362938969920559,0.0,0.0920366248544206,0.0,0.0030832953030156384,0.9305826795308105,0.04273824756079625,0.043870687686526,0.0,0.0,1.0
0.0,0.008137433447564754,0.0,0.0,0.006194295823047641,0.0,0.08445299691714887,0.1163152054228822,0.0,0.009580892395687076,0.018441762595981445,0.0,0.0,0.0,0.027054561587605466,0.0,0.042084138461631435,0.0,0.8818363939884059,0.7451262909368438,0.867293776274343,0.7285043287620436,0.0,0.027877358356054247,0.04085433248173858,0.7847015760367226,0.0,0.0,0.022526712954280107,0.0,0.0,0.0,0.0,0.9516150949145282,1.0,0.9542108527015282,0.9480068212615316,0.8973835898486449,0.0,0.0,0.0,1.0,0.0,0.0,0.03699267329035968,0.10180508178131119,1.0,0.0661600229670276,0.006846320155091905,0.9356579700777109,0.0,0.07768776554601503,0.0,0.02275152794949663,0.7532811532202779,0.04102230753101737,0.020680632697153187,0.0,0.971057267087102,0.9167649838245316,0.8342926418823617,0.8179954358101112,0.020568977935438083,0.01806715212082067,6.0
0.0,0.024683491059149458,0.0,0.008782639807247725,0.0,0.00071220739289335,0.0,0.05377866193776986,0.057991343463773805,0.0,0.8466236266376549,0.7980434970098416,0.5814130867023427,0.7480256615576576,0.0,0.0,0.0,0.07479189743294103,0.0034422109773333226,0.028145526203693302,0.07222584232774219,0.0,0.8485559496373296,0.0,0.0,0.054968702087857396,0.051645409472791115,0.0,0.020326063504551913,0.7693388441820944,0.0060686860323214496,0.0,0.0,0.0,0.12376419962976093,0.0362847978780229,1.0,0.0,0.07903712257100677,0.0,0.0,0.0,0.09199595728819732,0.7505525650795032,0.0,0.07748059044369279,0.0,0.0,0.0,0.0,0.7519089185887631,0.845389503864019,0.9387970909150011,0.9355806078101302,0.7401613135062981,0.0,0.00632589507971854,0.0066250754925803335,0.03232089019028494,0.057274414511379816,0.05085679238522537,0.0,0.0,0.0,2.0
0.0,0.002924674544594789,0.0,0.012688757265930462,0.0,0.0,0.023485071725316862,0.004508472470281805,0.0,0.04259158824801946,0.2006768529438624,0.0,0.0,0.034044127585206016,0.0,0.0,0.028554612908490585,0.0,0.7180450188656108,0.7391349700367946,0.7304687664954698,0.7831291597369298,0.01252701464028373,0.07994217039103801,0.04342474729482362,0.8901793342082966,0.0,0.027216920648652044,0.004835846567569092,0.013083730766322089,0.8421794213452496,0.05541976660572682,0.17537792251396345,0.0,1.0,0.8774729772830447,0.8514424988400797,0.9684831334844718,0.0,0.0,0.004370270774723603,0.8575585413550073,0.0,0.017127597227154664,0.022461769651495246,0.0,0.8161294842820226,0.05855389300788005,0.0,0.7493525026445998,0.0,0.0,0.0,0.05656938393819666,0.8625943983332627,0.06828449709599325,0.0,0.0,0.9422504688866371,0.7582243015398925,0.8749889908505935,0.9296846355646465,0.0,0.0023138333892816806,8.0
0.0,0.871118652516876,0.9763213554510234,0.7128697359996763,0.9207337586619289,0.894313420805297,0.8058157685143041,0.21806703487014303,0.0,0.08580995567768816,0.0,0.0,0.07108218448112245,0.0,0.8153767482726901,0.0,0.02641025108105645,0.037081374552560095,0.0,0.0,0.0,0.8971541894837748,0.13212214556435947,0.02194522656163914,0.023824495674715524,0.010177464953471318,0.0,0.06339971594936078,0.888761547152853,0.0,0.0,0.04664415530541097,0.04464998460832936,0.01132592469811198,0.0,0.7324915602668612,0.0,0.010315817416946593,0.017580882731937857,0.0,0.0,0.048892931632583764,0.7921213267136882,0.0,0.014547219971048637,0.06853758396237981,0.0712348914451015,0.1524342115020126,0.0,0.9074763449778813,0.0,0.03187170728657034,0.0,0.0,0.0,0.0,0.0,0.05952685427543794,0.028823605463829408,0.10796918682667916,0.025187980677317607,0.05705871293220771,2.4365056759355382e-05,0.008859810046336253,7.0
0.0,0.0,0.013701040384246672,0.0,0.0,0.0,0.05855888477611464,0.0,0.07448484337103609,0.037184086570344235,0.9623744908876263,0.7828076007351854,1.0,0.8283578702099051,0.0,0.009272098809123112,0.06659874184301694,0.0,0.06724440374848638,0.0009102212264755745,0.0,0.0,0.8128402205301792,0.0011556968285327928,0.07229726071717876,0.06100636175319758,0.014455238995847084,0.0,1.0,0.7172929984203136,0.8021661938698343,0.0,0.02573113856195049,0.0,0.03770659229330146,0.06976261805473975,0.23023066059062633,0.006866093799154843,0.9503769871028415,0.05763107931997974,0.009139014458517263,0.04624608423457246,0.01330765817501915,0.0,0.0,0.0,0.905961596443291,0.0,0.004493939947005097,0.011414196410766084,0.7836088491413531,1.0,0.7258882905235269,0.9449400880000394,0.0,0.04521894249564862,0.045105077722526046,0.0,0.0,0.0,0.0,0.0,0.006752285488874562,0.012290680612261263,3.0
0.048155952049197356,0.0,0.0,0.0,0.0,0.10078578711948834,0.0,0.008190121225765184,0.032907486868633894,0.013276989109275696,0.012178882752966901,0.0,0.05133313145042028,0.037011206355462886,0.005241192872437236,0.016694876139095812,0.055680132069576074,0.1412881034830517,0.9042890657501833,0.6166147501859859,0.777218958850475,0.7238878284885423,0.0,0.013599906708529586,0.0,0.7984600832010654,0.10108827221157034,0.0,0.10526906878610574,0.05426073568534976,0.004266150929436826,0.01404108935744459,0.024932358791343024,0.6594902556864283,0.8415681258573809,0.7794398597792983,1.0,1.0,0.012470185440753897,0.0,0.09520925356848986,0.783843897985159,0.059512517022556645,0.05837567884605395,0.0,0.0,1.0,0.0,0.03886759557496998,0.7509306336592702,0.05650205736508998,0.0761663484809067,0.021963770014780795,0.04455320869813138,0.9443511199397633,0.1727392154364195,0.0,0.0,0.9010569475629836,0.8641655537887671,0.987896763390772,0.823498402607691,0.0,0.0,6.0
0.03509445614260681,0.0,0.06070239967084087,0.0,0.0,0.0,0.0,0.07649493034301094,0.030560664632951668,0.020817819412709503,0.06870652653747038,0.0,0.0,0.059210005552176426,0.0,0.006929688653022195,0.08382363128384392,0.0,0.965910759943224,0.8451392046215122,1.0,1.0,0.0,0.07977631309288755,0.0,1.0,0.011221717799133099,0.038771794749275994,0.0,0.05825731709248047,0.8638569968431689,0.06516745534733247,0.0,0.18422583707066034,0.6909299947531613,1.0,0.7191172857143132,0.7453089745694577,0.01464608928815494,0.0,0.0,0.8665224413636692,0.06813202572570964,0.0,0.017915660312677408,0.08499784103976578,0.7357188621565061,0.0,0.0,1.0,0.0,0.07908614244370955,0.0,0.0,0.8360586737290268,0.03048759793594348,0.04542896975012728,0.22654122690607606,0.9288974607588415,0.779371177539898,0.7943700536978443,0.7874324031183114,0.0,0.05137519080420214,8.0
0.001675336810376561,0.0,0.015001387058681795,0.0,0.028741744481852113,0.018447076270899743,0.0,0.0,0.02787401144058185,0.00888776355288773,0.03601702223146304,0.04861215739691397,0.0,0.0,0.0,0.0,0.0,0.0,0.8692794220768468,0.8686821698855994,0.6767852244390266,0.7667889729547325,0.0,0.0,0.028477940001998776,0.9015837418397188,0.14102687158332367,0.03668968999260793,0.03155482068281434,0.116753555173411,0.7869246979967024,0.001494128636600398,0.0,0.0,0.8672277682179759,0.6925047544800761,0.8106805475203512,0.7055684389342936,0.9369608942606645,0.0,0.015303862962865483,0.0,0.0,0.00951036063251755,0.036656801803711205,0.03032716932791294,0.9318522556985215,0.0,0.014877568873131759,0.0,0.0,0.015207753573124856,0.05613246241624592,0.0,0.839051461166798,0.039468247625767,0.0,0.0,0.0,0.0,0.033117613746614684,0.0370453295091749,0.0,0.0,9.0
0.0,0.0,0.04174451963435189,0.023584913451903278,0.0,0.0,0.0,0.0,0.0,0.0,0.0,0.09674445790291936,0.0,0.01858811531717925,0.0,0.1039778591429212,0.07594097981561626,0.0,0.9913077222717277,0.9331841668145326,1.0,1.0,0.0636944806316755,0.0,0.0,0.7648196402747529,0.038100474380576344,0.0,0.03048053969418564,0.012724089796191633,1.0,0.012067339667388256,0.0,0.923249103501886,0.0,0.0,0.10818962415170628,0.0,0.8077601364688473,0.09862101950451385,0.04732042325821075,0.7327730806022497,0.0,0.0,0.0,0.01079310852336647,1.0,0.04460759086895058,0.0,0.7215290173202974,0.013400297714420199,0.025732460885615274,0.0036244613689563237,0.0010472177839837232,0.8573491668568438,0.0,0.0,0.061194343435940046,0.9090656530610833,0.665618220789509,0.7507094006912973,0.9518000292162665,0.07562024087980475,0.0,0.0
0.019010436144906405,0.02669128018229452,0.05193997537787834,0.7560041170990436,0.04372065228723139,0.012200442365612268,0.29937600177484125,0.0,0.0,0.0,0.0030326478625921863,0.9040956659161066,0.01122901683350958,0.03120524633007702,0.008108025124815985,0.0,0.0,0.001687509019669936,0.0,0.9566121155946836,0.0,0.0,0.0,0.0,0.0,0.0,0.0,1.0,0.061382548184965816,0.0,0.029806119248907643,0.03274462779506493,0.0,0.044820072389971315,0.0015784202637478002,0.9054831072104732,0.0,0.019226503951921808,0.0,0.0,0.0,0.0,0.03953895314543911,0.8815332081983254,0.09083816594261253,0.03182733602899753,0.3249650792506181,0.09867907415803051,0.030990010159761213,0.10926543614060387,0.11500975364866835,0.8263500262144728,0.0,0.10581462749262481,0.0,0.0,0.016967983515226114,0.046570503003257546,0.00034589639167461716,1.0,0.0,0.051626469260604296,0.0,0.0,1.0
0.027586455183852627,0.0,0.0,0.0,0.0,0.07940024502748175,0.0,0.0,0.037185757005948054,0.07409435900130823,0.2454135640461636,0.08014375680371172,0.053402765161257026,0.01638711877350477,0.012690814687814918,0.019525588603523353,0.02123667048523649,0.0,0.8309762490894174,0.7672976978224668,0.7915138955608232,0.9293233918965781,0.0,0.0,0.002506273501132989,0.638449919880296,0.001149097483119309,0.0,0.003588248379352241,0.0,0.9429366830178079,0.06043531400516533,0.054903441427227376,0.043545380027466336,0.9694841800438646,0.6779116527298458,0.9268077596666348,0.7376593360625889,0.9213721866625253,0.0,0.007691896973987066,0.031195776252561314,0.0,0.0,0.040635587554784434,0.10210954973872843,0.722995936247689,0.0,0.024282741829328974,0.005291392562833887,0.003060558195951722,0.011163311887657396,0.0,0.026727009769594086,1.0,0.0359227210507454,0.0,0.04468364598405664,0.0,0.028539766275610653,0.0,0.07154521797196264,0.0,0.04161581191998677,9.0
0.01624297296526865,0.10691348899156247,0.0,0.014977033397167914,0.017917386180058885,0.0286164941217205,0.021861408025591365,0.0,0.030960216027527146,0.011170916724721897,0.0,0.0844007942077256,0.0,0.048186257512778295,0.0,0.0,0.0714150534807158,0.07662747449307364,1.0,0.7337608424704408,0.7377301698863394,0.755195496079788,0.02444860440096186,0.0,0.0,0.7580818257602617,0.0336687785999771,0.0,0.03206586215043145,0.09276730717364762,0.854023195131221,0.0,0.0,0.0,0.9167915997705407,0.6606699089766214,0.797897526155553,1.0,0.05806032795602384,0.08896740311819513,0.05754647452770764,0.6952826138508982,0.03939893146764395,0.011274076322222763,0.0,0.05740340631152401,0.8798109873450881,0.01656788695654497,0.04096696042792765,0.71325992223988,0.18405212736675353,0.0,0.0,0.0317124350308645,0.9519284363356761,0.0,0.12130768116074211,0.0,0.9157223329044047,0.9258905102100966,0.6988027841304749,0.7905860950137737,0.0,0.07309452542807796,8.0
0.002684239938184182,0.0581657578365447,0.06862960466717437,0.0,0.03798061126254688,0.0,0.011799433299182677,0.0,0.11990070934886561,0.03158750297786756,0.0,0.0,0.0,0.013969077744123745,0.0,0.10541203862318882,0.07122316222802147,0.02780006074211426,0.9900740216071661,0.8631317792491972,0.7987882281046693,0.8152575078172276,0.1625317578880391,0.08838661995718322,0.034614604482929114,0.7856350779581618,0.11206129935323117,0.00017491330370373066,0.0,0.012399459665991985,0.0,0.0,0.05682926738632288,0.8487164257542553,0.6778008764951867,0.8242832055239623,0.7535439983239451,1.0,0.0,0.0,0.004331011107145271,0.7719635847545242,0.0,0.0,0.0,0.0911150024057347,0.9591641090814977,0.05188863497133768,0.0,0.7403678201917538,0.0,0.04147894416375149,0.024608476261156774,0.05398196219503742,0.8296936851030956,0.1384865133200371,0.05524316266960665,0.05442250948290583,0.8943895765859037,1.0,0.9554519371900225,0.8725344666866667,0.19815661410952118,0.0,6.0
0.0,0.0,0.0,0.010929100939545975,0.0,0.06830532935805993,0.0,0.016642868960013175,0.04568524554134313,0.005916741282270222,0.7847587756747724,1.0,0.8621563587088001,1.0,0.08290137063189504,0.05522110248055683,0.00390917737856966,0.0,0.0,0.020828317849789637,0.08840498586653524,0.0,0.9769952516939824,0.023814342690770873,0.04454732335276255,0.24311492740700658,0.0,0.0,0.7602720445509171,0.8999800926878176,0.7625496932991545,0.0,0.20913172849339742,0.023552572504173058,0.0,0.0024206596078653196,0.0,0.0,0.7864775241892433,0.0,0.023935837429715594,0.05501690340434519,0.0,0.0,0.0,0.0,0.9408997601432127,0.0166494178561305,0.0,0.0,0.8272965106828344,0.7604149044095214,0.8104037533601206,0.79835153961584,0.0,0.010139604032378196,0.0,0.08113150821598059,0.008386248021331111,0.04427834194203972,0.0,0.0,0.059283970978874494,0.05168646547434588,3.0
0.0,0.0,0.0,0.12833076051993403,0.0,0.0,0.03215510362192056,0.0,0.0,0.016333034539865333,0.08744938438739942,0.21494808282907427,0.0,0.037778925490948606,0.0,0.0,0.07841624509213962,0.0,0.8951188550505444,0.7722895412938592,0.649347841457775,0.7828524708472727,0.003343585804011274,0.0,0.0,0.8072115841360495,0.0,0.009077646998356075,0.009825077025325774,0.0,0.023840075490619186,0.007195280795983168,0.0,0.925082992499972,0.8511341554723082,0.9975683484067507,1.0,0.69526205584052,0.004410690530210813,0.0,0.06361285932965481,0.7322522120750059,0.05451222092399652,0.03821087196730056,0.015817952292310696,0.05957898476002621,0.737721539316222,0.0,0.08601791789291219,0.8349242256383185,0.0,0.0,0.0,0.07331175434347163,0.8745008122164095,0.0,0.0,0.029270509841146305,0.7230027274568217,0.8666604141366131,0.8410262270446456,0.8776067879433384,0.0395572090583107,0.02293861945946778,6.0
0.0057257172599994915,0.0018187587284099523,0.0,0.9986074669593242,0.0,0.08333534485577616,0.04576913202984398,0.0,0.004416192590529069,0.0,0.0,0.7745415200260304,0.028146517134171607,0.06719982018775086,0.2670643072699552,0.0,0.018109377758476847,0.0,0.0,0.8222361114853498,0.0,0.0,0.0,0.0,0.0,0.04453372241514706,0.0,0.7775087419625452,0.06417896710009661,0.0,0.0,0.0,0.0,0.0,0.0,0.8728276419408588,0.012800352554007436,0.029655956449103266,0.0,0.00651159233900171,0.016895813360148917,0.07167795317645964,0.04896835153230897,0.7507106240627461,0.0,0.0,0.0,0.1279847487934765,0.0022309265276500285,0.025376319464882592,0.008481089657169334,0.9056454786122139,0.0,0.0,0.017915976125643225,0.03985307163853212,0.07393155916428637,0.0,0.22318725276754123,0.887318244384318,0.00436178210456363,0.0,0.0,0.0,1.0
0.0,0.047069625436504586,0.0,0.0,0.06531744419103648,0.00521022647230099,0.00979778241047032,0.0,0.046682098812127246,0.10034534994884198,0.0,0.0,0.0,0.03823819162660137,0.0,0.017825881122031335,0.0,0.0,0.919538772559199,0.8579127246272267,0.8084124553061326,0.80703426297398,0.0,0.029630840145059303,0.025625819712449288,0.7865477708722145,0.0,0.0,0.0,0.0,0.7533314246330771,0.03637338267009451,0.0,0.014971343780772306,0.9714807311718149,0.7570206841953182,0.9836715959627158,0.7712682879646993,0.0,0.07189406582380718,0.0,0.9590802366059271,0.17415208213256553,0.0,0.04831681812295016,0.02531833961843327,0.8529457041537841,0.0,0.07699434721940289,0.8003836676176215,0.09752398813374595,0.0745695000836196,0.08808107914971022,0.07093862796655062,0.7341156813210881,0.0,0.0,0.0746343821225535,0.7313951550061111,0.9829481146830813,0.9831677463649788,0.9424717802326626,0.012193783385624725,0.009696298536428132,8.0
0.03249934631835066,0.06184551542512595,0.023001971882726173,0.0,0.0,0.01844791425333164,0.012599016299924735,0.0,0.13810008425767709,0.0,0.8713355968202485,0.8876142289968141,0.7351519267236594,0.7053194463525272,0.0,0.06409398543420435,0.0863377624213671,0.0,0.0,0.0,0.05679739003755956,0.0,0.7419902401622914,0.0,0.0,0.11650172410117748,0.10682101356204565,0.01450873857934721,0.15708776118164622,0.7381778233268244,0.0,0.0,0.13127080830827398,0.0,0.2548378839850215,0.006720323065212363,0.8822778404855072,0.05776123392689717,0.09416037311338166,0.017795682296589482,0.0,0.0539798461493928,0.0497158129724079,0.9389276233662377,0.0,0.008480540977454456,0.0,0.060015858743385955,0.0,0.057097612286009874,0.8068998666386561,0.9042360893002676,0.8466864758398746,0.9345957074145939,0.8716487508404821,0.0,0.0,0.0010276563917931026,0.0,0.03156197509352734,0.0,0.0,0.0,0.013895415330544229,2.0
0.007526214187068433,0.0,0.0,0.0,0.0,0.059931274045122634,0.05269587015761404,0.0,0.0,0.0027017198399819638,0.9354883498864395,0.9351874876831343,0.8924152940921012,0.8702588475709215,0.0,0.11122022214823574,0.162467754222938,0.0,0.0027527884349567017,0.0,0.0,0.17801566786348713,0.9504711303534158,0.0,0.0,0.004081409587865438,0.0,0.01596300592497446,0.013510394449462152,0.8485612430395872,0.007122785999170106,0.0,0.03265194366386373,0.01824828477680534,0.0,0.0,0.910142593381433,0.0,0.0,0.0,0.07700175504898477,0.05713086101374473,0.0,0.7517043065190347,0.0,0.10492644582948576,0.10221963589009397,0.02604917128397151,0.046482468761213376,0.0,0.7425191976581327,0.8336850012698611,0.6962522537838632,0.9148130050174336,1.0,0.0,0.02407803623782886,0.0,0.0,0.0289033718985839,0.0,0.09919300137834093,0.01715580863912738,0.06547109685618693,2.0
0.03674013187821816,0.7534912788846841,0.8311259379321332,0.7730647131149386,0.8693634849943507,0.9711841898248608,0.7041429411331606,0.0,0.03193405475351513,0.0,0.0,0.0,0.048690719443638446,0.1730763316724306,0.745474035439698,0.0,0.0008427907196753,0.10865992745001232,0.06396512391064083,0.0,0.0,0.9243655307028592,0.0,0.0,0.0,0.0,0.0,0.0,0.9233725606861725,0.05121905552315427,0.045633441023155225,0.0,0.0,0.0,0.0,0.9111709621922198,0.09033551616581648,0.0,0.016050621125948433,0.0,0.012089100970209625,0.09185081193146592,0.8841085721764808,0.0,0.10283550226597445,0.0,0.0,0.0,0.0,1.0,0.0,0.05686930491125025,0.0,0.0,0.04011103290194838,0.014535067743148198,0.0,0.08400550741360174,0.03370942294045278,0.0,0.06244021847269257,0.0,0.03862479992066322,0.032480466031857155,7.0
0.024488607394990102,0.0,0.29120794762070235,0.0,0.0,0.0,0.0,0.0,0.01378849670831393,0.0,0.0,0.0,0.0,0.06173823812615667,0.002021550493191259,0.028795040069893058,0.0,0.0857931105441349,0.7604725131629098,0.8259878759629408,0.84062705314047,0.8635855429575956,0.0,0.0,0.0,0.7811276707088254,0.0,0.08377750074087244,0.0,0.0038944041754790885,0.0,0.0,0.0013627703573542633,0.7991738033547812,0.9392308973097825,0.7898445394502333,0.6443931366704786,1.0,0.05753275930500223,0.029938750416846828,0.06305247214898428,0.9487494986802266,0.0,0.0,0.04204984026449183,0.03580290678025146,0.7682675400125223,0.009839438010993282,0.026334425762980077,0.863159529061059,0.0,0.017707142590581083,0.0,0.009006542333654827,0.9973130880034483,0.0022558418651429913,0.030998799424673526,0.06350263232483998,0.8717894733448587,0.9062874392816326,0.8382409932269312,0.9842197944481013,0.17903534640278257,0.050125457199828916,6.0
0.0,0.003031712120440035,0.05262078928417329,0.021687051723364638,0.035182143397973924,0.01519902919769165,0.05046304791272502,0.0,0.004671348002817307,0.0,0.8827500012776299,0.7685904397162955,0.8357027024619061,0.6769671707320186,0.10898611173091968,0.0,0.01761289373992012,0.0,0.025007654332290487,0.09117525252377084,0.0027030200685018275,0.0,0.9617595702357914,0.07805082966022031,0.0,0.010316402489872478,0.013829494616903394,0.0,0.0,0.7193368672201708,0.25306200940179896,0.001279342721527255,0.0,0.0,0.024734301779584734,0.1366104877411556,0.824232217732565,0.05309462171514428,0.03470326066950741,0.0372695978229092,0.045242808839542056,0.028255116325971975,0.0,0.8632676913119766,0.0,0.0031653138465703476,0.009474659207283836,0.012075054347053298,0.04505052633286861,0.0,1.0,0.9358047451072568,0.7692064923180751,0.7734586022993828,0.9447797409566259,0.0,0.0,0.0,0.009931563449808981,0.0,0.0,0.04092765017215225,0.0,0.01862967072912989,2.0
0.11599488007548142,0.04162883928262004,0.0652358771396994,0.08214520212990828,0.017905015362211323,0.07428113453867803,0.0,0.013401258346078485,0.0,0.075803358970315,0.02719327139511661,0.02420817800777822,0.0,0.07510042408754736,0.0,0.0001610226853529411,0.0,0.0,0.8022215051784479,0.9666138314253551,0.9601978687339591,0.9034448756924065,0.004780935495573197,0.017964766665778686,0.16364013760851104,0.7380242009924699,0.06167238393877894,0.0,0.0,0.036619466027586804,1.0,0.006640770136778672,0.0,0.023782853988603036,0.7400731119897356,0.7831334244595182,0.8416424822526866,0.785525178644504,0.9592228513034549,0.04017905373936932,0.025331258394129377,0.04015950824981696,0.02614582003812175,0.0,0.0,0.19981939236726512,0.766931294754815,0.02107810590717276,0.00610800813290557,0.10512252749971972,0.0,0.0,0.017776663075519485,0.13358499429370924,0.8883929135471489,0.0,0.03941240241737922,0.0,0.004804212542112028,0.13000991802517572,0.0,0.0,0.009079520234457667,0.0,9.0
0.004987734763203404,0.7315091013140638,0.8105090081877939,0.8947620930528983,0.9341410779062685,0.9567926333996244,0.7540414641440104,0.00161017453291848,0.0,0.0,0.06395304795926782,0.04543228687968306,0.012918529893495224,0.0,0.8872486413044386,0.004411337107475381,0.002031396964866868,0.06233967641717739,0.0,0.0,0.013875401440093724,1.0,0.013849364900261646,0.0,0.04148652770069253,0.01938793671570237,0.0,0.05568604981365727,0.877083075152069,0.0913418418912637,0.0,0.0,0.07335507459669334,0.058955889178357694,0.05269023738394776,0.9431560787609337,0.04413705586363929,0.06367349295549025,0.08726790848185961,0.0,0.04679563169031942,0.0,0.7452029327055367,0.0649585826836246,0.0,0.06459783147528701,0.05600448941682489,0.0,0.0,0.973544600524148,0.03159109162299216,0.1528699666022438,0.0650564227834498,0.041319499279810906,0.0,0.09017315766428798,0.03957726420227302,0.22698861065076684,0.0,0.021057597464252755,0.05007286941836481,0.002092675861065041,0.05723016644418071,0.036687666096527675,7.0
0.06332575059889557,0.0,0.0,0.06785750353962308,0.031112499523771937,0.032907424227339464,0.0,0.0,0.024452812640709642,0.070595204352949,0.0,0.029148001864612996,0.009464185967797887,0.0835913339052308,0.010217936239693613,0.0,0.0,0.0,0.9270213208439295,0.7934649723739156,0.7186039058874051,0.8654895379906374,0.10401190894598077,0.01852721228348704,0.002539267107022584,0.8769220936287414,0.0,0.0,0.0,0.009963731636785558,0.059071425615597556,0.0,0.16143588713530496,0.849268191849769,0.991354775758099,0.9282362577909941,0.8142393446696534,0.9651865603436456,0.0,0.07504467073871761,0.008159899495441212,0.8689161307912722,0.0,0.0,0.0,0.08984283494338335,0.7609502356302925,0.0,0.0,0.9225918971141513,0.06298726935627967,0.035553341310356514,0.0,0.0,0.6843146484970245,0.12255836422756616,0.004496824595092572,0.06954233184088719,0.7864892569064108,1.0,0.7234873458298132,1.0,0.005379276236426818,0.0,6.0
0.10070224140624356,0.8969958973929809,0.9510628507407295,0.9422696409887019,0.8137678290136984,0.8958724048875019,1.0,0.0,0.08264975979107654,0.0,0.0,0.0,0.051528225535865425,0.0,1.0,0.0,0.018591333535536166,0.03641503740574904,0.0,0.0,0.0,0.795974556110406,0.0,0.21397732690089688,0.062397392744933736,0.0,0.0,0.08819331492834247,0.6534969770825068,0.019322878945223533,0.0,0.0,0.07100896230940512,0.05938076621741687,0.035720480936764235,0.9796987799045663,0.0044117204703337486,0.007610154997810981,0.0,0.009174966802644274,0.06716389792886314,0.039910919588489926,0.7639314288640339,0.004329016896978396,0.0,0.056915183675920605,0.0,0.04931016716187394,0.0,0.8811103282733449,0.0,0.0,0.17244092993121543,0.0,0.006365210124877785,0.0,0.07218940980129206,0.0,0.006085824701882817,0.046736984506262555,0.0,0.0649208299940016,0.029142146242179208,0.0,7.0
0.012449013650663926,0.7867944201130812,0.9022107270694039,0.8227170956465133,1.0,0.8140706089130042,0.6799627214571905,0.024015414163123985,0.0,0.002911017232332113,0.04055131686057056,0.022762730519713437,0.033669650485360296,0.0,0.773672575689151,0.0,0.0,0.0,0.0,0.027685965865662174,0.045933886421861164,0.906503657605957,0.030366785187358736,0.04651002859316737,0.30146809762513566,0.0,0.04664214237940013,0.03815227032021326,0.8422124346105753,0.027487815298409924,0.020745900247996916,0.0,0.0,0.0,0.03246218412553331,0.8160093609453809,0.0,0.0,0.0,0.0,0.0,0.024516534413883087,1.0,0.009969568881461765,0.1097002659728896,0.0,0.0,0.0,0.024207616693219077,0.7376207719374608,0.0,0.018840416294501616,0.11804867839086682,0.044377070027069976,0.005686576556918611,0.0,0.07369902807516439,0.032799864402825306,0.0,0.047844555346708506,0.0,0.03131421883605049,0.023178133021088558,0.027738636093740793,7.0
0.028892551911013975,0.032697238908353035,0.0,0.0,0.031399179934122536,0.0,0.07412541359513691,0.0,0.0,0.0,0.7881794499576438,0.8260094446942342,0.7300155669710607,0.8264164383878927,0.0,0.011274926915199365,0.041867334834375027,0.11473318818596323,0.8722863625465304,0.0,0.0,0.04391869578574912,0.0,0.0,0.0,0.09184799344318488,0.8726474615623482,0.7293398073081436,0.8636694601078,1.0,0.0,0.041707052862896055,0.0563156966194848,0.05864992977970144,0.02770016553613913,0.00917609795996564,0.013943418978021527,0.0,0.8412539741592479,0.0817224427410611,0.03887081969493768,0.0,0.025342256333617676,0.1343029846060695,0.05238529716597126,0.0910366012104239,0.8697136967953419,0.06892908070523016,0.0,0.0,0.8675270100832612,0.8028279542527061,0.7537176524966479,0.845393047028528,0.072590761701295,0.0,0.0,0.0,0.0,0.0,0.0,0.019318476222527622,0.0,0.06252626025458427,5.0
0.014274868991449297,0.7521101934952318,0.76339523048521,0.9242306998227916,0.840967382052551,0.9036645588939484,0.9017374455392648,0.27964722900345385,0.0,0.0,0.023517216120660753,0.0,0.00798682400100046,0.02365616892236372,0.7985472540519627,0.06111609800935106,0.07517185796919769,0.0,0.0,0.09521217363682566,0.013897728206602629,0.7918206729648687,0.007220763552418537,0.0,0.0042809410479884855,0.08193491985617721,0.03288670292242599,0.06643896042093482,0.7362354470753574,0.0,0.0,0.0014130359588321705,0.04978901766104608,0.043861827602799545,0.0,0.8549510186815051,0.0,0.0491932027765095,0.0,0.03574781121631445,0.0,0.009684778943866679,0.7623113773806215,0.0254341141991503,0.0,0.023418140796010335,0.02600648892163343,0.07691056373418677,0.0,0.6355940256239845,0.0,0.0,0.10063306736193689,0.0296521309215117,0.0,0.029352102189470097,0.0,0.03195629470648768,0.04099392241862479,0.0,0.012162780072175325,0.0,0.01190078312369076,0.0,7.0
0.016246740265594747,0.0475379639436557,0.0,0.0,0.0,0.07777093479094466,0.0,0.0,0.025714907286164258,0.008593889728635779,0.0,0.004489745148012109,0.0,0.023155011316962914,0.0030225306541129724,0.09866977183795561,0.01576799697251711,0.0,0.6926938072689888,0.9944309157983623,0.9459969758749825,1.0,0.0,0.0,0.0,0.9155197463859136,0.0,0.015767614245724006,0.060825380181368696,0.0,0.7072127617833963,0.0,0.0734671538993014,0.034306509442532294,0.7915507737527252,0.7256025472892539,0.7826566584522046,0.9253972560419347,0.0,0.0,0.0031708719581577077,0.761387407091774,0.06767683284028803,0.0,0.09871440141923443,0.0,0.6822986757555857,0.0028537321627065283,0.0,0.8210564724312113,0.0,0.029583243583307658,0.06111800536680463,0.15932397842489715,0.7597558103605477,0.0,0.0,0.04571036582523024,0.8703058089790331,0.8279857809681666,0.7485813961546666,0.901343274713515,0.0,0.0,8.0
0.12528570238873213,0.7264329292938063,0.08919418120157642,0.08488548635754391,0.0,0.0,0.0,0.0,0.10540261640420255,0.9726752325332252,0.032867263615456895,0.08157630714014766,0.0,0.0,0.0012818781222134678,0.006096147864802578,0.0558013778467908,0.7731388197782305,0.0661961914681588,0.016318083964929248,0.0,0.0,0.9271761603176883,0.03942107520752756,0.0,0.9491776347878859,0.6787473711432214,0.8124049100814801,0.8588120053807728,0.8570580566038504,0.9321052213899453,0.0,0.04987279040360826,0.0011915650318888077,0.001757661134979823,0.0,0.08703486874813443,0.0,0.832543101033702,0.05187679618321894,0.0,0.0036995346766530604,0.057704433131884274,0.0,0.029265633218981676,0.05510331560310411,0.6716688106759287,0.0,0.0,0.003307547505420635,0.019351886563538603,0.0,0.0,0.0,0.7745500994474556,0.0,0.005718792785364001,0.0,0.017471158290537067,0.028095691315291816,0.08644773215517869,0.0,0.0,0.0,4.0
0.0,0.8206685751601013,0.0004491358232598197,0.0,0.03582006892696239,0.05382627032341528,0.027455986467060347,0.0,0.07746651201444785,0.8311592315131375,0.0,0.0,0.0,0.000411508739629602,0.015273967606517502,0.20096863517419034,0.0,0.9603647086215376,0.035919557241716624,0.14802663294663096,0.0,0.0,0.8290084587799171,0.020002297698453346,0.13760495770104458,0.8513760945888933,0.8429672216059996,0.9404356050375318,0.7520751845713446,0.7543500582162609,0.8971349223039767,0.0,0.0,0.07315644491449827,0.0017289445899307063,0.06267034229861408,0.029233256414340787,0.0,0.8269113578998366,0.0,0.028687098994666812,0.02003947839985991,0.0,0.0,0.0,0.017750289851025128,0.8464281935419272,0.037341710868343196,0.0,0.01790108343414492,0.0,0.057901186556602535,0.0,0.0,0.9898279443984646,0.0,0.02439962713343497,0.0,0.0,0.020615853438457055,0.0,0.07396773381380949,0.06554009459193826,0.0,4.0
0.08015149750447295,0.0,0.0,0.014887891108118795,0.0,0.012213772041009891,0.0,0.03337298986938973,0.0,0.0,0.0,0.0,0.006137681065043906,0.019704733338374913,0.025130715016614097,0.07294624155394851,0.0,0.0,0.9158288126618218,0.9131871469437793,0.8001263751790983,0.8490134355707639,0.03245072641976643,0.0,0.0,0.9786331488545327,0.029583586212835557,0.04562487345109431,0.0,0.06338733693742223,0.7471166065933459,0.0,0.0,0.06662045706655055,0.8283259370933144,0.9852072640046038,0.8089864497261843,0.7010023016653731,0.7850859964378322,0.0,0.0,0.049991583427507896,0.07067166443853683,0.04584536175174057,0.03848743514072177,0.0,1.0,0.0,0.08980453692937307,0.045688613880914934,0.010432913367468542,0.06210357654382466,0.012429636942269097,0.0,0.8461271755579783,0.0,0.0,0.060981125454327594,0.01720033631993102,0.0,0.0,0.0,0.10136360975372026,0.0,9.0
0.0,0.02743184216271226,0.033095163453845874,0.05138135758722622,0.0,0.020513273197642824,0.07683679315883457,0.0,0.0,0.0,0.8941047877382876,0.7348940621452595,0.9043305578704866,0.6886076110345333,0.046584724416630904,0.006911857923266415,0.0030926859144181943,0.06063830520022426,0.056130301679499756,0.26582035921808683,0.06995650491729337,0.1300936582481395,0.7454089725257003,0.020704712725639333,0.0,0.0,0.0,0.01185577971831882,0.005497268834886491,0.8774814607769669,0.021063793363890325,0.047399336719039196,0.0,0.0,0.001356313238224942,0.06859686355442489,0.66258190016284,0.0,0.0,0.0,0.0,0.0,0.09077676982065788,1.0,0.0,0.019452732857466293,0.09813930817996985,0.0,0.007112244755904652,0.0,1.0,0.8294254933077984,0.9005077862047491,0.8283436284693617,0.7509538215229503,0.008658038583333949,0.0,0.0,0.0,0.0,0.012226505153309721,0.03011056152006127,0.0,0.0,2.0
0.0,1.0,0.006152773500114318,0.0,0.047764942286282294,0.056407441858900814,0.0,0.09916914091873433,0.052724043695112834,0.8927150153249949,0.04303733704943055,0.0,0.0016958425548403997,0.026489142094409137,0.0337574924255019,0.0,0.25041787610914024,1.0,0.0,0.045187754220330896,0.024892099024120148,0.0,0.8452687603475497,0.004850574014518903,0.020862668927164516,0.8989513485465103,0.7122193207486274,0.8630187070205149,0.965972439496491,0.8463090315670169,0.7554730211622832,0.020892987107054752,0.028121954980941107,0.07698754712427269,0.0769731262281612,0.0866743055623878,0.013026080325259332,0.0,0.7670741796161693,0.008075602320324973,0.024803890242215687,0.0,0.0,0.027638692410396893,0.0,0.04265183312441608,0.9900068311777318,0.0011979887690830664,0.0,0.0,0.0,0.0,0.03556997826292931,0.01592262528735495,1.0,0.0,0.053989685620190055,0.0,0.006465374107630809,0.045973557284270716,0.02905272834837885,0.0,0.029549511897531563,0.0,4.0
0.0,0.07863174886237512,0.0,0.0022127738455570297,0.0,0.0,0.0,0.0,0.002193534749004847,0.2719620711330397,0.07555357956423578,0.029797184820231366,0.0,0.0,0.012992835481315397,0.02205389004305217,0.0,0.06298253514559768,0.7173313595388533,0.8056291320367898,1.0,0.7573974257153662,0.03781108179179686,0.048490460533295004,0.03959049548576686,0.6796563427376068,0.06055312561686504,0.008692814597667277,0.0,0.015589095667743328,0.0,0.027796392354937582,0.020254082958358927,0.7651602573293622,0.7732158278805886,0.8684106987052101,0.8591242634370548,0.8064935829790202,0.016703580109339606,0.0,0.01300051463305422,0.8145435077065561,0.0,0.06354477432468286,0.04421112696710315,0.05296551235667556,0.781540618312534,0.0,0.1896017723272071,1.0,0.020491606598982408,0.09081334104034557,0.0,0.0,0.8263702896975124,0.0,0.052117703011522735,0.0,0.9190374653329683,0.8528302387215961,0.8128804511796487,1.0,0.0,0.0,6.0
0.014925527572096404,0.0,0.04765890077334492,0.0,0.0958923291936663,0.0,0.0,0.0,0.0,0.0,1.0,0.7476847834948812,0.7786497372934992,0.7179251865224104,0.07951274411678722,0.0057105763196784,0.0,0.01839076979802161,0.0,0.031953305396639035,0.016172778273856565,0.0,0.864488255694021,0.14504672697474175,0.0,0.0,0.21107429636827807,0.0,0.7831363335247257,0.8261870549272429,0.9899285618812942,0.0,0.06487370550564203,0.039270004961608374,0.13283097278953365,0.05140759470557238,0.13103673202571153,0.0,0.7035006277814337,0.0,0.0,0.014160965318317984,0.0007075340320250485,0.0,0.0,0.021753923841449974,1.0,0.012714946002190195,0.0,0.029809363863996786,0.8899878704632244,0.8468117482686257,0.731851007387805,0.803385371256814,0.0,0.0,0.0,0.0,0.036728240660267066,0.0,0.0,0.0,0.04382592550646937,0.0,3.0
0.06810022246675947,0.06582976606407119,0.0,0.020812976631223192,0.014355411579842135,0.0,0.0,0.09737385980362916,0.0,0.028792135442754142,0.0,0.053432925222570704,0.03191104832222273,0.14296451828295664,0.0,0.0,0.0,0.0,0.9529201808557739,0.987412916128851,0.6577764942204207,0.9393453326931895,0.0047263708314336985,0.04126460954033201,0.06607263725476357,0.8291371971233213,0.0,0.0,0.061624289300575896,0.033253221696815764,0.7079396796155155,0.3290065226604699,0.0,0.0090975894115268,0.985314884778022,0.796903426534859,0.8905198565658603,0.689313325761617,0.8877701922268694,0.026163247161524534,0.0,0.0,0.023869161776135368,0.0,0.011627324339572358,0.007936844122180762,0.8354020255649902,0.0,0.0,0.07562577983725564,0.0,0.0,0.0,0.004833959266938048,0.8820830496274752,0.0,0.07060910559759791,0.31047476152237896,0.1382643756625736,0.0,0.0,0.0,0.07908241285143633,0.033221249320741296,9.0
0.0,0.09083318720852956,0.0,0.9088857913848993,0.09140318749126296,0.05634718460561153,0.011514079914382995,0.0,0.028450313099542414,0.00010214928766790947,0.012144685157480203,0.9953594131899185,0.009857319875590624,0.019225339130801475,0.0,0.0,0.04596246080229102,0.03495177172766965,0.0,0.6836133040231274,0.05964782551210201,0.278507109759534,0.04794972718434302,0.04149058394061593,0.030501971859264593,0.0,0.08015973592568404,0.6880661641117852,0.0,0.0,0.005153622659104619,0.0,0.04132911841445461,0.0,0.0,0.8654488939461675,0.040788512294910366,0.1939252452396015,0.12488347433472978,0.0,0.037511592199014315,0.0,0.050302517300284934,0.7788114464627242,0.0,0.0,0.0,0.034912904506821905,0.0,0.05042261498500053,0.0020750948750031654,0.9087034106520028,0.0,0.06177646325862941,0.0,0.0,0.0,0.0,0.0,0.6814524519712252,0.05901754523135219,0.0,0.062139184551096904,0.0,1.0
0.028838680706253412,0.0,0.02342770193741779,0.7129640422059997,0.0,0.0,0.0,0.038280835103740835,0.0876870819900007,0.0,0.11010895037333746,1.0,0.02689297250590066,0.0,0.0,0.06835987972850044,0.0,0.03794191229827916,0.02861290601637258,0.8194292332185069,0.0,0.031458182163907666,0.05150541800696809,0.0,0.0,0.0,0.09989540837787209,0.8930656116192072,0.22360937119941493,0.2413154286614429,0.0,0.049627313092753936,0.1396547155901038,0.0,0.02349370420732275,0.7041943641321672,0.03619809729625929,0.10477701869160364,0.05125734567144069,0.02622216731474002,0.0,0.0,0.0,0.9639004641292691,0.0,0.021201414294354307,0.023092834619681743,0.0,0.008347154970843726,0.000503640497290271,0.0,0.7539273645863547,0.0,0.0,0.0,0.0,0.0,0.0468545179497201,0.0,0.8525179753131291,0.009282972685027941,0.0,0.08631530451627999,0.0,1.0
0.1491050429702003,0.030578366193289186,0.04687601041760433,0.0,0.006177415225745744,0.0,0.0,0.0,0.0,0.0044940443391547034,0.0,0.008715941551200219,0.0,0.03975284303447724,0.044038185862174825,0.08988703255881986,0.0,0.0041972410385455695,0.7163063681605996,0.7661358232510206,0.9738377766558347,0.78836788900365,0.0,0.0,0.0,0.7895087981435998,0.0,0.06507622248498017,0.006825882920399784,0.032915714804959986,0.7566637396136688,0.0017540625722973137,0.0,0.0,0.7972892262493172,0.9057120019828476,0.5421905530065867,0.9670822749178448,0.0,0.0,0.0,0.7340147216992912,0.04493141096038308,0.0061575806673672085,0.0,0.03085600580327587,1.0,0.06396126459670454,0.014695434440023164,0.6853308785838534,0.050656272097133054,0.0,0.0,0.019728188717291095,0.6977113997581017,0.0,0.06112732473315488,0.0,0.7699567590622749,0.7512135644910957,1.0,0.9679381123920459,0.0,0.0,8.0
0.0,1.0,0.739099147843457,0.74734291594863,0.8524034601539641,0.6888330146182553,1.0,0.0,0.07983337021545164,0.0,0.0,0.05558257033216696,0.0,0.0,0.7489428570327346,0.0,0.04382466313467696,0.0004095317539337385,0.007159530461650256,0.0,0.05018038187001539,0.8716664670225047,0.14970151655259223,0.04446434469493782,0.0,0.00767064389637661,0.06163629680109578,0.0,0.828975134241231,0.0,0.0,0.002636962982836047,0.02594719335058407,0.0,0.244150930315936,0.7522562429650793,0.0,0.0,0.006871928124252526,0.03202978954635473,0.0,0.06786879346158264,0.8785395945793564,0.14950564507822348,0.0,0.0,0.012750046822675788,0.0018918115596884546,0.02509685164507749,0.8859237675526946,0.016646614259621897,0.11828838555178643,0.025605348451072568,0.08819457328585824,0.0,0.0,0.0,0.0,0.0,0.0,0.012515228655550362,0.0,0.0,0.03590234486304416,7.0
0.0070278435540137634,0.0,0.004921151949992691,0.0,0.0,0.0006677486446044101,0.0,0.02601099030110894,0.09278551014207582,0.0,0.0,0.03432768014374594,0.023053760327160056,0.036097109620626636,0.0,0.02264411457088313,0.014191182020422436,0.09547089819202259,0.9089750054218556,0.7852708736049767,0.8279795593529798,0.6087110284102029,0.02089215037404299,0.04496835724033779,0.03380146630039854,0.8663323353862223,0.054258354565152045,0.013629186912859987,0.0,0.0335731690270392,0.7182975083891543,0.0,0.07682444923105934,0.02702453061248697,1.0,0.811008167353477,0.9335934765117676,0.900550162664324,0.0017064088253417747,0.0,0.02984563075036248,0.9403064377830332,0.0,0.0,0.0,0.0,0.8864199904215094,0.0,0.054571452217460105,0.8413609282156245,0.0018750477223044033,0.021035341995924783,0.0462062898483835,0.0,0.7855698287576923,0.0,0.04460908117800083,0.06750230576262659,0.9503234230074434,0.8576594471119666,0.9341757619007527,0.9165625340406086,0.0,0.0,8.0
0.06457227408127725,0.047732568147355686,0.04028494992998902,0.0,0.0,0.04953118164695624,0.0,0.03751566738876559,0.0,0.007157655031136361,0.9575145540147231,0.707328019763297,0.8252601989448716,0.8060873612086147,0.0,0.03624072780058455,0.041596695256495266,0.0053108615711588,0.8969843302949674,0.0,0.004660576527761042,0.0,0.009584998293259797,0.04593627738937198,0.2031392956872449,0.05050166510399088,0.9033952520381655,0.9660825388585883,0.7707841034483591,1.0,0.011937124033877483,0.0,0.0,0.0,0.07129079866897858,0.0,0.11105222678495577,0.0,0.716324634782769,0.0269344917089012,0.019782134335933732,0.06439415693210547,0.0,0.0,0.0,0.029244401643874374,0.9510632058258155,0.0,0.0,0.21750356708497304,0.719859666426815,0.7129418247034192,0.8347530200266429,0.9649728506335827,0.0,0.016488741636572168,0.0,0.008201122274837599,0.0,0.0,0.012271506714013364,0.020674692144177206,0.006932813736051296,0.011169409409538936,5.0
0.006317088270025849,0.01957397723081927,0.0,0.08595512494516705,0.047258658280202565,0.027162391556489415,0.0,0.048095732102339375,0.0,0.06620612579053294,0.011893512245668644,0.017477208437594118,0.0,0.002080903264934797,0.0,0.13242618611790294,0.0,0.0,0.671753440133687,0.8681854294797403,0.7277729872517273,0.9191050062024277,0.0,0.010697560108728925,0.0,0.9315525343117863,0.03954662320539906,0.01764200201555379,0.0,0.0,0.0,0.04604319341177679,0.0,0.7788540230114327,0.8803395390461789,1.0,0.7874460539496245,0.8474812556042081,0.0,0.0,0.03183631284009749,0.9187681613054628,0.029602120477762395,0.3102696080995608,0.0011364451574707804,0.03569229014720888,0.8027171480731697,0.0,0.0,0.8979887633282316,0.11300813135988924,0.16119686033160696,0.00010432146406840224,0.0,0.9603696240961778,0.058836128047195124,0.0,0.0,0.7911884560298745,1.0,1.0,0.7854392317814376,0.0,0.041275699245733107,6.0
0.07843169707655673,0.8525597844571263,0.24830278385095636,0.0,0.0,0.0,0.0,0.0,0.0,0.9675288692293514,0.0,0.0,0.0,0.022776005624763025,0.0,0.05983961226244519,0.030010802510987606,0.6901006211408176,0.0140517321538911,0.0,0.03628551524047617,0.03244762833664446,0.6651490476968118,0.0,0.025838038549331595,0.8031887367699218,0.7877884617419776,0.9444698964398907,0.7354843297335592,0.8428214731442449,0.76132822723003,0.007777213054781986,0.031021086507356313,0.0,0.13221038979954067,0.0,0.0,0.0,0.885394422567703,0.048284435127766236,0.01216783229611985,0.0,0.28731342653763986,0.015495194017182901,0.0,0.0035471348984644976,0.8345648104814314,0.0,0.030274118304455068,0.012927339695701218,0.11214079719256309,0.02150471693859893,0.07311052210955726,0.007193773482190412,0.9293245555577389,0.0,0.0,0.0,0.0,0.0052420866798302615,0.03603685388503203,0.00034153685042694374,0.0,0.0,4.0
0.0,0.0,0.0,0.9002244978230989,0.022257834338776913,0.0,0.0,0.011764751509236645,0.12092070161874234,0.0,0.04233740799811905,0.958741065791389,0.0,0.0692419683111135,0.0,0.0,0.0,0.04991147717670432,0.0,1.0,0.007285288607033272,0.0,0.013333716502475444,0.0,0.047337039936980845,0.0,0.04045304652329476,0.8082581435669409,0.05722560849884108,0.0,0.0,0.0,0.035725500998635404,0.07348800627349648,0.15745693877277356,0.8152146361240922,0.0,0.0,0.011569531361131057,0.05605117575208629,0.10203018735487895,0.06679716819465407,0.0,0.8614581221485238,0.0,0.014187545524624548,0.008795386242384707,0.0,0.03027478363692056,0.03665352399201332,0.018563674445115634,0.7835787462682873,0.10324547420117774,0.0,0.0,0.0,0.008296542795570457,0.0,0.3463642375509273,0.7957697758449105,0.051941000444326896,0.0,0.0,0.07867602327069978,1.0
0.02785702263182051,0.0,0.10656061619170171,0.0,0.03117418292321633,0.09612127178210603,0.03993295643384844,0.0,0.04323515192445197,0.0,0.032841992188041354,0.0,0.0,0.025382529652912673,0.07145579286209487,0.04170302814996077,0.11597325366903377,0.1293089401109144,1.0,0.8595831043809565,0.7746109744204068,1.0,0.0,0.0,0.07759069752302164,0.8707286367163062,0.0,0.026663406145028396,0.0014766213415495235,0.0,0.7809293168947412,0.0,0.0,0.03475638422515014,0.8600354922292175,0.7115982006484443,0.857134722570384,0.8430935800722048,0.03455398870911757,0.0,0.019548583425060332,0.8731747638188845,0.07936253218993196,0.018968252879832545,0.05361657527180168,0.0,0.8679188360594468,0.0,0.03485452202788018,0.7213833485888905,0.09559305324204713,0.05438426757716617,0.0,0.0,0.9332642767811595,0.0,0.0,0.03113336194404208,0.7430017252246082,0.948871121802506,0.9165887314395456,0.9166761978887845,0.0,0.0,8.0
0.0,0.0,0.00042597890465574423,0.0,0.014899815907572032,0.0,0.1244902849390225,0.03527032965632571,0.0,0.07857552585166085,0.7785792978688786,1.0,0.9824817204719839,0.8075822442564227,0.0,0.03908987897271411,0.0,0.05017903584184772,0.007322748162525876,0.00483586690135897,0.014294390890777265,0.0,0.8003456737825647,0.0,0.0,0.06541908992995381,0.0,0.03216538196428615,0.05125358115230664,0.8211109263717832,0.039933556807385404,0.0,0.0,0.0,0.0,0.0,0.8786233514380754,0.0,0.0,0.06565704501144974,0.0,0.0,0.07982153139341289,0.5964983321943569,0.0,0.0,0.06493378491143507,0.0002916943887672367,0.1455257519859421,0.0,0.8131323588762467,0.8493012349186106,0.6868302988710733,0.7740233514848758,0.6214401306786631,0.0010223797529571143,0.05250957093118347,0.03616854424177381,0.001567336972309875,0.0,0.0,0.03166294603067698,0.0,0.0,2.0
0.0,0.021293405818421207,0.021873278301054663,0.0,0.0,0.09041299672992774,0.0,0.0,0.18519011206948288,0.0,0.0,0.04271700821772634,0.05491481620984049,0.0,0.12831301634172013,0.049428842789481536,0.02909981419219475,0.0662980616710013,0.7209253478923318,0.7533439011751909,0.9553768089012705,0.9057615354585415,0.04751475075748849,0.01353091703726074,0.03180672392323083,0.7280230788676558,0.0,0.019356244737287573,0.0,0.09495932506088053,0.0,0.03629321494025443,0.015375757624147527,0.8285944369610349,0.5906667897244807,0.7153912670504733,1.0,0.7735353911152686,0.0,0.02041032569435295,0.0499876110125724,0.9383863289806882,0.0,0.0,0.0,0.0,1.0,0.06824256904871437,0.0,0.8093626948654901,0.04115890186916171,0.04133981775204201,0.0,0.015748744681679912,0.8821212258934561,0.0,0.0,0.0,0.9813764425984565,0.7713068287612531,0.8582218803262378,0.8337192383627245,0.0,0.0,6.0
0.043988724423867684,0.827134422156028,0.0,0.0,0.03660409268737399,0.031062913317783256,0.01975684237256524,0.16715669757131937,0.10080400489301122,0.796162753836114,0.0569808599560795,0.0,0.0,0.0,0.04509022629286899,0.0,0.0,0.8213526992313511,0.03627042608609851,0.11188121715848698,0.0,0.0,0.744165378574446,0.0,0.0,0.8034684774106147,0.7740297548598404,0.7623347626031379,0.9585347171560326,0.723055837605342,0.6968966914592221,0.11343297822544403,0.03760389584119664,0.05325951083197941,0.0796530259318531,0.030987673891930485,0.05767252705637591,0.029742786621286196,0.9948205107591032,0.032280487951405985,0.0,0.04305715706962378,0.017097098002671667,0.014506142870324824,0.0,0.014798367693365306,0.9259418333482496,0.0,0.02550307684541646,0.033686079250075655,0.021281722766266525,0.05770872889052027,0.09192196383346454,0.0,0.7750067685005597,0.029075323285577128,0.0,0.0,0.012468989052800084,0.04456997726239949,0.0,0.003540243452305668,0.0,0.01804292811936486,4.0
0.05623763093019029,0.03382462027211584,0.0,0.0,0.0611665163953972,0.0,0.0,0.020070824085160418,0.0,0.0,0.9063765542441906,0.6909429150854055,1.0,0.7671350732509219,0.05626787662599672,0.014902916491338123,0.0,0.0,0.7759524415669449,0.0,0.0,0.0,0.0,0.0023823110291814765,0.0,0.022525893747997797,0.813941373056216,0.8373949067484308,0.8525973432546906,0.7641274621595316,0.0811400425792081,0.0,0.0,0.040434983747861364,0.0,0.0,0.016128385107904607,0.03859341618426784,0.8353162586819018,0.0,0.006415503100403493,0.0,0.003937300493060481,0.0,0.0,0.0,0.9196850979614845,0.0,0.025207164628551843,0.0,0.9241062610280161,0.9302520191031004,0.796667593861536,0.9670811872280105,0.0,0.09319731355066525,0.0,0.030364009155304045,0.0,0.0,0.03780789480886625,0.0,0.0,0.0,5.0
0.0007233498125920584,0.024021409952339916,0.051445575519412645,0.030447072761412692,0.0,0.0,0.10468040428076786,0.022423818858506153,0.034078812312356536,0.0,0.825479355808646,0.8128285503527968,0.8863418988099286,0.7498401472834169,0.006882939331402011,0.0,0.0,0.16343339632061493,0.0,0.0,0.01623701649032971,0.0,0.819207328663574,0.0037102459694494426,0.0,0.0,0.22904147756568133,0.0002144669281359325,0.9305972109877215,0.8543587928889953,0.8745592061902966,0.013623659556294083,0.09593079909671362,0.059673324021846545,0.0,0.01283040319379775,0.0,0.02599294212818449,0.8391736811242724,0.09595099255746911,0.0,0.0,0.04718330242217211,0.03615498593708412,0.006271538914990724,0.0,1.0,0.0,0.0,0.08377010453971939,0.779561949820056,0.753443684934704,0.9969661638671271,0.6793973945252442,0.0,0.0,0.019432668037493255,0.0,0.0,0.0,0.14527511969273246,0.0,0.0,0.0,3.0
0.0,0.04464454248830875,0.0656750445332607,0.11878102771517639,0.041202045771849424,0.0,0.0,0.0,0.02522533309297272,0.031533756343978606,0.153271039445232,0.0,0.0,0.033276947546434725,0.037674839067270975,0.00445234155952896,0.0,0.0,0.6690805002369211,0.7528620026565777,0.8417227872483184,1.0,0.0,0.0,0.0,0.8314981405503105,0.0,0.010033072029868015,0.10516479938674678,0.03243894607315489,0.006215764591942294,0.0,0.04053349554685418,0.8809240361438704,0.630385348883059,0.7493878192192711,0.9051870728420494,0.7104582138963994,0.0,0.03369343073080583,0.0,0.7332312063663141,0.046195352875707495,0.029728834075005484,0.0,0.0,0.9930428346180705,0.0,0.04155586980103983,1.0,0.0,0.0,0.05418837326432901,0.0,0.9389494377128881,0.020697855036334867,0.0,0.0,0.6522457864062666,0.8685519873419797,0.7410085450360064,0.8014952526312275,0.0,0.012718805448684527,6.0
0.019872744701572968,0.17840280653776955,0.0,0.01998239219312357,0.0,0.0,0.06381830059938638,0.08202422284651167,0.0,0.020856968425586292,0.8391495938121495,0.8502175865306069,0.7687402890098568,0.9637366710056757,0.0,0.0,0.05649928773187941,0.0,0.0,0.0,0.207425285857678,0.0,0.7294115928818726,0.0,0.13607151480316076,0.0,0.03509011957658992,0.0,0.7413783845867371,1.0,0.8867688963511158,0.0,0.04840326569480327,0.0,0.01713099147410307,0.00256092195027675,0.0,0.01877673385680731,0.7286201430179526,0.000506507467309112,0.03586752009101104,0.0,0.12808361548805813,0.0039010376941368777,0.0,0.0,0.9246855162540519,0.0,0.0,0.025179686318318434,0.852627428097627,0.8691610876431394,1.0,0.9119090659257303,0.0,0.043899910235173034,0.016698410369822374,0.08530599599531413,0.037975953860052335,0.034723212407216146,0.0,0.06927874149750866,0.0,0.008584208445004992,3.0
0.0,0.0,0.07159274639751438,0.029919954715177995,0.044518581960880405,0.0,0.024533225361467542,0.08377169391293612,0.06330919334205315,0.0,0.0,0.0,0.019870396058962844,0.05706611050702226,0.023990418108445336,0.016615661547301368,0.03155581513986674,0.0,0.7549719162871696,0.8617852025636037,0.72436991359051,0.9230980601065677,0.039825152368323166,0.0,0.02777999299809819,0.7768777538871658,0.0530524172391231,0.019322465730821685,0.0,0.0,0.7647528758665013,0.0,0.0,0.07294556400374477,0.9090705319033251,0.7476050406314936,0.8291798446912402,0.7588148324224326,0.706850286186834,0.0,0.037182193264732495,0.06214819362862087,0.012442258822482278,0.0,0.015615615203858086,0.0,0.6722093985989608,0.0,0.01302847442125838,0.00286543833038824,0.0,0.0,0.0,0.0,0.7187985107597207,0.022259783067894893,0.0,0.0,0.0,0.009418613667168107,0.0,0.04532629811947893,0.0,0.004928190655705215,9.0
0.0,0.0,0.009161404511765364,0.017376245844712413,0.04894787586164192,0.021626055701607493,0.0,0.0,0.008947104999856828,0.0,0.049310586054841,0.06083012564938485,0.0,0.013890021121265556,0.0,0.0,0.0,0.023481933051321874,0.9696701020730926,0.6798030895030576,0.8133819338593575,0.7521956330648565,0.0,0.005660796540111979,0.042439144591315495,0.7372261944052786,0.0,0.0,0.0,0.0,0.8520537735891305,0.021565827384601995,0.0,0.0,0.7420662394217671,0.9079965406298349,0.840286293606253,1.0,0.0,0.0,0.30041799277611914,1.0,0.0,0.002242707135760185,0.0,0.0,0.7914640747035149,0.008466297738025146,0.004195731074471462,0.9621592315720464,0.0,0.0,0.0,0.0,0.8216018044370335,0.0,0.026254488997071748,0.07060164298419007,0.8227977280881883,0.7593836058233646,0.9689340466629885,0.963273625889905,0.049247194068826425,0.0,8.0
0.0,0.0,0.01646930378769949,0.8196108671392721,0.04650651427770977,0.09993780405165702,0.0,0.009868948675316238,0.00333573566072899,0.019978492577906917,0.15111496283863557,0.9960404395658298,0.015161756276210237,0.025081165803695446,0.016395917417600367,0.023757156548466943,0.0,0.0,0.04848526996512208,0.6893937378866446,0.0593076209230189,0.10096653441934092,0.0114142260987225,0.06553407604934983,0.0,0.0,0.012195331257983314,0.7357038120218705,0.09656551303432719,0.08207829829867012,0.01796644772641376,0.0,0.0,0.0403869293895279,0.0,0.790137388428366,0.031774081261465484,0.08285080836370562,0.0,0.08688225138820696,0.0,0.016973017740808886,0.0,1.0,0.11126080155739737,0.03413525779045552,0.0020173390698322293,0.029361880054246454,0.0,0.001436156928140407,0.0,0.8733309135021942,0.0,0.020293667978089187,0.0,0.030393822259824895,0.0,0.0,0.0,0.9397832638845306,0.04208894404346511,0.0,0.028683433786648796,0.05994794912872851,1.0
0.028084779379402455,0.0,0.07554774783657102,0.036218189942040006,0.09418937656311957,0.036268271075130386,0.07492728201590142,0.0,0.07016745866823117,0.0029493924412664786,0.019144288986508103,0.015730577782961434,0.0,0.009617084357418707,0.0,0.0,0.0,0.01032538674195065,0.8156915801156784,0.7979747667574708,0.8491063769814369,0.8191906787779331,0.004290846571249215,0.0,0.019639896232249963,0.6975494795806045,0.0,0.047647446769242034,0.0,0.0,0.930876945700783,0.0,0.015113915938245149,0.0,0.8993467710905393,0.7844488208395066,0.7310448456972032,0.890129620845261,0.7053798453494591,0.0,0.04379732698940467,0.07960819093318491,0.03336642024401267,0.0,0.04961304049119325,0.01998694609712989,0.9254407929297346,0.038825512228780945,0.0,0.0,0.0,0.03022324248369561,0.0,0.0,0.9199634069580637,0.014738633549334397,0.03469221708516414,0.09296128683368368,0.0,0.0,0.0,0.16463658258531544,0.0,0.04106390429617614,9.0
0.0,0.08885091778576451,0.14331084317968312,0.055189531663482616,0.011262170471038372,0.0,0.0,0.0,0.0,0.042107453892848694,0.7657895267101267,0.9240945910288519,0.8259847864419712,0.7741415615426643,0.053748085210821465,0.0,0.02615450898984661,0.0,0.0,0.00390600396372598,0.05793557865349635,0.06519219201166697,0.6587782812990803,0.005963706202211777,0.27533776210237715,0.05701100026895525,0.007348013519782865,0.0,0.9527186631141206,0.7363718221489394,0.8187043590290891,0.0,0.0,0.006667921292275604,0.01850763886689665,0.0,0.0,0.0,0.8997791192151474,0.056067696629341315,0.09545682847551065,0.0,0.0,0.0,0.010602020590688202,0.0,0.9270427161947352,0.12579567115696738,0.0,0.006641062069970794,0.9342969975291794,0.9299062645951436,0.9876656927218034,0.762474396078746,0.0,0.0,0.06503450547603784,0.0,0.1479518288564552,0.0,0.08558351269729292,0.02139263221613334,0.22068519001038006,0.0,3.0
0.0,0.12754299995236215,0.0,0.0,0.007957620114520845,0.035601684346716594,0.01945812131790231,0.0,0.040836545735057725,0.0,0.0,0.07546507595843113,0.0,0.0,0.05603016794411158,0.0169322927463189,0.014932569957207454,0.0,0.7553084212525485,0.93874289149178,0.8899467412418745,0.9194166533885478,0.07798104449307637,0.05898788915325335,0.0,0.7710933251044538,0.0,0.0,0.0047705219713259,0.0,0.7546814572872635,0.10390607486805124,0.0,0.09024664778774463,0.7515041483986125,0.8645064576568403,0.8991685403239412,0.7247292818842914,0.0,0.0,0.013048197068340251,0.9698391378350473,0.08747581119819642,0.0,0.0,0.08552996987404829,0.9516455292538356,0.0,0.11273593374227563,1.0,0.0,0.0,0.06289886038431755,0.10680112311621988,0.8645540998905814,0.06420380348400549,0.09610755337520122,0.0,0.8667535699993786,0.7000560706255715,0.8513544716664673,0.8130388798002852,0.006118997090731351,0.0,8.0
0.00833259581341041,0.034129308236136406,0.024492754757015567,0.023524419998148027,0.03817011873763771,0.0,0.07521711003387947,0.0,0.0,0.0020750387477671685,0.9396117245601755,0.8678630311682027,0.878873094450492,0.7524613954475641,0.0,0.0,0.0,0.0011121555852868304,0.9615665000381313,0.0,0.0,0.02952693938344746,0.0,0.0,0.0,0.0410937506318505,0.8832917386689086,0.8325603248602996,0.6686886429299265,0.7436932417572873,0.0012742524870946574,0.0,0.0,0.033881277189425615,0.0,0.026255968119753642,0.0,0.027096776269556117,0.7131847736471961,0.0,0.003004912401942511,0.09322119090340286,0.19844552570463958,0.030939047846951902,0.0,0.012517823880446824,0.6279709504602888,0.0,0.0,0.0,0.7994611749875505,0.8340761681636982,0.8164895330660253,0.9209622066686659,0.28484749238251394,0.0014703465980559528,0.0,0.10237441666443362,0.015715002390996057,0.16800977006307952,0.06031655681828673,0.012513177814098931,0.0,0.06261990508759084,5.0
0.024714033565595594,0.0,0.0,0.7973754090622819,0.03438966828212003,0.0,0.0,0.0,0.0,0.0,0.08107806325944922,0.927168455936852,0.0,0.1613262180443762,0.0251123512285653,0.0,0.0,0.0,0.0,1.0,0.013041122733569941,0.0024394455341642356,0.0,0.011741979286395428,0.015294730533074317,0.0,0.0,1.0,0.050007543894587364,0.074633968402896,0.0,0.0,0.049822892551195104,0.017332090776675208,0.016805819569108534,0.7766090596406694,0.0,0.0,0.01900307000957375,0.0,0.0,0.0,0.03517281895528062,0.7750725550588112,0.09532660798846126,0.0,0.0,0.034971420650252744,0.022803287354342894,0.0,0.05800862337504035,0.8760176863016583,0.0,0.0,0.0,0.012317154395927149,0.033592725719418806,0.08159726943890457,0.0,0.8450689497285693,0.02885590612126906,0.0,0.08530440826547922,0.041991489764035966,1.0
0.0,0.7140421103580448,0.9361494323485764,0.8601510625136162,0.8294720747177927,0.8959141985845365,0.7359819988471172,0.0,0.296446360212071,0.06994091860298332,0.0,0.05338583785341741,0.0017211306379826636,0.0,0.7755528276971183,0.03178204347439564,0.0,0.011205421614315494,0.023651733543890514,0.0,0.0,0.7860162286397042,0.053582437990459454,0.11970994625073361,0.036091862959808,0.16226631834903416,0.0,0.025215891314434264,0.8040756702997578,0.00571939049801192,0.0,0.0,0.0,0.03504236845739709,0.003696222168402639,0.9310183143225564,0.0,0.058628116161513415,0.0,0.02012150965914336,0.027507591958384037,0.02817742686631436,0.7647030697260031,0.005962742878068053,0.014575264074270879,0.03050642900964666,0.20479605168008533,0.009444558819968108,0.0,1.0,0.0016370998221717373,0.003962589237186536,0.0,0.02709993562790813,0.05279019751581511,0.0,0.0,0.0,0.0,0.0,0.030882620616115665,0.0,0.0,0.009706746803403133,7.0
0.04944070068160724,0.0,0.022324588885427786,0.19327574564694777,0.031945620047815544,0.0,0.02599924372880337,0.016486728372756335,0.03912350779149687,0.0,0.9586618176044585,0.9000434068772332,0.8214667070941094,0.7609301337067812,0.0,0.02648211681890423,0.06809136634944545,0.0,0.7290346839577571,0.0007320250388297722,0.008538472107732708,0.05970631414135561,0.04181087320077146,0.0,0.0,0.0,0.9258913295819838,0.8996353253129148,0.9654231488014824,0.7116464017327893,0.0,0.0,0.0,0.016445896522346484,0.0,0.0,0.0,0.06132347717163791,0.7670181472955458,0.0,0.024317105338394412,0.01601994502168207,0.03463838006495506,0.05214328989773053,0.0005494771223623458,0.0,0.6582483107163861,0.23419809934216143,0.021735794471619246,0.00596517941701821,0.845438779527786,0.9519479160448919,0.9368329024260775,0.7123324861768838,0.0,0.0,0.007183344111394877,0.0854265755919359,0.013251741797843969,0.0,0.0018157668699236,0.0,0.0,0.09858926159377879,5.0
0.05202769665769438,0.0015098049901514428,0.0,0.02485833543352169,0.028710018372819973,0.014635778042462258,0.096078768864324,0.0,0.032584533195885355,0.13957447490968822,1.0,0.9676467298525318,0.9455765834024606,0.7509303917058805,0.04552285160171085,0.007120159674748554,0.0,0.07448083940202427,0.005132013260733627,0.03191828983874251,0.0,0.0,0.8043878781832748,0.017790526214005797,0.0,0.0,0.03148817123005653,0.021571816084367996,0.7519734489022998,0.8427773056544148,0.831859521722036,0.026184002351253805,0.0031405919668887556,0.0,0.0,0.0,0.03550461215752992,0.0,1.0,0.0,0.03330510490890997,0.05315001715355766,0.0,0.024906964704153774,0.01565408004302662,0.0,0.8542233679122514,0.0,0.0,0.0,0.9621724894924941,0.7757167665994784,0.8092953667859428,0.9381630140013958,0.0,0.0,0.019852875657954093,0.004912488140146153,0.05731593396682005,0.04508255810132517,0.0010308398758282252,0.19427269606768302,0.0,0.0,3.0
0.0,0.0,0.005654155554285851,0.06512995818284041,0.02204763794374595,0.0,0.0,0.03205848413291996,0.0,0.06560840608669712,0.8392920304631762,0.7366453769208101,0.7211675871085068,1.0,0.03764120020877518,0.0,0.0,0.0,0.7948470722692875,0.0,0.0,0.026021777571589823,0.02496503951805768,0.0,0.007601177687997446,0.06382872924830663,0.9908590725510585,0.9131124772456777,1.0,0.7520471773077072,0.04077284713136933,0.00276056378820229,0.0,0.0,0.0,0.056786875308036944,0.0,0.0,0.801552977968171,0.0,0.0,0.0,0.0,0.016234985395509362,0.0,0.11035488514898509,1.0,0.13552422286993512,0.0,0.0,0.7921578185021413,0.8033500775718718,0.8877363801803163,1.0,0.0950239607367549,0.03911274243018579,0.01660165935232211,0.10579271258762474,0.0,0.06161197200209512,0.012509303334609163,0.0071571990138077635,0.0,0.0,5.0
0.0428015255012253,0.0341234951293769,0.0,0.0,0.0,0.07984160004866059,0.0,0.02711852312122779,0.07730454731265593,0.02416709057548434,0.024787283573752553,0.0,0.0,0.06288717351153707,0.0,0.07111277625128842,0.0,0.10096857290141285,1.0,0.7109062878733817,0.8433595802664465,0.9142224840699408,0.0,0.041273428657510464,0.0,0.9575460190553926,0.0,0.0842848929152688,0.0,0.043621550638708324,0.9911323495016127,0.0,0.0,0.0,0.9488215913628942,0.7012748383164791,0.9239505020999648,0.8901948882291398,0.0,0.0,0.0,0.7999807813792201,0.0,0.06751230828205651,0.0,0.0,0.9613737041245946,0.0869085605815682,0.02323726117121253,0.9676789686776042,0.04237122911065972,0.009086321636591154,0.03230400269108754,0.0,0.7929177492286588,0.0,0.08122309796990689,0.038621956330946,0.9779827204605329,0.9633566496394094,0.8570510724748821,0.8971257272642615,0.0,0.0,8.0
0.0,0.0,0.028278989750354974,0.6276827660307049,0.05338893198862054,0.011969689888940269,0.08743222633639414,0.0,0.0,0.0,0.018457720361268866,0.7311427592660168,0.011642293891632356,0.0,0.0723888182529812,0.03498790616661104,0.07305698554857769,0.015552846802974427,0.0,0.9025937123190317,0.02576369232493248,0.18623254655782034,0.0,0.03221757826154885,0.00013171200463720168,0.0,0.006013716028240447,0.7192594057957387,0.0,0.10548116507326655,0.03129085110184817,0.1280975275376867,0.08822229254252151,0.04536913038743341,0.04324254487393425,0.6481352265189202,0.08708753613832738,0.0,0.06438486451248553,0.0,0.0,0.0,0.05324508937567262,0.8271147225540884,0.04615858125000452,0.0,0.06499097984311596,0.0,0.0,0.0,0.004695968860067672,1.0,0.030052690618919676,0.0,0.0,0.0,0.0,0.08709000190053284,0.051826599620873395,0.6649112360545324,0.01020923081847942,0.08606134418869583,0.0,0.0,1.0
0.0,0.004731285235292971,0.022213540793037667,0.9503043755425846,0.05712093589382489,0.010794230350399229,0.0,0.0,0.0,0.0,0.0,0.7713598854783641,0.012137832582504933,0.0,0.02715623771441704,0.010427376094543608,0.0,0.09194451133142093,0.048757968382068195,0.921514661160085,0.05225451244303682,0.008619186708845246,0.006981537401318183,0.0,0.025054668838040348,0.0,0.0,0.7544238351563777,0.017637685007233485,0.0,0.0,0.0,0.0,0.030797311959048054,0.013318171126021048,0.7911898670746799,0.0,0.0,0.0053074606922178654,0.0,0.12343182023971994,0.09588346648775874,0.023453419049377033,1.0,0.03694000603562741,0.0,0.012134744931452517,0.0323733156215902,0.07441029756112219,0.002002935166465252,0.027686777111106276,1.0,0.08236710178175292,0.0631981362520634,0.0,0.0,0.003687330556742738,0.0029761564034465737,0.02066163914296205,0.9168317931238446,0.029858656626021485,0.0,0.029727667604928495,0.042369596344476484,1.0
0.0,0.025378549389014994,0.0,0.08350048737595425,0.07077963548319216,0.0,0.0,0.022893980037226883,0.013855514935130387,0.0,0.0,0.0,0.02491446405078927,0.04754906679099957,0.013041952137715347,0.0,0.0,0.0,0.8535352626205235,0.7665853424959707,0.8784506129225557,0.7596911864415345,0.0,0.1004250155678926,0.0,0.9475678214538598,0.06542840172134237,0.0,0.2648267073580429,0.038443651527157646,0.03578539447101076,0.007051761149238549,0.04908273724726938,0.8732515771699088,0.6248303692636813,0.7823923139690032,0.7226099940209532,0.8847458662732106,0.0,0.04833420845315927,0.0,0.9703023402788805,0.06012857002330827,0.0,0.03913209397088643,0.0,0.7246037374142948,0.0,0.0,0.790942948896015,0.0,0.0,0.004648899671497917,0.0,0.9793190505630915,0.0,0.022398271213551202,0.0,0.8604743738753524,0.840434099328056,0.9275524288307251,0.8448148822827828,0.029702458020585427,0.05730873070684931,6.0
0.044489081848116056,0.002841837007480428,0.0,0.01363610311794334,0.36358435732535127,0.06709740331858889,0.0,0.0,0.009790417434227858,0.0,0.0,0.0018035762653987606,0.059300528851516245,0.02795920502183108,0.08399288515549641,0.07988740930521374,0.0048000901569395914,0.0163188082916757,0.8580539540943752,1.0,0.9845542541989051,0.8126117529429424,0.0,0.003548607812206304,0.0,0.9761512871470407,0.04989776895328296,0.0006201370330737722,0.034833921299624815,0.0,0.8664262942427816,0.0,0.04890941340010635,0.009240074166289048,0.7842061129688699,0.8134418198429182,0.8243512430615028,0.8845628941336295,0.9277188110887049,0.033205638970607014,0.0984442221586701,0.006722449086139181,0.012777352745953045,0.07784650785298512,0.0037891884288766067,0.08926698123681152,0.9361257816466001,0.002619844761165593,0.0,0.012787467115881619,0.0,0.0,0.0,0.019295658516315525,0.7303471271437467,0.0,0.05076887969348647,0.0,0.046111461450866496,0.03792503225267192,0.05182230395403871,0.0,0.05076305072401885,0.0,9.0
0.0,0.03544295680755493,0.10608471764225837,0.0,0.0,0.0,0.0,0.0,0.0,0.0,0.0029331572965931893,0.06565319662746243,0.0,0.0,0.027859160512007732,0.0,0.0,0.06630607667993503,0.7324706068842651,0.8119275050620877,0.8989922464644762,0.8439983068509519,0.1083890991068429,0.012414132288248754,0.01141630968339502,0.9630229287238627,0.0074803063924163155,0.0023371963066362964,0.035081919747990915,0.045238890400363,0.7767284004029309,0.0,0.0,0.8526802287913217,0.009039346814612508,0.0,0.07319915071494013,0.006185056813974948,0.800827243193129,0.0,0.0,0.9871712325035141,0.24285520434110788,0.0,0.0,0.01797197798255742,0.9378292218023602,0.006782506310154048,0.0,0.6158130098084844,0.039617266894501645,0.09206730692145099,0.0,0.0,1.0,0.061507382825854585,0.08325858445032938,0.0,0.8466679962675809,0.6838654259930764,0.7621159694435837,1.0,0.0,0.0,0.0
0.0,0.9409830972814656,0.0,0.1321396364581126,0.05358145585949468,0.0,0.0,0.05693343959986942,0.0,0.7475123394247032,0.03115321871632103,0.055417965649345494,0.11868513140024758,0.11842525212335947,0.12561241437854573,0.049112563379102414,0.06487254481637937,1.0,0.0,0.009554245970989637,0.010975351173151321,0.09120688244607818,0.9494651641767998,0.0,0.0,1.0,0.8188123256956747,0.80706700972975,1.0,1.0,0.837392703329111,0.0,0.025546753416713565,0.0,0.05500557705394781,0.0459402664856259,0.09001963186549052,0.0,0.7877487798162751,0.0,0.0,0.0,0.03823950157376563,0.10923549520768752,0.0,0.0,0.845929461019024,0.0,0.0,0.02445434731836726,0.0,0.08283397471182896,0.0,0.018336501646278414,0.8744250106847028,0.0,0.0,0.020531508857994176,0.0,0.0,0.01086709697860265,0.08438195405471724,0.0,0.0473421437634321,4.0
0.020361161107884662,0.8592159369561336,0.0,0.006125327845065202,0.030711888643922935,0.0,0.034145701098881896,0.0,0.0,0.9222805807292527,0.021439050658254622,0.0889697291789898,0.05286089602297243,0.0,0.0,0.005848593045744435,0.018999298249709598,0.9677901462852962,0.0,0.01416980932778671,0.0,0.0,0.93698146181143,0.0,0.0,0.7959489396786443,1.0,0.7740975490316643,0.8956922450119142,0.90467345809777,0.8699049261029931,0.0,0.04853528070910208,0.0,0.0,0.05344444288926825,0.0,0.17543124810433272,0.6655218166987298,0.08660435934906835,0.0,0.0,0.0,0.008660501620746377,0.014760635628751365,0.0,0.7980585554291489,0.0,0.0,0.0,0.010134736936273338,0.018730931054893738,0.0,0.0,0.7955361235200765,0.16221765676746044,0.019508406809919797,0.03386070547173983,0.0,0.0,0.0,0.0,0.0,0.0,4.0
0.009831853898540943,0.7923288238070323,0.0,0.02877630553590251,0.00294861802264314,0.0,0.0,0.04134325769847326,0.020645570462140377,0.8415474325494835,0.012066329065657671,0.07534476843945476,0.0,0.0,0.2977380135257441,0.0,0.020213842723292248,0.6977300603057631,0.010100452197913197,0.011702854152705252,0.023005898308523856,0.015617674024793839,0.9424339650490928,0.11170136614617483,0.0607773192064808,1.0,0.840375172899213,0.8024597474521679,0.9835866254163169,1.0,0.742242829342284,0.0,0.027120307005481403,0.013660629677624832,0.0,0.06331755907877366,0.0,0.1584176343931823,0.8009098882820708,0.0,0.007511566230313594,0.01957810526839129,0.027320665545654828,0.10204992699443312,0.06308708647493216,0.0,0.7823045390460567,0.0,0.007503995735087485,0.0,0.03402209412964132,0.002232831034734765,0.0,0.0,0.673593217897298,0.0,0.024414262349630962,0.0,0.0,0.00032324993808734197,0.028558837373625436,0.0,0.0,0.0,4.0
0.0,0.044578411639839666,0.0,0.13599923653921614,0.0,0.0,0.0006969216594086189,0.0,0.0,0.0,0.0091219258023179,0.008311059028956203,0.09261228044988572,0.0072404425245539625,0.0,0.0,0.0,0.014263114837497988,0.9751346861726039,0.8721706801049047,0.9110490661482863,1.0,0.019930569393667635,0.0,0.0,0.8511206218493582,0.022243909878794633,0.0,0.0,0.04462431130917363,0.8837351596182427,0.0,0.0,0.7141973145100124,0.024153842866877093,0.0,0.01813581209286135,0.0,0.7142824941986102,0.0,0.11059809614001118,0.9280888067443005,0.0,0.0024308855745425045,0.0,0.0,0.889660061016201,0.032279763452051545,0.01253856020377556,0.8436397965086355,0.08695964419975005,0.0,0.0,0.0,0.8405521649916994,0.0,0.04493829533357542,0.032047403033368387,0.9479869183509415,1.0,0.9348163856739584,0.9616683565149308,0.004015359519139799,0.0,0.0
0.0,0.06354589495696959,0.0,0.06742682221150728,0.027791562189787723,0.07525688874985613,0.0,0.00798904245841727,0.0,0.0,0.043299980661859104,0.11921476335064901,0.021411433035710498,0.14313370943919101,0.0,0.3563933813391625,0.20992207403365867,0.0901032004860822,0.8177482845774692,1.0,0.9354176013440825,0.9748493022175823,0.08024167256149872,0.06752833403539359,0.0,0.6772399307128889,0.020203117914475106,0.08737459720387725,0.03651570369291681,0.0,0.8089508615873374,0.0,0.0,0.0,0.9588929752208732,0.89381298197295,0.9283771682752697,0.9405671692079812,0.008734188001534382,0.04098077439549513,0.06289534363341596,0.8332369732936482,0.034431331774937575,0.04884747390603892,0.08896394489683124,0.023686158573775005,0.8666693135701375,0.0,0.026926643788152373,0.8168566313718398,0.0,0.0,0.0,0.059575272455741346,0.8307509624605677,0.018584323682064134,0.06783284242552343,0.0,0.8651438965035444,0.7702297734103443,0.8325809195520788,1.0,0.0,0.0,8.0
0.0,0.0,0.11414253093411382,0.01666895551684545,0.072635326084857,0.0,0.05035644039347151,0.001549174670007671,0.034347652354610264,0.0,0.0,0.0,0.25991530958870185,0.05179518256231406,0.04119916858586879,0.059314998174077954,0.0,0.03086604994157828,0.9394781280217003,0.7367208299900011,0.9592756015384623,0.8206414056935676,0.15613116845898892,0.0,0.0,0.7174780780728731,0.015090464470298978,0.0010447565929174046,0.04158649840757149,0.011361382897421302,0.97532972243614,0.0,0.0,0.04126781774820278,0.9769250291479753,1.0,0.7384569713168883,0.8210135529803859,0.7499043410375573,0.06595753084060073,0.0,0.06055152072857552,0.0,0.023438174860958803,0.009261961449822739,0.0,0.956825940813534,0.0,0.0,0.04036580913843263,0.0029622262607862226,0.09008167237689359,0.05883813399810117,0.0,0.8417187096637033,0.019727969317843333,0.031632194659613935,0.0,0.046173441583564165,0.1961149889570657,0.0,0.0,0.003749781088529098,0.0,9.0
0.029714074811821936,0.0,0.049966228819911675,0.820792835191762,0.0,0.0,0.0,0.0759627154737245,0.0053810213610088154,0.039476179193735014,0.0,0.8581249778738863,0.06016964033386827,0.05923875251376764,0.0,0.0,0.007926216671717027,0.0,0.0,0.8454171069785322,0.0,0.2459931914876603,0.0,0.07275571885255659,0.0,0.02233892104644573,0.014598146282730302,0.935742196397334,0.041544965818378556,0.06541291720430624,0.0,0.025193220573678923,0.01600344733662078,0.038116614755487783,0.023257054872472302,0.7359386024986277,0.07775130649808534,0.0,0.10160693407385557,0.0,0.0,0.010848788246945722,0.041024037270236624,0.7724257677751616,0.0,0.0,0.05374084622548986,0.01704408662017107,0.007859957776624236,0.04208025904356651,0.0,1.0,0.0,0.0,0.01568939744649762,0.0,0.0,0.06020088075673272,0.0,0.7556199489230443,0.17787443048674226,0.0,0.03679023713156514,0.019009183442874694,1.0
0.02967968003309057,0.0,0.022573235000416136,0.020900584064943575,0.0,0.024580256832039293,0.0,0.0,0.0,0.026653053228222662,0.7241803165139593,0.7685045333758669,0.736241466505366,0.871723799882492,0.000612887739304131,0.0,0.037980251262029474,0.019639368120371467,0.9546285209997512,0.0,0.0,0.0,0.0,0.007140811782890071,0.0,0.0,0.9054887103572727,0.8550309857958495,0.6935601170062607,0.9318122067807233,0.1936471903833959,0.0,0.061939523984304204,0.0,0.046967579196602244,0.0,0.03950236328921194,0.029044704021819537,0.8683535892842341,0.25146375283462796,0.0,0.02434986054251899,0.0,0.0,0.02524781355909836,0.04552568019912214,0.9139409624643596,0.0,0.0,0.071321940309321,1.0,0.757434561758368,0.95069946471868,1.0,0.0,0.0,0.053457747529748946,0.0,0.03208923467568276,0.06376143799874466,0.0,0.0,0.0,0.0,5.0
0.03158096292451724,0.0,0.0,0.0,0.0,0.03322218367854092,0.004469184136761564,0.0,0.0,0.07872865998077172,0.04585958925699461,0.04077117181937165,0.0,0.01629877667825073,0.0,0.0,0.02811646178723644,0.0,0.9453792382644375,0.7529576195634645,0.8435097953499541,0.9099026452366555,0.0,0.059682562727634336,0.0,0.9659127409221657,0.0,0.030818528912855567,0.04494943932966432,0.0,0.779476133337794,0.0,0.06217797207305806,5.929966687294493e-05,0.7318043823460192,0.875632934739539,0.87163499464354,0.8604055132284776,0.835794725447292,0.0,0.08543726156367117,0.2727252793141514,0.007282674648616101,0.0028383103589791334,0.0,0.0,0.8516165613220327,0.039596433786709045,0.20762735236576507,0.0,0.056147036270006105,0.0,0.0,0.0,0.8944698647675828,0.0,0.050266633650535346,0.0,0.34563197432321763,0.01697180225280906,0.0,0.0,0.08579783740417408,0.0,9.0
0.0,0.01555545886429077,0.0,0.002632266630943588,0.0,0.0,0.08031660632141266,0.0,0.00889208687875581,0.0,0.0,0.05109924585158605,0.0,0.1287110572403876,0.0,0.030999429246986832,0.10116353377394094,0.01313415774265387,0.9704378807126282,0.7566248732776834,0.7067286644292431,0.8285241337442022,0.0,0.0,0.0109631597988538,0.7706310713660409,0.0,0.020099926961620423,0.02396415493808961,0.0,0.9194318113249532,0.0,0.0,0.0,0.8411477006727988,0.9668340648411415,0.9038335406928873,0.8632141345634258,0.7476940310350495,0.0444047848439755,0.05753717353237186,0.06785987083609495,0.0,0.02665711501724767,0.0,0.0,0.8636869625162626,0.04539405949376438,0.0,0.0,0.0,0.03870842481336339,0.05407566640509884,0.052909848262291594,0.7459139541898158,0.0,0.025167935106134316,0.05131249392753456,0.0,0.03017581933329826,0.07921426130574608,0.0,0.013969440999830116,0.014709412713202547,9.0
0.0,0.0,0.0,0.02859649665560711,0.0,0.0,0.0,0.0,0.017657055307591468,0.0,0.0,0.0032598192256855178,0.0,0.0,0.21902530863691275,0.0068477012708825285,0.01177809765797505,0.0,0.7641320027086322,0.7209221563720237,0.747765645794523,0.8447286870621169,0.012245081416449234,0.0,0.13190334200760764,0.8858504630392254,0.0,0.0,0.028822536100621174,0.0,0.8670131512931415,0.0,0.0,0.061488939379302714,0.8874938776940886,0.904459051025357,0.7190582021206569,0.8688637431632643,0.9161548446005031,0.0,0.0,0.0,0.0,0.0,0.0,0.055252916457556506,0.902563024036095,0.0,0.0,0.05226631689197895,0.028004712345225464,0.0,0.010069374842118945,0.02003913225738182,0.7922156164567393,0.08989275867960295,0.00021441425763859276,0.0,0.038285251871898233,0.0,0.01035589217319705,0.026585863201304696,0.04441300373476288,0.013328570508646775,9.0
0.062216962280794166,0.0,0.0,0.022487512581263885,0.038261310786490185,0.0,0.015521828925015468,0.016690627702753653,0.0,0.0,0.8477851414281328,0.7282350904698381,0.7600381565123048,0.9406219444828168,0.04534215530039398,0.036797979150369406,0.0,0.0,0.9594218650018183,0.0,0.18302057700919896,0.044549437986006656,0.007025349974368808,0.0,0.07721225035746394,0.023742204595777004,0.9152677282944282,0.7222383719859569,0.8643786297074222,0.9169757058068343,0.04370508141924385,0.011102528692889203,0.0,0.0,0.0,0.0075367652345536594,0.005857533835333369,0.014093352459007136,0.8021305666320206,0.02990301616650888,0.0,0.0,0.0,0.06892939728435862,0.0,0.026951969835467212,0.8301611111425745,0.0,0.0,0.0,0.8182035735233826,1.0,0.8617582525805154,1.0,0.20025125578373051,0.0,0.0,0.007993146873317708,0.057462067054938365,0.0,0.018310599649500565,0.020523003349701988,0.0,0.018688476254039434,5.0
0.03865493681281333,0.0,0.0,0.0,0.020549914740950515,0.010120126252005687,0.032310514854370274,0.02531099783338155,0.0,0.08215403826125611,0.9459271025008742,0.852220773722129,1.0,0.9312095490755475,0.0338960013384118,0.09720628308427826,0.0,0.0,0.009390821467529337,0.0,0.32171768105014736,0.01623744134325538,0.9921474357449412,0.0,0.0,0.0,0.0,0.0,0.9599555096870966,0.9153861089421039,0.8539244293653496,0.007029814242925803,0.012548095442498162,0.0,0.08910436399894683,0.0,0.031211957289080734,0.019984420476608963,0.8518696509242428,0.0014241875915274118,0.021867377603495417,0.07581091106284284,0.029796405410163714,0.04186390988059742,0.08103660871176405,0.06441599296998438,1.0,0.0,0.0,0.0959463969272417,0.9899349653827734,0.9268132440469126,0.8266135722683898,0.9033387679426109,0.06051916122845046,0.0,0.07115229056797277,0.04061509326027352,0.053656829409932355,0.0,0.013060100492372896,0.0,0.0,0.0,3.0
0.02201277062274928,0.7867099954298616,0.0,0.0,0.02269948038904797,0.025672445412115066,0.0,0.0,0.0,0.838999280040229,0.0,0.04505558415298181,0.0,0.0115140220814767,0.027804878077848906,0.0,0.0,0.9607380822098113,0.04505621678388697,0.0,0.0,0.019056246580366476,0.7909833473134037,0.022084287885107783,0.03815897655934591,0.9166535778567925,0.9828539005925578,0.7414254350672713,1.0,0.916046240587076,0.8642544083608996,0.0,0.0,0.0,0.02915259072328393,0.03122847503292138,0.026944744644939858,0.03270515249026967,0.673466792342164,0.024154304041326152,0.0,0.0,0.1262769140759141,0.0,0.024952443303843948,0.008284233131505225,0.7730085726497743,0.0,0.0,0.0,0.0,0.03999363842515057,0.003946359992939371,0.0,0.7713124464581962,0.0,0.0,0.0,0.09996175485900295,0.0,0.0463556113840463,0.0033819163772932856,0.0,0.0,4.0
0.033636026381333506,0.0,0.011513721798496574,0.06041248053985633,0.0,0.0,0.0,0.0,0.1212128346774738,0.042236388868950155,0.0,0.0,0.0,0.0,0.058441277456663714,0.08028450495285361,0.0,0.024912276497163866,0.721056826057348,0.7624616445658225,0.9776358248888103,1.0,0.0,0.0,0.0,0.9847163343630282,0.04150583103230865,0.0,0.0,0.03680312888214357,0.0,0.0,0.0,0.7843224926001579,0.6757986636210326,0.8590049956356116,0.9632022187121699,0.7664377685608381,0.0,0.0,0.0,1.0,0.0,0.0,0.0,0.022924831178307143,0.9136808875082534,0.0,0.017194539583640686,1.0,0.0,0.0,0.0,0.017127077292399203,0.8544263669729705,0.0,0.07715367614969122,0.03345120017341861,0.7014475123930171,1.0,0.8582006340033626,0.7441465053273733,0.030360548564151865,0.0,6.0
0.0,0.8438288165839929,0.9019020737591997,0.7659735157504646,0.9315326335157256,0.7756616666569364,0.902869322487558,0.013352405185011502,0.08055158467321155,0.0831021693170228,0.0,0.06165539957955693,0.08598897983536442,0.0,0.8070011077043187,0.0,0.0,0.01159201727348715,0.038142599607227094,0.010225793095692324,0.036471571850780884,0.9672873905612536,0.03214011942969283,0.02716019372049096,0.0,0.0005070113137519074,0.02582603194470119,0.0,0.8474648754052566,0.07001381773078051,0.0,0.0,0.0,0.0,0.05742990404528078,0.9188450218375224,0.0861463524782125,0.0,0.0,0.012179671225588143,0.0,0.0,0.9159166978055874,0.028976404671010154,0.09581841926712795,0.0,0.0635386544907033,0.0,0.0,0.7500929092453075,0.0,0.0,0.049309477306340915,0.0,0.04393450656586551,0.0,0.011799401510177547,0.0,0.0,0.006440925864973675,0.07122574474696387,0.0028291501826860407,0.0,0.05478066292111521,7.0
0.0,0.0,0.08983717673752714,0.0,0.0,0.0,0.04361137017178627,0.02721902917996454,0.0,0.0,0.8042359974274645,1.0,0.9029190269427196,0.6976239270260035,0.0,0.0,0.0,0.0,0.0,0.0,0.0862538243762903,0.05293325641958824,0.9312026768196942,0.05517485364623953,0.019383402221249454,0.04937627311017349,0.0,0.004628806009303883,0.7746776961855368,0.7230233936879786,0.8640241448212151,0.014309039942358357,0.0,0.22651956874255347,0.006436178950063551,0.0,0.0,0.05089779911707659,1.0,0.0,0.0025312701153040263,0.0,0.0007167995454116066,0.0,0.0,0.04761608015042466,0.7448847557715599,0.02407364446274913,0.0,0.0,0.8079313146022815,0.9245042333586752,0.8178070100646099,0.9921784238432361,0.015177772870218507,0.0,0.017260099179130253,0.0802096271361919,0.003969396287689167,0.22301080542201546,0.08948615655146819,0.10080587972334532,0.03490533629681872,0.0,3.0
0.015393604177716323,0.0,0.0,0.6681860479428894,0.020991700818460243,0.0,0.08248457091213826,0.0,0.0,0.0,0.02184148577471499,0.8349899422048975,0.0,0.12679425754975962,0.01480753810262949,0.048238034782346256,0.033241889347678175,0.0,0.0,0.7436618283091095,0.0,0.015235523855858643,0.0,0.0,0.0,0.0,0.0,0.9507929071418526,0.04742333305833837,0.02342889695338846,0.09222030658690483,0.0,0.0,0.06532637712654357,0.008847480921515839,0.9680094178598734,0.0,0.07375107300634326,0.010737002397713916,0.03348811860696016,0.005588300673618358,0.07093358030074082,0.009906189134627541,1.0,0.06433603311170687,0.0,0.07391241366565204,0.00113427024507294,0.0,0.0,0.019907153574349114,0.8952517254262503,0.03388589681765535,0.035807189507399625,0.0,0.0,0.0,0.0,0.0,0.9643600602983519,0.0,0.045813496242088754,0.05479301588969896,0.0,1.0
0.0,0.0,0.03193364078701359,0.00697632014162236,0.04426617167358148,0.0,0.0009184238955005741,0.0,0.017084752116979695,0.04173579126304424,1.0,0.7945609159077448,0.8035523145567349,0.9519069957793068,0.0,0.0,0.07933135099135527,0.00748263883407804,0.003242700509422185,0.0,0.0,0.0,0.8441892630786492,0.0,0.19075717209289406,0.0,0.022935460271146,0.03118656309011545,0.0,0.858762584963557,0.09414088944582866,0.0,0.012842496968508546,0.0,0.0,0.05483652727889238,1.0,0.0,0.0,0.035208995302256005,0.0,0.004489272415603138,0.007963981864530848,0.8283335633472997,0.06075416288033565,0.022264431811618912,0.014592444548966627,0.17204209087646793,0.03854329193490244,0.011242550434213468,0.7674176257353396,0.684408389381011,0.765278743081621,0.7193832138830658,0.8702573284353486,0.01994202319790939,0.0,0.0,0.0,0.009534105032450623,0.0,0.0,0.0,0.0,2.0
0.07571062237925756,1.0,0.0,0.018920753940674898,0.0,0.04951838430755279,0.0,0.0,0.03846064473086325,0.8938890501406461,0.0,0.0,0.09750588770037434,0.0,0.02495459565304737,0.05458080893010401,0.05904292172021996,1.0,0.0,0.05167928732889661,0.0,0.008467549736412965,0.9226950718813629,0.02565789520632278,0.022420680175445594,0.8264847175719783,0.967531693158972,0.8329537304868004,0.7798343485070005,0.8419706032078533,0.916221373967905,0.04557146193376877,0.0,0.0,0.018082979134538837,0.02416443779556687,0.0,0.0,0.784112160217123,0.0,0.005273720341879645,0.0,0.23190750057772813,0.005705520790181452,0.015111301386671414,0.013133724507038723,0.9497701620600912,0.04631279674502443,0.0,0.017714948525955742,0.01777139530730255,0.027878765290711566,0.0,0.036400761702431644,0.8505089072383366,0.0,0.0,0.12098821441836494,0.0,0.0,0.01215634812725059,0.006688703722593602,0.0,0.04470522045360596,4.0
0.00861809930637059,0.0,0.05217512790849971,0.026372710489543868,0.0,0.05128729818519051,0.0,0.0,0.0,0.023667293705539112,0.9876715396516441,0.8280486138125069,0.9456243426525233,0.9740596636797713,0.24521163164185295,0.03358347372984574,0.0170714718863795,0.007097686279657879,0.9531802387850523,0.06599721607726199,0.0,0.008452993498954516,0.03178499514629906,0.0,0.014057381164308637,0.0,0.8987246910151955,0.8390413479717823,0.6608372762060958,0.7375870637962376,0.016628686599007864,0.05547785375928785,0.0,0.0010126836632726396,0.0,0.1475565940325106,0.012578241672742171,0.0466491798920924,0.9559290021496964,0.06679970166160877,0.028975022100763498,0.0,0.0,0.04187744210070688,0.0,0.05977457600514177,0.8090603126019709,0.0,0.007279178821466748,0.08294499121335529,0.772688040541853,0.9181875088979355,0.9821253310963998,0.9375217870579708,0.0,0.0,0.03392465341285911,0.020923483913584336,0.0,0.010404416029433289,0.04140805252698847,0.0,0.037095801997698755,0.023073186190291434,5.0
0.0,0.1152419896719421,0.0,0.06756566908425643,0.0,0.046152031626216464,0.0,0.0,0.0,0.0,0.7593798244583909,0.9740572011066874,0.8752248184457962,0.8715666602805494,0.03185290633071738,0.02760844167961872,0.010434309835847887,0.12639164288534815,0.7015142664818694,0.0698418247980256,0.023315765687442237,0.006297299949777392,0.0,0.0828950926139354,0.0,0.29536291856589797,0.8554803172137575,0.718594231170245,0.7558459923085056,0.9102833711856144,0.10130126672241577,0.02571210538793385,0.08531315930868753,0.05176544580114381,0.0,0.0,0.0,0.0,0.7733393536436589,0.007737437852140517,0.0,0.0,0.0,0.0146774942212637,0.0,0.02669592837385066,1.0,0.0,0.0,0.0123695566998407,0.8675152778740952,0.7428103976445796,0.8832726175161668,0.7284135920967679,0.03989339906946057,0.0024682918143012133,0.0,0.03801719770846154,0.04351346089011966,0.0,0.0,0.010132066976118067,0.040898127647835805,0.0,5.0
0.0,0.0,0.034849869875133714,0.0,0.0,0.0,0.08286634865677385,0.0,0.0035786993884556703,0.010229844685244127,0.0,0.08623650016282931,0.0,0.05864521320195393,0.03632459564971973,0.013893427390316458,0.0,0.05185198010314902,0.9343005136302169,0.8897495610604149,0.847448165066626,0.852553263704808,0.023745911011328242,0.0,0.010655508759605858,0.8133595781142341,0.03257148845685145,0.17356768858683533,0.04344118092853692,0.008418521124824248,0.8756143670663661,0.055469673328318654,0.24041331801823115,0.0,0.9944875969599024,0.8714694892701688,0.848252732816799,0.8765050485934123,0.8952425019626731,0.006649366931679454,0.0,0.0,0.0,0.034292766751487694,0.0,0.039925779147233026,0.8071451311292916,0.009651008145797797,0.0,0.0010724740299525434,0.0,0.0,0.0,0.0,0.784401726877547,0.0,0.0,0.05813116436097156,0.03932894698853349,0.0,0.035833311514711426,0.0,0.0,0.058750078533412756,9.0
0.0,0.0,0.0,0.0,0.0,0.0,0.0,0.0,0.00017435145374220066,0.03680006929510085,0.04324825354611933,0.025017189029963544,0.02994387983422326,0.0,0.0,0.02311131482750361,0.10435612320349208,0.0,1.0,0.8874364147936036,0.8432892989644922,0.9197332687633022,0.09371259404487176,0.0,0.19099040328649586,0.8171432724716665,0.0,0.0,0.0,0.0720363457112532,0.8765490375364118,0.05584291781969569,0.0,0.0,0.8914915956859603,0.956234738424838,0.7386102360787498,0.7671240715488443,0.14676427224902955,0.06427580776626024,0.0,0.783192072711968,0.05047933810775607,0.0,0.0,0.0,0.9223334470722907,0.004195488252196692,0.007696556222928129,0.7814827412328,0.0,0.0,0.0,0.032685700445558734,0.8168571950857989,0.0010415923764856806,0.039202880789486,0.261616358294181,0.9600291471839743,0.6810172950640542,0.844959104747004,0.8914857884595875,0.28129130937478963,0.0,8.0
0.0,0.021810949409678582,0.0,0.0,0.0,0.0,0.026956534804261315,0.0,0.0,0.0,0.9144928235495653,0.8183507670358943,0.8218830351820265,0.8997253073092711,0.052415817708112114,0.007766639710921329,0.0,0.0,0.0,0.017431393976839734,0.08758260984190429,0.0,0.8830586076428828,0.07466987565412175,0.0,0.1157300433358815,0.08566949336713726,0.12148853037330143,0.9451763539833353,0.9724690538578864,0.7713001267489362,0.0,0.0,0.020790990296374875,0.060055266391210387,0.0568497695574256,0.007315753515416784,0.0722918728333708,0.7136550219980862,0.0,0.0,0.005989545384594971,0.0,0.0,0.0,0.0,0.8952098432505037,0.021865035174486472,0.04364768834399553,0.001879390247719805,1.0,0.8077985734314733,0.6284830946040308,0.7956159406020713,0.0,0.0,0.05608010159750637,0.0,0.0,0.0,0.0401479627955519,0.0,0.021897304875292272,0.0,3.0
0.056766212754157386,0.0009603201043297592,0.0018113947205517936,0.0,0.07304006108295995,0.031002120739212487,0.0,0.0,0.04596524552164003,0.0021125435062365827,0.11020538669945644,0.0,0.0,0.003824348406748568,0.0,0.020253662757101047,0.0,0.019585805845581877,0.8964812517945443,0.8204311454614419,0.9291374707633163,0.8743155153692181,0.0,0.054021147040997565,0.0,0.9510288904595338,0.008692442921277082,0.06256706213417478,0.02235714324588231,0.16148319569156647,0.7537958012192001,0.04044782604541064,0.006744652800217081,0.6908338655068035,0.07832102082112802,0.0,0.06387091340274978,0.05572401240916071,1.0,0.0010758836213903584,0.0,0.996073665107664,0.02928999963622077,0.0,0.0,0.0,0.6264505686810597,0.07255865644236656,0.24439139269715157,0.7387039491155862,0.0,0.02037066880888425,0.0,0.03295862835049891,0.7967024604586732,0.012976537437510444,0.0,0.0021192470996207846,0.8860168635767256,0.854912783169039,0.810403910980961,0.6753820810723579,0.0,0.02913565245654179,0.0
0.0,0.11032134913409342,0.00487526464914583,0.0,0.0,0.012476396422145243,0.028975675929732242,0.0,0.04284406922420179,0.03353210000376947,0.001641294600846675,0.01441435324653605,0.0,0.0,0.0,0.1703275426252273,0.02159423488653616,0.010428606373866743,0.8659840128957713,0.8760404420827694,0.9718503686872043,0.7854233007166493,0.0,0.0,0.003961391301387568,0.9483523650746102,0.26311278548117056,0.10006927170379412,0.005838501927677732,0.1749084989453035,0.8663936575431042,0.10879415379949649,0.0,0.0,0.9361472466407725,0.8455236476091552,0.7727872625942028,0.968713408455398,0.022685176855074422,0.04490277655236217,0.0,0.8180605794502761,0.0,0.008135173052975498,0.0,0.0,0.8305980618471237,0.0,0.0,0.7735302621381287,0.0,0.0,0.0024735276320799124,0.11588906912607447,0.9236776138948216,0.0,0.0,0.10567180802983545,0.807158362607365,0.8007257864190958,0.8699454076816986,0.9082881622921516,0.029536849339245524,0.04958637943762949,8.0
0.0,0.0,0.06729666686773887,0.0,0.03557348791425321,0.17620154297585622,0.0,0.04393088737561746,0.011807363782753363,0.03676626070158995,0.0010653435783814105,0.025727402238654246,0.062028227106528236,0.0,0.0073253797241177535,0.02211252963290409,0.07601523699244672,0.03049045589030667,0.8664905935418744,0.9865810100436477,0.9389312039234848,0.8482398752014353,0.0,0.005098993858917773,0.024618804241274807,0.8735775002378262,0.0,0.0,0.08692377174531953,0.022607364758086265,0.6578700723268901,0.0,0.0,0.09951873671939544,0.8510665955412918,0.9222864568524598,0.7845330866511447,0.9148399588335003,0.0,0.08008248851472827,0.0,0.6931990299448563,0.0,0.0,0.0,0.02283570462045725,0.7995643967521916,0.050398394535581814,0.0,0.8419478442241422,0.0037790301155236176,0.0033988886181535237,0.0,0.0,0.7519489865920645,0.07509849718582422,0.0,0.00028454791754804255,0.8422262926300255,0.8663599099738482,0.8042384334707899,0.8199005820990808,0.006756790753171752,0.0,8.0
0.0,0.0,0.07327325929265814,0.012922233588487462,0.032125770451350934,0.0,0.00305949671556084,0.02152536879051317,0.09710566561315803,0.0,0.03134904182609717,0.0,0.0,0.04564587482587332,0.038124629868701215,0.0,0.06253611373130934,0.0,0.7592430065175898,0.8331403290164492,0.8868059094966853,0.7472321553729281,0.0,0.0619472492299507,0.0,0.8715623013737491,0.001612144553866427,0.014634520783424712,0.0,0.0,0.7311215257881738,0.04199542576551872,0.0,0.0,0.7861798991542741,0.9424600006296896,0.9945103827334105,0.7025465270818684,0.8140443551184794,0.0,0.09187830096612087,0.09022369681862714,0.0,0.0,0.0,0.0,0.7442058530322812,0.022560465769198877,0.0,0.08029011695471389,0.11707604088057795,0.0891377688292424,0.0,0.005989741802198668,0.8475087750767474,0.05921568498221807,0.00399085205433516,0.027679137244857627,0.0,0.07351321989945085,0.0,0.0,0.0,0.0,9.0
0.0012848136098070192,0.019894134154397978,0.0,0.8326847153285675,0.0,0.0,0.07794345966401733,0.0,0.0,0.05873340025678643,0.04705416733504909,0.877242466585528,0.06751811993940443,0.015512368326501942,0.04026306759104376,0.0,0.0,0.038979378264697814,0.0,0.9720054030883708,0.017292119693137882,0.0066201125082796485,0.0869730432601447,0.0,0.017706760982367873,0.08746556630731872,0.0,0.8376047801715063,0.0,0.0,0.10944416660150616,0.008792306464697,0.1161417413991977,0.0,0.07571072133645101,0.7036548014953713,0.0,0.060325971979699966,0.014269125420806642,0.0,0.0,0.07227495022298279,0.03521162816809343,0.9658929324221803,0.0,0.0,0.0,0.0,0.0,0.008851890254582847,0.04980038669269618,0.9027773866946415,0.0,0.0,0.10728606868277522,0.0,0.0,0.09956920117827746,0.0,0.7457531592715383,0.0,0.0,0.03212400564175838,0.0,1.0
0.013459841786853964,0.0134442012640347,0.030604840845350114,0.009295173431729647,0.029273251752688512,0.0,0.19740091207775617,0.006281623676886729,0.0,0.04071669957950444,0.05690977851527809,0.053486483769314946,0.0,0.029723815360325714,0.0,0.0,0.0,0.0,0.9882223615273198,0.9840270407383055,0.8373972679082631,0.9328429621511121,0.0,0.032438737696894995,0.0,0.8882261027902729,0.0,0.0,0.015795584026476236,0.0761741210986464,0.8895980545073605,0.020775454361392408,0.041997961431897095,0.0,0.7254596996281059,0.9387919696683947,0.8963368558698751,0.8578899545705148,0.0,0.0,0.01039150301646355,0.7113879499373553,0.03537551427361854,0.0,0.05358358147978696,0.0,0.9367296071184255,0.008298916191479504,0.017513200069953362,0.7637350020656398,0.0,0.0,0.030997703833215373,0.0,0.787030558428031,0.0,0.00526938756455685,0.0,0.8645197401696343,0.8476799048103857,0.8682746174810883,0.6512091720566657,0.00232470737268311,0.0,8.0
0.05469423349770352,0.0,0.0,0.01161864229629521,0.0,0.0,0.0,0.04155419528214414,0.0024592228769645115,0.0,0.7921515524063476,0.7165501235792752,0.8421895765662366,0.8721966318120632,0.012569177046488725,0.0,0.0,0.15631091240057504,0.0,0.0,0.047052771091507,0.13383056036867305,0.811923756644039,0.03747492208994382,0.0,0.0,0.0,0.02907628582492431,1.0,0.8028403435431877,0.8209940311455189,0.030542115210433575,0.013248054636664917,0.0,0.0,0.05419194803794515,0.05225959710212731,0.03600485704459599,0.7986188246168842,0.017195339047738154,0.0,0.01988037777814864,0.10979492153623599,0.0,0.02609007816309511,0.0,0.8673009101812676,0.0,0.04577901700718784,0.0,0.9454543140496685,0.9823121375732745,0.9231775738452818,0.8069946794198875,0.07929400951068585,0.03878264501222878,0.015560265849716077,0.0,0.06309229403669286,0.005542588917942861,0.05688058032208026,0.05130474527879484,0.001341385065137346,0.0,3.0
0.03650190356432154,0.0,0.01691732801452154,0.7199280703673142,0.047737380502330604,0.0,0.0,0.0,0.0,0.13952473223689973,0.0022493757812991786,0.7514786629081857,0.0,0.06983258617833536,0.03155864994545853,0.0,0.06904071240416755,0.030813820007807375,0.08097500577220978,0.8398923739551954,0.0,0.03328092876709844,0.0005936606201040757,0.013767727156272398,0.026310693321858605,0.0,0.01717596164318406,0.8333557390340735,0.002605535566153814,0.05239299954364728,0.0,0.06227911725501344,0.0,0.05282453010029913,0.0,0.755219364998889,0.0,0.06138139682864984,0.0,0.036889488906933214,0.2055719788130544,0.018011628398742492,0.0,0.9108443177084871,0.018071049180651718,0.0,0.06478595205448574,0.06422773481756809,0.0,0.0,0.05224393720997703,1.0,0.0,0.0,0.0,0.0,0.0,0.022226409557356545,0.018271696361776234,0.9030147210270484,0.04987995549279339,0.0,0.0,0.08937282885840514,1.0
0.0,0.003875534658245302,0.0,0.0,0.0,0.0,0.0020567621194679943,0.003096390836843904,0.037833095767502725,0.08187244233643215,0.09503500463657964,0.0,0.0,0.0,0.0,0.0,0.005508009425898102,0.008060605169523753,0.7408613037867521,0.873993631651093,0.9213911018872826,0.9405163290445033,0.0,0.0,0.0,0.7113267103344895,0.01505298844688114,0.0,0.054043576195975135,0.0,0.8942397141938643,0.0,0.0,0.0,1.0,0.7136440917651179,0.9889125063837917,0.8375562249331475,0.8927034793882491,0.09888614146864454,0.0,0.0,0.007658248362189752,0.00903083936336278,0.03328896100632728,0.0,0.9581047472353448,0.030690994688873537,0.0,0.0,0.04035464338336364,0.022788465123716475,0.0,0.0,0.9265870074873844,0.0,0.030747525889875078,0.021673199076309116,0.0,0.011339423651582553,0.0,0.04269742360408706,0.0,0.004690372863591362,9.0
0.014324665943530194,0.0,0.0,0.0,0.031769872558925626,0.029374652218092295,0.007800662152121534,0.07351398694509347,0.0,0.06102024350696755,0.9667335704330853,0.9259110277571517,0.7066303095354866,0.9321745108764885,0.00832491619647474,0.0,0.05158673421631857,0.0,0.0,0.07736669459334264,0.0,0.029843817594756655,1.0,0.0,0.0,0.006241390363204097,0.0,0.019377034723079174,0.7151910089346784,0.9379951160724476,0.6712601075331708,0.13424494344580634,0.004829037587416954,0.030899074918999597,0.06252597467558822,0.0,0.05797761947080975,0.05673371917851897,0.6692576184277323,0.0,0.0,0.0,0.0,0.05906352348449752,0.0,0.0,0.8064083927227621,0.05962298618020904,0.0,0.19676774002678443,1.0,0.8654285183278145,0.7967932768094922,0.8675044844165878,0.020409196584666115,0.054118319176243296,0.0,0.0,0.006900754687609741,0.0,0.0,0.0,0.0,0.0,3.0
0.007073877549379644,0.09084484838108554,0.02049284779280509,0.7938576546375012,0.022122481183221396,0.0,0.03790929034189096,0.0,0.020672759404542104,0.007767548386872963,0.02974310819412794,0.8422545878188031,0.0,0.0,0.0,0.0,0.054854371554539816,0.11117523288657963,0.0,0.7819289217306192,0.09862617863336036,0.02742051347975463,0.04539253733888615,0.0043063533065881635,0.0,0.08373063182087111,0.0,0.6703750939618549,0.0028741815125161918,0.002667779088709052,0.01996123770385268,0.0,0.0,0.1014797591281942,0.0,0.7647435429762166,0.0,0.11424374733297389,0.0,0.0,0.03187745543199788,0.0,0.05253891949872141,0.8442217009078922,0.023184931696429763,0.0,0.06913836787664737,0.0,0.028488274608807984,0.0,0.0,0.9649223644767385,0.0,0.0,0.03453272853372632,0.02705289853763301,0.0,0.0,0.0,0.7529421001071118,0.028604271944809703,0.0,0.035940018107160805,0.0,1.0
0.0,0.0123631391715444,0.0,0.0,0.02458568502366314,0.18659987511384063,0.06520639873882708,0.0,0.0,0.0,0.0328613552821848,0.03126953743720952,0.0,0.07003352188227857,0.0,0.0,0.007764606777373551,0.05579363437759671,0.7490743676128914,0.7762291815769253,0.9224774132606428,0.7985895106288741,0.15258403850577212,0.03258702099225055,0.03231028200346192,0.8660043233018103,0.0,0.0,0.07212771732745028,0.0,0.9585159024465224,0.032804954628915965,0.09610871598874596,0.0,0.7987824666344223,0.8343126399360249,0.7833887300772479,0.9073644789995051,0.03096609254148345,0.0,0.0,0.7919163413097812,0.21028901640749142,0.06963553637914938,0.3517421557775764,0.13131341822183015,0.9494429137153171,0.0,0.09444597635400748,0.8045991322568037,0.0,0.0,0.0,0.06802261543002334,0.7458425927779635,0.08066208601719549,0.0,0.04353082300504012,0.7614250118221851,0.7699892715142607,0.8704102273416198,0.9340372039252461,0.046081605207971194,0.05111952403527438,8.0
0.09669820593329106,0.0516915644636874,0.010702328832882005,0.8394560774383757,0.05191270391036021,0.024082669671280484,0.0,0.0,0.0,0.002247506006479233,0.0,0.6639238933263216,0.08133816971093774,0.02630017502279854,0.03212989930474962,0.0,0.0,0.0,0.070602482965385,0.6982677681612763,0.0,0.02953336549015642,0.0,0.1964963960078791,0.0,0.0,0.0010066896209046106,0.8286673207494915,0.0,0.0,0.23212848480740988,0.0010592107059274225,0.0,0.03833985608254427,0.08995724421645288,0.9534994857086281,0.04425057403404811,0.0878335809351009,0.0,0.0,0.0,0.0,0.05327186419964663,0.7525925730716725,0.038808211957082124,0.029234919405038053,0.0,0.012518707420405385,0.007086942423019315,0.0,0.09328830280768947,0.7319541766465512,0.0,0.07287881231023298,0.0,0.0,0.0,0.004829666776905346,0.0,0.9395954042195538,0.052062219713959704,0.0,0.0017838056019461976,0.0,1.0
0.03744319820757796,0.0,0.01782658186104986,0.04299129622385165,0.0,0.0,0.04698700363541904,0.09159948119288223,0.0,0.0,0.992889066413619,0.9203628044671599,0.6937837557825715,0.8957845781104066,0.0,0.03394380930773177,0.009128714150898507,0.0,0.7264449362572641,0.0,0.03479142105503183,0.0020300489548373316,0.03839847728797261,0.024400115697858056,0.0,0.0,0.7292923592852276,0.8825627076010206,0.805626915812317,0.6575705471077293,0.01404345453461774,0.047326717723255564,0.0,0.0,0.018296143233168354,0.04055439183021743,0.0,0.0,0.7719185495293743,0.0,0.08909089070266554,0.051047118847083274,0.0,0.0,0.0,0.010508271897962575,1.0,0.07135463305753222,0.0,0.0,0.8858614914517,0.8769640582624542,0.8728105589056617,0.8231986580693532,0.07089850853351382,0.016088487956097654,0.11032114679600546,0.0011010784960469647,0.0,0.0,0.0,0.0,0.0,0.20904838162628805,5.0
0.0032905787571758335,0.09995217329963452,0.0,0.0,0.23911261731051958,0.03364910179127454,0.0782925628947631,0.10152511674537903,0.0,0.0,0.0013319679095767653,0.0,0.04534439158743488,0.0,0.04881682231931326,0.013054346725198857,0.02613923444812277,0.09826876875813811,0.8768432449617415,0.9328642239604248,0.8312157697793062,0.8932911301022504,0.0,0.08811758185035355,0.03890313506196044,0.8504306156458556,0.09672944837228847,0.02407346702653609,0.0,0.0,0.0012316807811869838,0.0,0.06767340797537874,0.712410359251958,0.8895000097820371,0.9002755125596291,0.7996221340256189,0.8806346880220867,0.0,0.024530519629778147,0.0,0.9695755866617763,0.018276273030736773,0.0,0.02053774492616615,0.0,0.9062903700819508,0.06983139602680995,0.0,0.6984721905249862,0.0,0.05735603987443989,0.021787047295634188,0.01257503104673196,0.6965077868473695,0.002177757368054938,0.0,0.04671604977538629,0.6921425909524673,0.968493989205753,0.7382707404541065,0.8624307468811861,0.0,0.06426128791402651,6.0
0.012212396024489553,0.20171002619227044,0.2615172473514397,0.01968241114660349,0.0,0.0,0.02451482837560389,0.09156952602024471,0.0,0.0,0.06268223551365346,0.0498308332343887,0.0,0.0,0.09109271989184159,0.0,0.0,0.08596076780942853,0.9119075509943425,0.8799293184845479,0.8700360812279778,0.8032919782116583,0.011864867923208537,0.03480193187146509,0.0,0.9949445836033117,0.0089546187533105,0.02686240809720173,0.0,0.0,0.7552407445271919,0.0,0.03170507223334507,0.03163952119351019,0.8035312389825755,0.9750524579770966,0.8053400085481792,0.6563727474061712,0.9180255641635946,0.0,0.0,0.0035388150479034363,0.0,0.0,0.0,0.05177481305694377,0.9891931558556448,0.018418639895176257,0.0,0.0,0.017055704999937072,0.006882353628167715,0.0,0.0,1.0,0.0,0.0009457611253456391,0.015345297087274938,0.027591980404816085,0.0,0.009366922045561185,0.0,0.010811057536841745,0.0,9.0
0.02428232302397656,0.8133868002233486,0.0,0.0,0.0,0.07892298761407697,0.025226292759827552,0.0,0.09530642046307398,0.9805674841243136,0.0,0.0,0.014584514100636006,0.0,0.29830468035420976,0.0,0.09841761064516096,0.7856379347152196,0.04707613094269056,0.02766149609563865,0.03876462276172152,0.06585564519327135,0.9091849217747284,0.0,0.09572568265026477,0.8777690367284531,0.9098194705770012,0.853452367946039,0.9076806824694004,0.7526280303943911,0.9399916159438659,0.005138733450087525,0.014669421165227306,0.0,0.0,0.0,0.02501818285618504,0.0,0.7884290990296903,0.0,0.0,0.0,0.0,0.08319421246606218,0.0,0.004264281677188757,0.8292280885427383,0.0,0.0,0.0,0.024523047519456317,0.05599502687457147,0.03730771214425519,0.0,0.8634163576227935,0.003246189299776186,0.0,0.09315762626604493,0.0,0.0,0.061428324465951124,0.0,0.0,0.0,4.0
0.0,0.0,0.016860982166954856,0.0,0.0,0.0,0.042306058758935366,0.0,0.0,0.0,0.0,0.017076768617197487,0.25802411403398695,0.0,0.03932409187236806,0.0,0.2375089889462494,0.0,0.8484074004475739,0.8687394279485136,0.8871064847854224,0.8371001128860919,0.0,0.0028447201975937667,0.0247490607219311,0.7910678355837627,0.003295985766020874,0.05251156101231247,0.0,0.0,0.9727058345432807,0.03991876571976928,0.05176143430008119,0.0,0.9396115012063292,0.9310958047132795,0.7229337436530818,0.8307915843433752,0.06516593353749882,0.0,0.0,0.7730078247023959,0.0,0.0,0.10061288394761805,0.0,1.0,0.0,0.0,0.6140416810679954,0.16844674942770227,0.03506128159383823,0.010898745240883263,0.004058467969357274,0.8603694215497698,0.03200972851849356,0.0,0.03381209439511051,0.9431869958398551,0.9562278666308681,0.7248753001,0.9625440843607314,0.0,0.04830348586100549,8.0
0.0,0.0,0.028921057227567222,0.0,0.0,0.0,0.0,0.0,0.05860810520895077,0.05497519268983714,0.9766854675690698,0.7999341903475831,1.0,0.824569084121259,0.062338651723611825,0.02388527682378668,0.07891261985112608,0.021648672304949084,0.0,0.0,0.0,0.0,1.0,0.0,0.23853997374329358,0.035503107488467626,0.0,0.0,0.0,1.0,0.06653760887080443,0.0,0.0,0.05156374292443249,0.01629421020026589,0.0,0.6890755820033798,0.0,0.0,0.033404935503164875,0.006289623107470115,0.0,0.0,0.9381023503935928,0.0,0.0,0.0,0.03342746393755184,0.009550259077122147,0.05186962050076041,0.7910500703052541,0.7004475809038354,1.0,1.0,0.9568707460954856,0.03584569514095424,0.04755001441989778,0.0,0.008869774207620926,0.0,0.0012263784103658504,0.011341803130574587,0.0,0.03673659090201259,2.0
0.0,0.10464512541163647,0.030991688727784496,0.0049282240628769035,0.0,0.2515043468940812,0.012378780684485335,0.0,0.0,0.0,0.027479476649196078,0.0,0.005175760688103877,0.04313110699386833,0.0031071457495202813,0.033696949917834285,0.08326479547022991,0.02968347717329335,0.9172329519814924,0.8417650124973661,0.6814536531211007,0.9545122643236311,0.09358817129365778,0.0,0.0,0.7604741169344783,0.021666055091990252,0.0,0.10489879747466735,0.0,0.0,0.0,0.07273305512977232,0.7410098430300729,0.874861752092825,0.8172981981829389,0.7731158434078369,0.9744891816677331,0.0,0.0,0.0,0.8089760233398675,0.0,0.021154182214156818,0.0,0.037785248107433576,0.9552539046130711,0.0,9.937925275560651e-05,0.9781376126155729,0.028323183734583098,0.0,0.0,0.0,0.7657412903222409,0.024167155985437682,0.03590096638294964,0.06435844072690024,0.7644853607955896,0.8215571729667285,0.7242692375071725,0.8279017887835394,0.02322114472306461,0.056386457645634526,6.0
0.06491446574699992,0.7496125797122777,0.0334159822132836,0.016623876444198556,0.0,0.0,0.0,0.0,0.003627525780244541,0.8424205126086171,0.02756968755029815,0.0,0.022537590010912777,0.031053722665330127,0.0,0.05510675958510075,0.056578601844425515,0.9754623626697015,0.0,0.0,0.0,0.026020978600240493,0.8166885963524467,0.0,0.005006796093604244,0.904089502447111,0.9518052610437621,0.655930419250754,1.0,0.860973819150785,0.6824687635258402,0.0,0.06382342979338061,0.04672091288175188,0.0,0.01681469701924837,0.0,0.0,0.7879387481584345,0.13669519139200018,0.07660427929829679,0.02433041850553293,0.09994759528129679,0.017225095575711998,0.0,0.10725723359798647,0.9997079549051995,0.0,0.02116425814798427,0.0,0.0,0.01932602912476275,0.0,0.0,0.8378521490878891,0.013532180203866774,0.0,0.003794121718828552,0.0,0.1825574505882302,0.0,0.0,0.027496234392987297,0.0,4.0
0.0,0.04650199992385957,0.0,0.0,0.0,0.0,0.08703031159196106,0.0,0.0,8.328952707722492e-05,0.0,0.0,0.0,0.0,0.0,0.014346377395835348,0.08995836492924007,0.03176865552034901,0.9636251596711105,0.7602197577573283,0.919672200057486,0.9384108572994269,0.07533348991138511,0.0,0.047205739331763225,0.7181992092724749,0.0,0.0,0.0,0.0,0.08858829235103685,0.04770310715003213,0.01914576805179522,0.7783898861572347,1.0,0.6820030460096155,0.8496342221372664,0.9808060338518633,0.0,0.07850004330852375,0.01790643090507806,0.8539361360858205,0.0,0.04883902147630578,0.0016314167074936764,0.021514660157398075,0.8810422646185528,0.025620118173468806,0.0,0.77423801491417,0.09302123266250927,0.008228653181521698,0.08693538497691758,0.0,0.7348310365633737,0.0,0.0,0.01638991652191046,0.8545133727576127,0.8249945808648296,0.7842266372844681,0.9360756698483946,0.00989850136779187,0.0,6.0
0.08010049274745096,0.0308644893496774,0.03716761444245745,0.0,0.001254768174921422,0.017473156686999676,0.00818856551496574,0.0,0.005029931737721185,0.0,0.9491309164639362,0.709707429004459,0.902764336852562,0.7567806269421566,0.0,0.0,0.0,0.00523478446197098,0.7931292760280232,0.01156490749040806,0.0,0.0,0.07301940825420299,0.01426419408359157,0.0,0.0,0.9463867117314472,0.788133276875824,0.703016349921585,1.0,0.05277997896822724,0.0,0.0,0.0,0.0,0.0,0.0,0.021014528795135615,0.8730608536589873,0.06702604978848319,0.04594031523503732,0.0,0.0,0.13827210173027787,0.034809124564468684,0.08163110854097362,0.8272448721601182,0.0,0.06920796758045822,0.02423605174598439,0.6435892224432886,0.7136074361441681,0.7388752135000322,0.699344037948597,0.0002539998318477085,0.0,0.015158743929803204,0.0,0.10416292939910912,0.0,0.05285780768345525,8.655784512482584e-05,0.0,0.0,5.0
0.00403430178268462,0.0,0.09976022536271693,1.0,0.0686684836131354,0.041637393312488696,0.2120064616575592,0.02136594962140667,0.0,0.0,0.0,0.7852439617997479,0.08237763913526532,0.0,0.01221895703049774,0.0,0.0,0.002217616071268027,0.013056291569537238,0.8181783988228678,0.0,0.3107403290620714,0.007620296352040397,0.007460333380716374,0.0,0.03973651657896088,0.0,0.9125782985784596,0.021640903359546285,0.0,0.0,0.0,0.0,0.02499544019130376,0.0,0.7499601163018919,0.0,0.0,0.029793300494763267,0.0,0.014373311842212678,0.058374982846636427,0.002721069275771481,0.7951776402725632,0.02521889026392299,0.0,0.0,0.0,0.0,0.0,0.0,0.8214679735801991,0.21339058469703123,0.0,0.0,0.0,0.0320298296748411,0.07080096936986216,0.0,0.8249142904017158,0.0,0.115398315459183,0.0,0.0,1.0
0.0,0.0289409465592165,0.07078769139469236,0.0,0.10724254572428285,0.07823647572835563,0.006924371948033874,0.0,0.018031726303217525,0.0,0.0,0.0,0.08422172764050072,0.0,0.0260960405756552,0.1263327205585754,0.0,0.06737024295064668,0.6744479636404891,0.8177151249150427,0.7208603889729186,0.7650335292188299,0.0,0.0,0.04819233933906358,0.8131701043559817,0.050224210599839884,0.0,0.007699224291864479,0.0,0.9651760005838308,0.0,0.06416852429713107,0.04764993056839149,0.8204124611780111,0.9425513989795805,0.8034787675472215,0.9474857595881375,0.9674536305468193,0.0,0.060394994950027515,0.03675350686072467,0.05533137448609993,0.024153220887062673,0.10744791694219442,0.04966375771581772,0.8150545113359029,0.0,0.0,0.0,0.0662990570476315,0.0,0.0,0.0,0.8121239020674216,0.004505948700395865,0.002213569759912243,0.0,0.00471378229310553,0.0036406690569613567,0.021387615728479907,0.058250508278874485,0.0,0.0,9.0
0.0,0.0,0.0,0.039432520787972575,0.0,0.0,0.0,0.23444178003589966,0.0,0.0,0.7460775001122879,0.6691923022156946,0.8861346981424144,0.6876277387622922,0.04776341133116263,0.0,0.05968761769727326,0.010744507910138385,0.015405244153597723,0.0,0.0,0.0658024648662157,0.9070761533000311,0.00664280048697133,0.017874122264190342,0.07670551866755898,0.0,0.014942858442286098,0.9541172274592707,0.8565635565733887,0.6938349750277542,0.2280239044688865,0.059928921873561705,0.05944109826640062,0.0,0.0,0.07076665810607123,0.0,0.742707254269994,0.0,0.0,0.0,0.0,0.0,0.03990006144254416,0.0,0.8872727464260802,0.0,0.0,0.08023468159435189,0.6676776865899677,0.8438839924611095,0.9328382389100035,0.9615009334626581,0.0,0.11230188658825334,0.0372295929101214,0.103662481267283,0.0,0.0,0.0,0.08301526313978137,0.03236705989255802,0.03402918811291497,3.0
0.0,0.09415071428881022,0.0,0.01406711471957743,0.06297454973527344,0.07178817264098207,0.0,0.011036568563174462,0.0,0.0343337966179236,0.9694511984523818,0.9145314388161129,0.8486871783009912,0.864402152002409,0.014892828959279106,0.10932539280906826,0.05253895702626883,0.0,0.01320730282315883,0.0,0.2483616403714357,0.0013829330773049747,0.8668568749924905,0.21725202340041236,0.04059040191703397,0.0,0.0,0.07485998865417966,0.029161643616475524,0.9781981677572761,0.0,0.05904909419801964,0.013712149148025852,0.0,0.16467462542981345,0.04057065827024017,0.8843309461955469,0.0,0.07763133447299325,0.0,0.0,0.03473959380863142,0.05805218072968668,0.8118276417866735,0.0,0.0,0.028853070484186533,0.0,0.008688278639655064,0.0,0.7741627462245226,0.9439770926412163,0.8273833722092142,0.8970080065378467,0.8520275808550337,0.0,0.0,0.056174482658531304,0.14717755122199339,0.01654828151615379,0.0,0.0,0.03781406425464068,0.00472752371528316,2.0
0.01122990194875351,0.0,0.0,0.06580890886567094,0.0,0.002383546166152707,0.019426775990836177,0.0,0.0,0.046069391932164444,0.8070270525850455,0.9602497551821306,1.0,0.7177537215305,0.0,0.0,0.0,0.006158090889999068,0.7815489173394942,0.0,0.0,0.0,0.01644011971265281,0.0,0.0,0.0,0.8541558687576738,0.9873436604933197,0.7253532837048337,0.7724848441998302,0.0,0.0,0.0,0.0,0.0,0.03587174121960846,0.0,0.10975191770156241,0.7596249605036396,0.0,0.0,0.0,0.0,0.0,0.003931508383372596,0.048079903215134716,0.9092144911899259,0.0,0.0,0.0,0.9775807303067527,0.7462935757101299,0.8331879444328893,0.8981393286855106,0.0,0.10075734126552055,0.2581674241353103,0.0,0.0963577749815281,0.0,0.0,0.0,0.0,0.02313400260790277,5.0
0.0,0.03749632143197881,0.0,0.9397779618483609,0.029303430429780793,0.0,0.0,0.07503309890096561,0.0,0.0,0.0,0.7481455379859255,0.0,0.003022286208247075,0.029423776153369576,0.0,0.0,0.0,0.09366866414384971,0.7344963624481161,0.0,0.0,0.0,0.0,0.0,0.2574868491100399,0.04514244162949285,0.735795704121769,0.057259196107354665,0.0038097790700554915,0.0,0.005675048835570212,0.1470463016735719,0.008795396800817956,0.0,0.7827278523425052,0.03304810397236344,0.009025351751349726,0.08618524228508131,0.0,0.04680024347450233,0.0,0.0,0.7299144010177461,0.0,0.02587727774950839,0.06444843225793197,0.10799036209073043,0.06452184541381976,0.027062166212902274,0.03203811299553699,0.7770462614157421,0.039146379912647064,0.04451641062493821,0.0,0.059821065117140894,0.0,0.0,0.036082701261247345,0.9155310615644456,0.0,0.06734254899454166,0.0,0.0,1.0
0.00764144392113396,0.020089652034871966,0.04868231659903059,0.22826780055955262,0.006993936674020414,0.04814021563994835,0.11086236031617103,0.03645807452648326,0.06858712098445162,0.0,0.20266316004784626,0.0561066150114182,0.0427798549665757,0.040052365213012114,0.0500971797717382,0.0,0.0,0.0,0.7063009034555061,0.7212269569526863,0.8720838682215478,0.9671992642737846,0.0,0.0076749157718097455,0.0,0.7236261421864973,0.007994413304689434,0.02657947016422048,0.0,0.10134997953631456,0.7160535557981204,0.03508410021173711,0.0,0.8277257383254408,0.0,0.10059558721280784,0.000992701838515044,0.0,1.0,0.0,0.06346064662768162,0.852796332895387,0.0,0.0,0.0007021479573802803,0.02581365355150014,0.9533639587622684,0.03730982548154586,0.0,0.775097274258969,0.0,0.06904596967200871,0.0,0.0,0.7782063387525211,0.0,0.0,0.0,0.8913565511899658,0.9643139205337764,0.8087656228744429,0.7725052756193908,0.0,0.012509872167183165,0.0
0.0,0.0,0.0,0.0,0.0,0.01198835551738106,0.0,0.030950809726900078,0.0,0.028190024658872215,0.6858274068187747,1.0,0.7011657007065115,0.8981253662423905,0.07718842052380216,0.07003050729039216,0.0,0.062088155599537447,0.7512144308955696,0.08590106886178378,0.0,0.0,0.06479410831413959,0.0,0.0,0.08211183660899135,0.7247902479107878,0.9493077629918054,0.9952792577966479,0.9202550328842417,0.07883502905210527,0.04280124277156133,0.0,0.0,0.0,0.0,0.0,0.023362133214861577,0.9414369635738589,0.0,0.0,0.0014287145856643748,0.02135993211682935,0.0,0.07461413699138247,0.01497048095686107,0.7926615548195599,0.0,0.11840332849656027,0.06775233876313756,0.792766933653421,1.0,0.9247040894464567,0.6646584113330545,0.01771630095843336,0.10021110238816183,0.0,0.0,0.0008412561221659732,0.0,0.0,0.0,0.0,0.05388869538278954,5.0
0.06426352037515908,0.8686791692317655,0.7818468673755844,0.9040821150440412,0.9227825859278278,0.7527403424334435,0.690287573598739,0.011584330346450724,0.0,0.02485247094201879,0.018585646708540966,0.0,0.07695090209949929,0.0,0.8312439361872097,0.0,0.05246464223862854,0.0,0.06534368817799754,0.0,0.033074999232013916,0.8187381111182481,0.025696847325370642,0.0,0.16848816694578156,0.0,0.0,0.0,0.9640164263711237,0.0,0.011111870953329713,0.02130882872477639,0.0,0.008470246990827933,0.03938005475483684,0.9086670699142863,0.0,0.0,0.0,0.0,0.0,0.0554791874370412,0.812134331214076,0.0,0.12114842673467852,0.0,0.0023866444529736233,0.14361339223477695,0.054457175476908315,0.901086213094063,0.0,0.017059640581402528,0.029276572439537664,0.0,0.0,0.0,0.053451572392415464,0.15749913732227677,0.11069855447182282,0.0011452645815612224,0.019434903825530956,0.015398745906080239,0.0,0.017176269272833788,7.0
0.0,0.8072773122373923,0.8634669526571348,0.7226389722335484,0.993033920404393,0.9234894003993713,1.0,0.0,0.0,0.04243218765778062,0.0,0.0,0.0,0.018183368203694185,0.6901781678732074,0.0,0.0,0.0,0.0,0.0,0.0,0.9720906670081108,0.0,0.0,0.0,0.0310318997468709,0.0,0.08270313909673747,1.0,0.0,0.0,0.0,0.06825582509478487,0.0521073230914964,0.011361800788171143,0.7457386865058361,0.0,0.0,0.0,0.024295866922349797,0.0592840562431157,0.0,0.9605610018797286,0.024581241425904107,0.0,0.0,0.04121982405646976,0.05105312272987485,0.0032837580928281027,0.843427515750492,0.0,0.0,0.003534957841975786,0.01268690357105943,0.012989914759947319,0.10824336555296542,0.0,0.018844391971856635,0.04057639503243219,0.021049664955030172,0.0,0.0,0.017206809418162394,0.0,7.0
0.0,0.0,0.035772941464477966,0.08617356388129853,0.0,0.0,0.01897233823344202,0.0,0.0,0.0,0.018260479863905204,0.02173663175980052,0.02349522599204597,0.0,0.0008598091209507412,0.0,0.0,0.04060208998643595,0.7725221112916243,0.87368578271601,0.8977056600024254,0.7017036707669952,0.0,0.0,0.0,0.730264965297466,0.0,0.0167188372852108,0.0,0.0,0.9523425542813655,0.0,0.0025984475905152476,0.0,0.7729125994309705,0.8443230360060793,0.9868041268073087,0.9475396286356292,0.03781049303848488,0.03113622295262776,0.07597639306502194,0.7437003124840751,0.008693938005110079,0.0,0.155528013290741,0.0,0.8649698060132945,0.020356483348960182,0.0,0.8730479005504845,0.0016244994786022262,0.044607573981026306,0.07558768851006872,0.012615564909990754,0.8556509192013148,0.22542830510788744,0.0,0.0,0.7200364047854805,0.9663748670691523,0.6981333940259525,0.9567087026352719,0.0,0.0795744122787892,8.0
0.002445646465692928,0.8439556904463312,0.9338936967845847,0.798465507854663,0.9360500145340269,1.0,1.0,0.0,0.00377584855823747,0.07620689610408014,0.0,0.09826236444168046,0.0,0.0,0.9853411483474714,0.04250777490576865,0.0,0.023164895118985625,0.014768031136445335,0.04583602852284713,0.09541649576886735,0.9067458224292547,0.1098378439041,0.0540482149618297,0.0,0.02842817002239589,0.08521123219447013,0.03870559552688606,0.8512337898937731,0.0,0.07233414883490852,0.021503133685600792,0.002414540735386144,0.0,0.0,0.877095486707946,0.014806840898902374,0.0,0.0,0.08091154445065045,0.05143894838800566,0.0,0.8460303508283791,0.0,0.09668380458262815,0.0,0.0047903233319709325,0.0,0.03667333679988371,0.7519385494199731,0.01867553213662084,0.16778528945360763,0.0,0.04273377670906437,0.0,0.0,0.0,0.0,0.05566309338280992,0.04587972120144965,0.05945296735570452,0.0,0.06557478357309864,0.024546130764909246,7.0
0.0,0.0,0.0,0.0,0.014946977973172052,0.0,0.09900189779375909,0.0,0.0,0.0,0.8957743477794521,0.8640574814005884,0.806208819208555,1.0,0.0,0.06318369000913096,0.0,0.0,0.0,0.030022315225411718,0.0,0.0,0.7759610684816661,0.05145143053333583,0.07410071849068482,0.059439118265928986,0.0,0.035116845832014486,1.0,0.7419098120000568,0.9398464441396069,0.041069575937650725,0.0,0.07489387362291122,0.0,0.1096331144354003,0.0025027100914170996,0.014681185517184121,0.7022447951036992,0.04994610321138487,0.0,0.0,0.09071840336283038,0.00968344592652828,0.05236002010675642,0.01398494997038128,0.9884102363702971,0.0,0.0,0.030696952784723175,0.7110598471073104,0.9077224789886749,0.7821061762002481,0.771717727357873,0.0,0.0,0.10453093661912305,0.060035397635431066,0.0,0.002168332773850164,0.0,0.0,0.008853287971259675,0.0,3.0
0.0,0.0,0.030078501114369813,0.9509349100652623,0.030419247625520486,0.003168437421231149,0.0,0.00754062230979955,0.02625508156965982,0.005734602822960467,0.0021689075926700136,0.9510819133538607,0.0044404855934911044,0.02691218718655667,0.0,0.06827058448185427,0.0,0.0,0.0,0.8185806367250794,0.008687714383819926,0.03027688817058907,0.0,0.0,0.0,0.007038127353412795,0.05020382467922459,0.8983032724039502,0.0,0.0,0.0,0.0,0.0,0.07370172816081803,0.0,0.9686184917737213,0.0,0.0,0.06332757353161364,0.0,0.0,0.04208838697189483,0.0,0.9312400300285117,0.01885883499905875,0.09370360461249193,0.10140942390172836,0.0,0.0,0.0,0.004489847493547214,0.8172914298220044,0.0,0.0,0.0,0.0,0.0,0.0,0.08927144256767106,0.7173645666983721,0.0,0.0,0.0460587029069687,0.026111609404424564,1.0
0.22282311638148725,0.0,0.0,0.0,0.07646304015997481,0.055705524735587736,0.0,0.06370061035946464,0.0,0.0,0.17356989051859595,0.0,0.1132949387447314,0.026956375811569455,0.0,0.03619094589057145,0.0,0.020570545501904305,0.999709512333891,0.8452736900602721,0.783991183320903,0.9231044425540725,0.0,0.02908070920762941,0.0,0.893230718476242,0.0073626916288679544,0.029532421401522083,0.018030564296874007,0.04092276791722095,0.8161077432817078,0.0,0.0,0.9488953648781259,0.0,0.02054436908483326,0.0,0.0,0.648536973657246,0.022419154612170502,0.0,0.7538075954354655,0.0035288085260997202,0.0,0.07383379030862973,0.0,0.9249001093227832,0.0824224634981559,0.07756724057864837,1.0,0.03700891648078843,0.020088279022509484,0.0,0.0,0.9539708483252911,0.0,0.0,0.0,0.8654515702211919,0.7731365376141071,0.8873048184877944,0.9876524098424203,0.0,0.036478330764473356,0.0
0.023424184600820394,0.026389922244329636,0.0,0.0,0.0005800813310097869,0.0,0.0,0.0,0.0,0.030126716441281478,0.907282257293647,0.8368320598211747,0.8753832296917837,0.9728292325556906,0.030384304304005252,0.0,0.029412739711724152,0.0020508776864572842,1.0,0.0,0.044055172139198566,0.0708550214419769,0.006964569559211395,0.0,0.008353828888307996,0.0,0.7591015408852846,0.9698533102866329,0.8448800228119675,0.7894972439051474,0.0,0.013516548420737913,0.0,0.0,0.0,0.045858175434309825,0.0,0.05013668765958601,0.8576026556947102,0.0,0.0,0.00743605901972955,0.0,0.0,0.0,0.0,0.9444862550976705,0.0,0.09420881444289911,0.0,0.7447142150480089,0.7460785451690193,0.8282127731893324,0.9931363099949874,0.0,0.0,0.0,0.02209216349271857,0.0,0.0,0.06630518546463746,0.040108834437101615,0.0,0.0,5.0
0.045906913617145086,0.01109549251842339,0.0,0.0,0.0,0.02485251582595084,0.04243379627054297,0.0,0.07499160390584937,0.0,0.9435895963051432,0.8752441148328822,0.8883655338477536,0.9906371652575455,0.0,0.0,0.0,0.0,0.8896815764248737,0.03516942962673094,0.0,0.0,0.0,0.09048110937411563,0.0,0.0,0.7420085061761563,0.8680785931559613,0.7897717495400257,0.8817742341126057,0.0,0.020458140193854057,0.0033783503999249096,0.0,0.0,0.0,0.0,0.04215088383153788,0.950703114137337,0.0,0.0,0.022523755739307157,0.0,0.0,0.026007992865339086,0.012526869694238814,0.6528346920593522,0.23058292777546302,0.0,0.008497099322621314,0.7844482044230716,0.8809591775418688,1.0,0.8279967977657339,0.0,0.025094267339634574,0.03385409411792858,0.027245759065642805,0.0,0.0,0.010786031891432415,0.10173462488661969,0.0035698134198010457,0.0,5.0
0.01841703239869035,0.015504720286980807,0.0,0.0,0.0,0.0,0.0,0.032762456044872594,0.0271428209415386,0.02463282415034792,0.0,0.0,0.046513582796104236,0.06524890381996173,0.017304964742962115,0.0,0.0,0.0,0.8305161560889891,0.9300871904281469,0.7752747020049746,0.8747024581951386,0.04310860964166657,0.08639689065023722,0.0,0.807166775513597,0.0,0.0,0.03893786017013953,0.016223162975067703,0.9435898215880902,0.03380337951858164,0.0,0.9165991610911499,0.03156065624380493,0.015631814954016273,0.035334084455516376,0.030642162070564943,0.6769325145975177,0.07713942008852828,0.0,0.786212194520466,0.0,0.03947353707130829,0.02356062244079677,0.0,0.8805662562893602,0.0,0.0,0.9880347403481232,0.027863209679673612,0.0,0.0,0.0,1.0,0.014578878009695404,0.07895497631387038,0.03263034957365723,0.9952437237079184,0.8883407430031712,0.8283823733305599,0.7822138834767765,0.0,0.0,0.0
0.0,0.03865938649353947,0.0,0.0,0.0,0.0,0.09185644082256682,0.05205882905855555,0.0,0.0,0.0,0.015863103162237057,0.0,0.0,0.0,0.004613699143478003,0.03830310355067131,0.061103158116942904,0.9711447258783381,0.9704746997530935,0.6831398181714956,0.8043569558892619,0.0,0.036272078100719043,0.0,0.7010895263459294,0.0,0.0,0.0,0.0001074145736993276,1.0,0.0,0.0,0.0,0.8320232153532912,0.6986809635367923,1.0,0.8454430187115838,0.7838891209164375,0.0,0.005757858513589107,0.0,0.02428819895632342,0.0,0.0,0.012868577956230039,0.781992725066915,0.06288284372334868,0.0,0.008775615260260383,0.0,0.0,0.10549141182174722,0.0,0.9368866972477723,0.0036671517168629466,0.14132993540467628,0.1337805470053541,0.049664475031221886,0.0,0.026595551425356547,0.1028980078976247,0.0,0.02736038059383597,9.0
0.0,0.9192431538683346,0.6718156517459147,0.7712229887069342,0.9159650042783352,0.9876730441047481,0.7628867901100934,0.0,0.007648245767345168,0.023402715673749568,0.006434366829702898,0.01903134142319685,0.0,0.0,0.9198988753676683,0.2050680857936854,0.0,0.061345268088633144,0.010491974596109658,0.013979272939651934,0.03922220425564984,0.9232271700562127,0.0,0.09412706890932566,0.0,0.05183473323498257,0.01661637495198931,0.04298625770326131,0.8961410399626293,0.01361876785654703,0.0,0.0,0.0,0.026778834558212873,0.10138710879981527,0.8340299790678407,0.08100587381005207,0.004715560383517215,0.0,0.0,0.045337451430518594,0.0,0.7731333957428845,0.030940575280699247,0.06680088367028945,0.015479744902532103,0.0,0.0,0.08514534677760904,0.8608240414081644,0.08817802738707313,0.0,0.0,0.0,0.0,0.0,0.0,0.04339827025346281,0.10251844292288854,0.0,0.0,0.0,0.03766881040166404,0.17270940988564892,7.0
0.0,0.041792099873368654,0.0,0.0,0.15275362361678407,0.0,0.0,0.005691499325913411,0.0,0.03212126356337992,0.0,0.0,0.0,0.08149490385322383,0.0,0.0,0.0,0.0,0.9124285415236318,0.9781818645898896,0.9541911121746351,0.7437762025840206,0.010451192394474892,0.0071187698167094375,0.08771641528579605,0.9776107054741693,0.0,0.005583829241349328,0.0,0.0531663948924087,0.9584013014860941,0.0,0.0,0.7650919977512649,0.0,0.0,0.0,0.026092470523831013,0.8676097710494848,0.0,0.0,0.7849530136506668,0.03660925685510074,0.0,0.013430269827545225,0.06634496735459518,0.9963568165579424,0.024977161483905396,0.0,0.9680257704251508,0.0,0.05562783166583031,0.0,0.05525850942665555,0.8196284362882013,0.0,0.07497989050444606,0.002920961228639339,0.7274804496534235,0.896799576143382,0.7227779514043672,0.7350891637706212,0.05897603441870352,0.11796651289654339,0.0
0.0819905766950773,0.8498411545613453,0.6448060718573834,0.8096361396342858,0.8612186045068254,0.7847604659969949,0.6431556956194947,0.08806726822763832,0.020895657226878667,0.024456645744559854,0.008492256025495555,0.14090412214535436,0.0,0.0,0.7187988527270075,0.061479075012791644,0.05354326375899561,0.0,0.04903534934856659,0.055385066095906,0.08454438575579988,0.8179312046058972,0.0,0.04380159462543796,0.006888289585549663,0.034044543430557,0.0,0.0,0.7636601272854008,0.0709613418992647,0.015396907160376833,0.0,0.0,0.0,0.0,0.8649323453890383,0.07359118247812871,0.0,0.0,0.06556789303294985,0.0,0.08404765536841247,0.91399531130117,0.0,0.0,0.0,0.0,0.22420794805142627,0.0798073774708702,0.9856381498820256,0.06890216849432028,0.0022281804569367664,0.0,0.0,0.00588899614869339,0.024761013889640304,0.0,0.05096963506744639,0.0,0.0,0.0,0.08810996087994777,0.05261584555665986,0.0,7.0
0.0,0.006776037228623826,0.0,0.0,0.017429292440611623,0.0,0.36780571009301966,0.04378315063776638,0.0030533776657751376,0.04271499935563936,0.8708161166038906,0.7440779156812651,0.9427877582871219,0.7235046374470757,0.13516461113376363,0.02795430796698746,0.0,0.0,0.9168633614114052,0.0,0.0,0.015322153316262258,0.0,0.003751262748045619,0.08482115640649658,0.05508908546178195,0.9721830567090604,1.0,0.8259408445611139,0.7098571270074421,0.05591684842882284,0.0,0.0,0.0,0.0,0.0,0.008086280322317466,0.19093892868528414,0.826666420415392,0.0,0.0,0.0,0.00948618858989268,0.043816364605084424,0.0,0.0,0.9510490085961049,0.0,0.0638509350262099,0.022801332075979824,0.8638549731611957,0.91663417843536,0.9650694971975339,0.8910007391566994,0.023532046943156137,0.0,0.01416816695264099,0.0,0.03506977745752173,0.03424130264678643,0.0,0.06346225073102639,0.0,0.008335954442098895,5.0
0.0,0.05470318433087417,0.0,0.09630029715740288,0.0,0.0,0.0,0.000283086990017566,0.0,0.0,0.06804949632409941,0.017195094478101445,0.009215249239825214,0.0,0.0,0.0,0.05952477583833052,0.0,0.7127336322891689,0.9876271904851701,1.0,0.8621151888851525,0.0,0.0,0.0,0.767427176819951,0.0,0.10394905492148489,0.1493993812999657,0.0,0.7741177968378432,0.03790463850865689,0.06220327832966276,0.0,0.80853716304543,0.9408825240370515,0.9382180614965531,0.8393020084952302,0.7578555280612126,0.0,0.0,0.02542388907081715,0.0,0.02398163114660153,0.0,0.04817017709523888,0.9396043757498816,0.038285157941719744,0.06376491570572551,0.01169458319409755,0.04468929687635462,0.0,0.04387928608728897,0.0,1.0,0.0,0.02455346884225724,0.0,0.0,0.0,0.042797311328857994,0.0,0.06767842762919553,0.0520607501400047,9.0
0.09678487414820201,0.8343723240071016,0.0,0.009085603355171673,0.043439426393474645,0.12860759655326678,0.04052595409298453,0.0,0.005293064286654405,0.8186478377172992,0.0,0.0,0.06605400955811312,0.0,0.010140390630276714,0.02666900073160341,0.0,0.8232389262097468,0.2008402278377599,0.0,0.0,0.0,0.8349522778492928,0.0,0.0,0.9046094322128471,0.8622771597752849,0.8323059950997617,0.825754045396774,0.8567315717206091,1.0,0.0,0.0,0.0,0.02134169796402545,0.0,0.048454717497252844,0.0,0.8325431810126233,0.0,0.0,0.0,0.018505571102271516,0.029853789832945312,0.0,0.0,0.9912650583823723,0.0,0.0,0.02833177479259509,0.0,0.0,0.09120608928560248,0.0,0.6347308938992928,0.023701923670481566,0.2354988825088445,0.018696910404150283,0.0,0.0,0.0,0.011608895330348711,0.0,0.02783356928770497,4.0
0.0,0.014628297470875766,0.007779429576388219,0.9017902647033696,0.0,0.0,0.0,0.015198453112611091,0.0,0.002796128388572847,0.0,1.0,0.038095380504325434,0.00044895103939765414,0.0,0.0,0.0,0.0684296958163345,0.007955977576772372,0.7089160600286598,0.013262567378455187,0.05733105389805637,0.022263985683777177,0.0,0.09321550013726641,0.0,0.0,0.8613471354805516,0.0,0.004838867396198241,0.06425188343499826,0.030532506672297288,0.0,0.0,0.0,0.9501609508894441,0.0417495416350658,0.012512370130112818,0.010263193024634272,0.0,0.020909893355901557,0.0,0.05337251179025773,0.9232811195495424,0.1036961259067599,0.0,0.07891569193920017,0.0,0.0,0.01392943859071237,3.6780006735150435e-06,0.7066328209012924,0.045374355339231176,0.0,0.05195569475558678,0.0,0.03779411959856525,0.02017792876425551,0.0,0.8650126386834106,0.04932971595541613,0.09815873041525316,0.12580880720236,0.0,1.0
0.0,0.05504118774470865,0.0,0.0034748318912256465,0.0,0.0,0.01704729759144978,0.0,0.0,0.08283291169191137,0.0,0.05823179765937331,0.05365569453909851,0.0,0.023393128464907476,0.006734153862308029,0.0,0.016911749904023065,0.9877908635924908,0.8110199495855392,0.8899516424669632,0.8206547400941403,0.024043382859379746,0.0,0.06756162991010167,0.6663005740939891,0.015449391759373482,0.08882218138214204,0.0,0.019811511895690886,0.8677335713849905,0.041002729047167646,0.0,0.04254432539771689,0.9128808229252472,0.8388207784204922,0.7777975527749575,1.0,0.7424866859060617,0.08386178859089703,0.011810415733330453,0.0,0.029376018927683007,0.0311093362522887,0.04345697045200365,0.0,0.6968870867072858,0.1089424886279852,0.034736482128432715,0.14464401897941614,0.0,0.0,0.009427800360641116,0.0,0.8721213878561717,0.07926889363923352,0.02971008222095944,0.03898442187768272,0.0,0.0,0.0,0.026662504506475178,0.0,0.09500405578889128,9.0
0.06175484006758533,0.0,0.0,0.004881715413980969,0.0,0.013373192774606564,0.0,0.054503350728957484,0.06296896472507141,0.0,0.0,0.0,0.030144974205896447,0.0,0.006996474733721104,0.03371199621659756,0.02660862189551006,0.05737645323366758,0.8076280401352552,0.8416099371944222,0.94551552032437,0.7492111572636152,0.0,0.0,0.02015582507921526,0.7979399674185648,0.010464173202914484,0.031815778986112826,0.016760659643749752,0.0,0.8382622083355615,0.023008569129687077,0.0411701113264771,0.0,0.7900677383117526,0.808130737752982,0.6461621928509399,0.7862715002197449,0.8977006601061452,0.0,0.0,0.06665638543726894,0.030023448360371737,0.0334997853138435,0.0,0.044726723873269286,0.8155928739651517,0.01132131598776235,0.10485639162969414,0.054481414883454926,0.027593544084290975,0.0,0.0,0.022274069901568588,0.9437683177568965,0.11748349868771979,0.05001282676195376,0.30642339392976553,0.0,0.05374814154961077,0.0,0.11841727167811421,0.021513672830642747,0.054914183741108596,9.0
0.0,0.0,0.0,0.0085647528145051,0.008621364687143486,0.0,0.06372122587358288,0.0387118012514087,0.0213216036336481,0.0,0.8354814179574972,0.8438623106228504,0.8900517444676626,0.8409502294118885,0.247126337855616,0.03549733082992062,0.027654315664782325,0.0,0.9065398214357939,0.09322676699263799,0.06943228606715021,0.0,0.05232879193480905,0.0,0.0,0.0,0.6953451389767809,0.8583640478958783,0.7954158602680321,0.7166394947304918,0.03163721433633425,0.005379959535671271,0.0,0.18702895322281315,0.012501930647689575,0.0017712759518438129,0.0,0.0,1.0,0.0,0.023150953787945905,0.09009418109904785,0.0,0.0027822361104672014,0.0,0.0,0.8975329351992641,0.0,0.0,0.0,0.7597374074040517,0.7527715500438229,0.9402416413918008,0.698437850396489,0.02713861985316306,0.0,0.034436465850746376,0.0,0.02789643529184423,0.04243906945880921,0.02401887313083026,0.0504985095099744,0.0,0.0,5.0
0.0,0.0,0.019577439404513397,0.8025649037119633,0.0,0.0,0.04528597210300189,0.0,0.0,0.0,0.0,0.9403900326709719,0.0,0.0,0.0,0.0,0.0,0.03951005934548501,0.09090409581433134,0.9737452473046629,0.09516418842021414,0.0,0.058644834989723484,0.0,0.03501424686988859,0.0,0.03547153057840504,0.7659064387063198,0.05051939700232521,0.0,0.0,0.0,0.0,0.014232902489487678,0.045137810285465,0.8222392124040262,0.03953224730547828,0.2232941211552251,0.11729114223018428,0.0,0.11438940414141432,0.07246776334498611,0.0,0.914765944985215,0.03722937584608966,0.05452864625599248,0.0004056472297512086,0.021409944632760858,0.03912605893112759,0.0,0.0,0.6656892967281132,0.0,0.022090435152066892,0.07696100211833615,0.07346544535338757,0.058990543209826767,0.0,0.010913998812085685,0.8743919869845486,0.23714061713186604,0.0,0.03945357402252508,0.0,1.0
0.010772370975044986,0.001064287836925086,0.0,0.0,0.0,0.014956682152989079,0.0,0.06329403960220177,0.0,0.0,0.0,0.0,0.03048180286629499,0.030389711632527197,0.0980478057353868,0.0,0.1056548836618254,0.006224627445871343,0.7937354038492916,0.7697893008680975,0.7469510509269579,0.9184933847818287,0.0,0.001280601764093942,0.01703222639238784,0.9618572452878562,0.0,0.0,0.062415988144684624,0.0,0.02694265236180754,0.0051134946582924645,0.0,0.8729821804495728,0.7588298972023055,1.0,0.854469043814281,0.7031879128697565,0.022975470500006225,0.0,0.0010471202726083264,0.7844960941835076,0.006052152908720257,0.0,0.0,0.054868479895536275,1.0,0.0061519620952796075,0.0,0.8146841264884619,0.27678711039911214,0.0,0.0,0.016321264550730612,0.8921738934471036,0.05426858375388213,0.007852369404958431,0.0,1.0,0.9274381948716537,0.9983408350381802,1.0,0.0,0.24420040577338492,6.0
0.20861248296674786,0.9206839659502462,0.0,0.03386790551205626,0.037232455709560734,0.0,0.0,0.0,0.14654734830163005,0.6484103396683057,0.0,0.0,0.0,0.0,0.09365560442375899,0.01405064611470029,0.014136838949193693,1.0,0.0,0.0,0.053911294834614404,0.0,0.7215981849290903,0.0,0.0,0.8777290001561903,0.7862561004459186,0.7795384232021341,0.7814702004451359,0.8299276191041913,0.930471418459021,0.008207148144600584,0.00784967679263158,0.0,0.0,0.058815759199215806,0.1013318547797219,0.12038049775728375,0.9704890740592144,0.1164404814271486,0.0,0.06178106914115608,0.0027004835931511845,0.023546477852377852,0.06985835599636857,0.045987269691182435,0.9551235542518831,0.0,0.02356921179919467,0.0,8.688704448275637e-05,0.11379090492559346,0.001903172706471908,0.0,1.0,0.07274274047183404,0.00804407489244857,0.016931757121605325,0.03787277930307064,0.02431385027573483,0.0,0.0,0.053432518815927414,0.006639129153119413,4.0
0.0,0.0,0.0,0.01041365515550489,0.0,0.06302205196090388,0.0,0.018365673886232593,0.0,0.04692943985346998,0.0,0.0,0.0,0.0,0.022181828998702684,0.0,0.03980275322766582,0.0,0.9516896615861484,0.715626478873401,0.8270660114439322,1.0,0.0,0.15454251442186714,0.0,0.8018804051156921,0.031996682708307515,0.16634067086475887,0.0,0.0,1.0,0.027548505768076766,0.0,0.7602278329585582,0.22501831713044795,0.0,0.0,0.02689269742477733,0.8565607323474542,0.0,0.04901523168051647,1.0,0.0,0.04535660237676156,0.0,0.0,0.9302392576336328,0.0,0.029942014137064273,0.858305552474871,0.0,0.0,0.0,0.0,0.8271974245342235,0.04080463997586575,0.0076259803870305926,0.03499498903346089,0.7646825482549929,0.8805937151497594,0.7726520773559108,0.8849715759617959,0.031444286687968455,0.0,0.0
0.23652829209651496,0.0,0.007371128814537277,0.0,0.0,0.028265243513920874,0.0,0.0,0.0,0.052967892685748134,0.026679864061730802,0.11707205798858511,0.0,0.018507934836370695,0.010897105319947715,0.057554028980247945,0.0,0.06662804892664327,0.911250971829562,0.8395554959266798,0.742665666063391,0.9075544198406128,0.0,0.0,0.004016916835596012,0.9151778139671322,0.023291640183566747,0.0,0.0,0.002080082984680284,0.0,0.052028982752298975,0.07064857550962554,0.9758201893525853,0.8376479031911912,0.8685232688496437,0.8911343098641936,0.7864212061682431,0.07240708960673255,0.0357235797098729,0.15323989777480773,0.8034211056899141,0.02656663826042681,0.04563756095894045,0.09595123861818411,0.0,0.9574770475000433,0.0,0.0,0.9189420389019934,0.0,0.0,0.03160226074443189,0.0,0.7356152285926556,0.07886266342663148,0.0,0.0,0.74820249454893,0.7425879506510362,0.9129935110409746,0.734094365950663,0.0,0.0352247178496867,6.0
0.0,0.0,0.0639429833503115,0.052045420973600556,0.019458938293090755,0.02332497434623094,0.0,0.0,0.008651586944041468,0.0,0.07617632972990285,0.06758038049217555,0.12232793639936268,0.0,0.0,0.0,0.02474432842021175,0.0,0.8358048965603223,0.8056530144978677,0.8100280670515718,0.9894190247950004,0.0,0.0,0.04475794002075006,0.9445381090366219,0.0,0.0,0.01454663387631444,0.0,0.8502354453513803,0.026725277934325043,0.0,0.9837377613816113,0.3300483116832024,0.0,0.004219518562407989,0.0,0.6031384528333632,0.033902139423054665,0.04575904087358625,0.8175423379942174,0.0017842940999570685,0.0,0.010713957922964902,0.02459225596837114,1.0,0.0,0.0,0.6707161315492365,0.017810724878172802,0.0,0.028963579457205225,0.026474600844318158,0.9116032570732502,0.0,0.0,0.0,0.8054937938070227,0.8383183349169984,1.0,0.8101711633348951,0.0,0.07898004050237621,0.0
0.015053443352802795,0.03758469970358347,0.0,0.061340468374373174,0.015466828093384814,0.0,0.0,0.0,0.056015089422499546,0.0,0.9061736274212284,0.8814992693059948,0.7651984113598229,0.9528529393850023,0.028468931306464218,0.0879436702316863,0.0,0.03751493211140022,0.0,0.12452269484368049,0.0,0.0008038134258959785,0.9590607887739115,0.0,0.0,0.1167861353810462,0.0,0.06399144128865059,1.0,0.9301474923402538,0.746807127557474,0.0,0.0,0.08133059587545825,0.04820001886311481,0.05351024573433503,0.0,0.05577139889605179,0.9202225901652332,0.0,0.0,0.037902217652409594,0.0,0.0,0.03095487279620528,0.0660485610934106,0.65123414055756,0.0,0.0,0.0,1.0,0.8221949547266426,0.9563525262743494,0.8349830119702397,0.0029619456249807604,0.05446091802252354,0.0,0.1674154750580048,0.0,0.0,0.0,0.05365615956432075,0.04551361359283475,0.0,3.0
0.12203732928630183,0.974360087643711,1.0,0.8580524338726914,0.8699270405035763,0.695387212529943,0.948849053698604,0.0726763126437611,0.006315088025197372,0.0,0.06732493903905688,0.0,0.0,0.0,0.675829979485375,0.01806252710422446,0.0,0.0,0.0,0.0,0.0,0.9410194131699257,0.0,0.0,0.02073235286259975,0.0,0.0,0.027522504210162585,0.9536385801776679,0.007101864857501583,0.0,0.0,0.005770611398285839,0.0,0.0,0.6489299369450676,0.05163090528500454,0.03535668180118524,0.0,0.02101178979675975,0.10780278570428779,0.0,0.7896902329314278,0.0,0.0,0.2074961976724416,0.0,0.0,0.0,0.83897322172009,0.0,0.04320680694279225,0.0,0.001914438831454498,0.0,0.007508908914507579,0.03554939899248779,0.13821068142835913,0.0,0.035308577232905536,0.07814340809155307,0.054963440549287715,0.0,0.0,7.0
0.05477760396841665,0.0,0.0,0.06451776941302044,0.013056447085019178,0.0,0.0,0.04289570497498445,0.0,0.0,0.022561958624525504,0.0,0.017628485237866535,0.0,0.0,0.07842755864278123,0.0,0.03557668895922309,1.0,0.6919356135434387,0.9944026384234209,0.7409701394560442,0.0,0.0,0.0,0.7864349683500457,0.06435738897711311,0.033605912600880104,0.0,0.0028115788213595584,0.0,0.04925740637951173,0.0,0.7873681606321978,0.8518370665239693,0.9626982062675937,0.7082555062893257,0.9004226149710715,0.04250177745093091,0.0019666750805910015,0.0053009356805176705,0.8930748790545121,0.0,0.03257083551293293,0.07383183355623323,0.0,0.8940364698551805,0.012904662232622556,0.0,0.9550324213269215,0.03846705850556065,0.0,0.17454909641648997,0.0,1.0,0.0,0.0,0.04869364205203647,0.8315565508422155,0.914167686067973,0.8077792420008686,0.8459573685548049,0.0,0.03018897493719788,6.0
0.0,0.0,0.0,0.0,0.009641824142599295,0.048395320987149555,0.06116164001826629,0.0,0.011990816801664117,0.010258010169903707,0.06767842549782778,0.0,0.038466636562991985,0.0,0.0,0.0,0.038389330097241464,0.017336555906907636,0.8480891332485399,0.7818753299743865,0.857382319419736,0.9925592700160121,0.016289988249875178,0.09140067988643981,0.008652703567199644,0.7821719797570416,0.08408800566862266,0.06328410171301731,0.0,0.03543473674617015,0.9002652343169957,0.0,0.0,0.04118726184363469,0.7134617212734226,0.8932448443044901,0.891692746929659,1.0,0.0,0.08487198562564258,0.18413379546781536,0.9573117033706836,0.17970980774460463,0.0,0.027996710669824273,0.0,0.7113622736776757,0.030565233577108344,0.0479237234842215,0.9442280176225171,0.0,0.0028915574552702376,0.0003558668037011163,0.0,0.8957132505240427,0.01657866759479136,0.0,0.0,1.0,0.7173185846751573,0.9030636251267548,0.9576441270027461,0.03549946184821095,0.07977599302919919,8.0
0.0,0.013425828877096427,0.0,0.02163095949119067,0.03156669103425763,0.0,0.17223127547657513,0.0681527544773282,0.025604947421341326,0.053148720047201274,0.0009664653591866844,0.041724433341790594,0.06650746701137097,0.01464237909264107,0.0,0.0,0.06138607660455034,0.0,0.760119326382874,0.9956238119939098,0.7828806194640054,0.8994497955733869,0.0,0.0,0.0,0.7238229265903277,0.0,0.0,0.007531703913028246,0.011900269466574007,0.8936898953986179,0.009974753693159776,0.037861360814973134,1.0,0.13911477658099858,0.008486126790097725,0.014073773300938446,0.0,0.8335326879944738,0.04397643864027152,0.0,0.9622658562544231,0.015773569656215167,0.0,0.05179583556148898,0.011430344522798187,0.7781106316583766,0.020287503262657196,0.0,0.9166891284820748,0.0,0.0,0.0,0.004738844940108486,0.8139514414604498,0.0,0.05706078394840428,0.011908824904548945,0.898837019737961,0.9047492714082433,0.9835466431650027,0.9425160476879894,0.0835153286070846,0.02808609636800727,0.0
0.0,0.0,0.004659013413714439,0.03739846229498791,0.027779787029995884,0.0,0.0,0.0,0.0,0.023454447949237713,0.0,0.0,0.010250787836280239,0.053992828928638735,0.0,0.0408361866951558,0.07459674347235751,0.0,0.721278022575779,0.7724026558065445,0.9059546983210144,0.9606196432486841,0.0,0.0,0.0,0.6946609172799656,0.0,0.0,0.0,0.0,0.6729391230345813,0.028494614811756143,0.0,0.0,0.963922362978216,0.8498941126034644,0.9398609509484789,0.6797161975347041,0.0,0.008877945879715273,0.012371128438405252,0.8001901059969109,0.046930734889731755,0.06756646904852762,0.0,0.013481011204412472,0.740528442452718,0.01823503138112219,0.016301268533458223,1.0,0.02124600294474097,0.0,0.0,0.06389898312315857,0.9175138551880807,0.017493241826476724,0.06525286644385739,0.0,0.9417510155795277,0.9548590162858119,0.8204188013280604,0.6922275684865513,0.10682563447654886,0.07823978657009904,8.0
0.0,0.0,0.0,0.0,0.0,0.0,0.032700968900297604,0.0,0.0,0.032739049358252614,0.0,0.11871961088122443,0.07047395374115571,0.050089212430615565,0.0,0.0,0.008167681669556096,0.11062457899583551,0.7942880091743757,0.886020642318723,0.7681794300266813,0.9366551452193711,0.0,0.04489750540330616,0.0,0.9465717555222523,0.0024400140171300065,0.006585799400438706,0.0,0.0,0.8298066092852927,0.0,0.0,0.910952290164975,0.0,0.04516803281322224,0.03056887964842375,0.08234908483743518,0.7465392795576647,0.04173994163869499,0.022611318311519357,0.7007962927083892,0.011891984254656264,0.0,0.0686735490604976,0.005051731784182477,1.0,0.043640118263166806,0.0,0.9085633628551522,0.0,0.0,0.0,0.016943227473082922,0.8814642800900995,0.0,0.0,0.0,0.7341998865009896,0.883374929445797,0.8191582835514889,0.9120267974686017,0.2251069092454991,0.039305689745865256,0.0
0.034472530529303234,0.02707319054191459,0.0,0.0,0.03257538311349984,0.0341576424508094,0.015554248611848521,0.043844233591031186,0.07958334858463503,0.0,0.7862161341872479,0.7872229562181463,0.9686198306271188,0.7538988976659805,0.0,0.0,0.008683618565095917,0.10045302764181224,0.0,0.016266452140743577,0.0,0.03345057543784856,0.7206755586174728,0.02349231774425113,0.011392361909598456,0.0,0.0,0.02388354550252951,0.8458906003239824,0.761245114956115,0.7698466899355059,0.0,0.0026438346230802916,0.005280847825611502,0.0982567900751902,0.037115783407323695,0.0,0.0,0.6643437034640135,0.0,0.0,0.0,0.0,0.010389771358011573,0.09898643031043271,0.017886866472428965,0.7089663647906299,0.0,0.04539331616104964,0.0,0.7508731644655551,0.6010788280747368,0.7050211612944043,0.7970014020320777,0.0,0.028524907221912546,0.07618963205724827,0.0,0.0,0.1443410355011357,0.008683264849612583,0.05648957543614324,0.07013910764176873,0.0,3.0
0.0,0.04319496481159378,0.0,0.020361141243186966,0.24408058326970677,0.0,0.0,0.04804971592248064,0.0,0.0,0.0,0.0,0.0,0.0,0.0,0.15501600054212597,0.03509667642172683,0.05789185244522667,0.7913478186442868,0.9609350958714397,0.9146332170725427,0.8847007676895403,0.011054417073814545,0.0,0.0,0.7634939581163739,0.08379201948943789,0.030411870465703362,0.04440351476378771,0.04670835415443372,0.9372534260458091,0.0,0.0063543580476015694,0.7304553398463871,0.0,0.0,0.0,0.05364123617884989,0.7802420077483567,0.0,0.0,0.8179709833582482,0.0,0.10114168644929344,0.0,0.018188332230332123,0.7371408673888155,0.0,0.036495515965927684,0.78232390622561,0.004716381619870773,0.0,0.0,0.033396765901615916,1.0,0.09008989963702581,0.0394059651201494,0.08592151002226146,0.8844854311729554,0.7344448375743707,1.0,1.0,0.0,0.03394006259438571,0.0
0.0,0.7342886373488248,0.0,0.06219086177320975,0.022333094601971207,0.018815706581337313,0.08173556917589275,0.0,0.0,0.771805828011102,0.0,0.0,0.0009339192489066346,0.0,0.0018936467456630883,0.08778601064966554,0.008252085161942434,0.8085651235430882,0.0853016980036121,0.0,0.032676937079444815,0.0,0.7239870720989294,0.054460904426281306,0.0,1.0,0.957965849516414,0.9792825821824289,0.8167246820091655,0.9568289259102172,0.9019044337645694,0.02417401776186664,0.0,0.026735469863332563,0.0,0.10058733866880441,0.0,0.013154334637623142,0.7171008762748834,0.0,0.0,0.0,0.082339407700812,0.0,0.0,0.038086577407060035,0.9797120884800129,0.0,0.0,0.010902531578194846,0.0,0.07884976038629785,0.0,0.036375721667647354,0.7119315612064337,0.04020104392436793,0.08817829421823753,0.020581866256105672,0.09943239377745466,0.0,0.01751249382782164,0.009652238068624683,0.0,0.006990962838776628,4.0
0.0,0.014796364541242186,0.06042891314754785,0.012459252370913715,0.0,0.0,0.0,0.014411871301444593,0.062410790856870325,0.0,0.819892799241826,0.8713557130442877,0.9489292005020052,0.8955562961215515,0.01622705219212862,0.0842820131352179,0.0,0.03748223885263827,0.0,0.038057553797629706,0.0,0.0,0.7954898434109754,0.001955412628824549,0.0,0.0,0.0418021903526703,0.0,0.0,0.8068599850209327,0.0,0.0,0.009826447827448886,0.0,0.07812181373542101,0.2326743075982548,0.8593480444720427,0.07144060852282966,0.0,0.0,0.02034461470378647,0.0,0.008797067429381784,0.7495358960271109,0.0,0.0,0.0,0.0,0.0,0.0,0.9580832120558115,1.0,0.9254479747927229,0.6650415487666697,0.9549039422990991,0.030113989443316638,0.03299714013322987,0.0,0.04594187123683462,0.01771453120899876,0.0,0.0,0.0,0.09523852175587603,2.0
0.0,0.007887439000688973,0.0,0.2431175802259525,0.030820042476883653,0.0018941625437786198,0.016706505525763925,0.08368747731709887,0.15187797772279316,0.0,0.0,0.0,0.055344771345446686,0.0,0.037273286127741154,0.04751843600925179,0.0,0.03729112239419887,0.8818579594289081,0.7869887126484016,0.7643151483315404,0.8259610553627775,0.0,0.03649514070165571,0.0,0.8519841335038871,0.01633873750223507,0.0,0.0,0.0,0.9916095180267576,0.08207438963823427,0.24506357222272832,0.0,0.6968605217873409,0.7121819232859645,0.9887660995503174,0.8950364755795219,0.7219922524976605,0.09301444682415758,0.1225437387595369,0.0032773896228746532,0.022828351596462074,0.0,0.3803664082261496,0.0,0.894937132423909,0.09208354330187075,0.0,0.0,0.09056986830497393,0.00923435345541777,0.0,0.0,0.844735764762455,0.07758863923436222,0.02752580930229558,0.0,4.245607285305613e-05,0.0,0.09612739630265846,0.03598009461818882,0.015722491169512756,0.06411744553806382,9.0
0.0,0.0,0.0,0.007897547074337678,0.0,0.05294173901113352,0.0,0.0,0.0,0.0010755122872518818,0.024112552848263743,0.0,0.024509955196098623,0.0,0.12700505068906306,0.0,0.01938843179296164,0.0,0.8153554422241328,0.9245789555888817,0.8074187380669554,0.8464577333764182,0.08378759916349643,0.0046181544343000215,0.020281738223390734,0.7543256124563662,0.05888105201061335,0.0,0.010299620936562268,0.03843006712194542,0.9733283563327964,0.0,0.0013690254079381072,0.0,0.9607515758830817,0.8578393991265199,0.9867951882279943,0.7783994512037431,0.7147574497317917,0.0,0.0,0.0,0.049110122615992506,0.0,0.0,0.0817053839525632,0.7252531997434859,0.012944005631405861,0.0,0.04284331639977854,0.0,0.0,0.1050670431575209,0.04049178139908433,0.7580107595471088,0.040979834062672506,0.0,0.007103527497912552,0.0,0.015125284140685473,0.0,0.016259071371631195,0.04150395075582305,0.039437603571819996,9.0
0.0,0.04383192628240917,0.0,0.0,0.0,0.07143722687437484,0.0,0.037149791357751746,0.0,0.03295438500238009,0.02312765232692613,0.01372942026454229,0.00336740063505875,0.0,0.0,0.0,0.0032606880015044644,0.03695467340487612,0.7174341864247815,0.8109672342417236,0.8769013117559856,0.7763131759472391,0.06943720095373579,0.020678666203350893,0.0,0.7399523302104936,0.03846722898023682,0.0,0.06209346973184317,0.0,0.14554571276809708,0.0,0.03353631362677174,0.745604999634811,0.8563038837550906,0.8027846620720357,0.9989173308359678,0.7614358208379363,0.008863751098759453,0.07639323445201857,0.0,0.888082304300602,0.0,0.042747352746363515,0.0,0.012880905313554023,0.9468392760565734,0.0,0.0,0.8743212405805113,0.0,0.06751325026615122,0.030846013814695213,0.0925993132896524,0.8088262486080591,0.08181389727799143,0.0,0.06024614329122938,0.7786123119495493,0.7722448558261005,0.7180921329852686,0.795422861904863,0.07192816800294177,0.06584335264045908,6.0
0.0,0.0,0.07461597036596893,0.0,0.0,0.0,0.0,0.0,0.049876559637917574,0.05483191736439483,0.0,0.08028589242777254,0.0,0.0,0.02747543508429723,0.0,0.0,0.0,0.7709195482325739,0.6995270123088796,0.7846668546175639,1.0,0.046553211409385405,0.0,0.0,0.747557203315392,0.0,0.14596570147503726,0.0,0.0,0.9371071486224407,0.0,0.0385912396180966,0.0,0.9406053828535523,0.694395834569761,0.8561780995991152,0.8600833217251915,0.0,0.049330157030803644,0.0,0.9316294317018025,0.0,0.0,0.0,0.0,0.9619387762545615,0.025761189229982995,0.0,0.8508803128913931,0.001815342880709845,0.0,0.14129219520225203,0.02445419845605767,0.9963440679694456,0.017338307175516234,0.06213345592208204,0.030243405853078026,0.7284756771350567,0.7190479176587281,0.6604195517927306,0.9538000763361961,0.0,0.01212536965009322,8.0
0.0,0.0,0.01590845586700494,0.0,0.2635318085960014,0.0,0.0026054181792850577,0.06550570910747554,0.0,0.0,0.0,0.02862681819873507,0.0,0.05198380688457045,0.0,0.025657263662803204,0.0,0.04678550205013396,0.7769801344649583,0.7624515141522408,0.7175637796856592,0.9622651567859174,0.0,0.12267313507284239,0.023222431525064924,0.7960683271944702,0.0,0.0,0.0,0.0,1.0,0.06781835201249603,0.04577582333530587,0.0,0.9753606127644111,0.8750347530459389,0.8452446424626755,0.8582073661226235,0.055784439188053814,0.028497142514622365,0.07996045200590118,0.9659855062274894,0.0,0.0,0.021244595073005617,0.0,0.7393138373419414,0.0,0.01615946768192327,0.9283999902604054,0.012382027702697083,0.0,0.0,0.0,0.9676736090351773,0.053262112402453224,0.0,0.04709514704538523,0.9005372464495164,0.9574279223356811,0.938073755751827,0.7124788610742199,0.022695778121834827,0.0,8.0
0.0,0.05100009011740515,0.017479591655811148,0.8474540102268787,0.0,0.0,0.0,0.0,0.08393349869022532,0.0007133689984911699,0.08971536063291026,0.7467545832777057,0.0,0.0,0.03157877672629692,0.0,0.0,0.008004554063460272,0.0,0.7071336500002957,0.0,0.06974940385787329,0.05662698546640798,0.10436436122116365,0.0,0.0,0.0,0.9675289439122249,0.0,0.04911140972880225,0.017594912499325707,0.04249424991219126,0.0,0.17560894928067383,0.07371081025642905,0.9252496190738233,0.043587735530995375,0.0,0.0,0.020277110413835776,0.23022558692207146,0.05338713625135799,0.0,0.9524184791351953,0.0,0.026125032109403708,0.017579642876799025,0.004849480751751289,0.026338338978972857,0.02436808576916136,0.0313515124882593,1.0,0.06462463635032593,0.03943418239340532,0.03806032804267212,0.011231073503400177,0.052916280281289724,0.0,0.025039708092557147,1.0,0.002044804233358408,0.0743502626473207,0.0,0.033701494319016694,1.0
0.03282199825345926,0.03677606480824999,0.0,0.8299012387800028,0.0,0.0,0.0,0.006908394654914484,0.0,0.0,0.0,0.8206531829956812,0.0,0.0,0.0,0.06041034544697626,0.0,0.0,0.07798844642750656,0.9490850704713892,0.0,0.0,0.004662943231434887,0.06988354865406847,0.0247544472779174,0.0,0.0006205039307795633,0.7997674400407992,0.0,0.00964098543668145,0.0,0.0,0.04286195665411555,0.04337388988084283,0.13808048671090206,0.8311661784697921,0.022607432708097532,0.022076245196332375,0.050875309058720876,0.0,0.06162952567410057,0.0048688657179177565,0.0,0.940978581544251,0.0,0.0,0.07072267438968964,0.34544059657526077,0.0,0.0,0.040512547219329384,0.8196300601112158,0.0,0.0628867496944805,0.011408976693249537,0.0,0.05420694396596355,0.07116341812595385,0.0,0.7309219303535873,0.0,0.06625319597612139,0.06193153858690734,0.003174761988527692,1.0
0.050155697392140514,0.32991105762400186,0.007944810172763984,0.01165243733839625,0.006304223879133964,0.0,0.0,0.013782096602553624,0.0869085231760051,0.0,0.0,0.029243813355316475,0.0,0.01578752116686009,0.01554299794117971,0.06163199624303537,0.049560249437745243,0.0,1.0,0.9601963566525445,0.875048080682289,1.0,0.05125081636239451,0.0,0.0,1.0,0.020131585484359213,0.011822173203060947,0.0,0.04213042573320931,0.884631399685831,0.032756860803884826,0.01668571058653506,0.8016545143443794,0.0,0.0971350929401908,0.0,0.01659254464499006,0.7471971542959286,0.0,0.03206094903470917,0.8775152763307967,0.0,0.006346545930064113,0.025761646660301868,0.047864300430587405,0.7020151760520724,0.0,0.0,0.8556241399545939,0.015048279449873893,0.0,0.0,0.0,0.7121691637622374,0.11603036960224887,0.0,0.0,1.0,0.8140524992783488,0.7120678361336897,0.8450429603802252,0.1677615338763037,0.014988200786291914,0.0
0.05721869707247656,0.10491091917757345,0.04800448146596778,0.7299654269003983,0.0,0.05611632047583636,0.002731730018583076,0.029551709287924208,0.0,0.03578889320402698,0.0,0.9075843385045899,0.06469486865442978,0.0,0.06473913391471879,0.0,0.0322686894507215,0.014003280828296905,0.1071406451887733,0.7751556260549092,0.0,0.0,0.0,0.09137320149595606,0.0,0.011345344335722086,0.0,0.7729230424546756,0.022330110736380675,0.016923430939570067,0.0,0.01800424608395036,0.0,0.0,0.0,0.7190269029256959,0.0,0.23418287332116017,0.0,0.0,0.0499149290505933,0.0,0.0,0.9210746138906608,0.0,0.0,0.017734256113169495,0.010701381026135248,0.0,0.02195054731368474,0.048132467809083465,0.9388591494867216,0.0,0.0,0.036634396949770075,0.0,0.0,0.014310344926368119,0.03285447881594227,0.9795207464336381,0.0025916555706736745,0.0,0.0,0.06668249182702739,1.0
0.043036878697391596,0.0,0.011109103653072426,0.031070873461752514,0.0,0.0320794453285855,0.024051000649651728,0.059460548312187014,0.015577315585360671,0.0,0.0,0.0,0.0,0.05569653747598399,0.0,0.004555843754788141,0.0,0.0,0.7645976820029989,0.9174901507883106,0.8977367972456065,0.8784623599556688,0.03665087149360051,0.04641598755813339,0.0,0.9780850284170328,0.020672376451694372,0.031795514877272134,0.0,0.016142973765957212,0.7928161374997422,0.0,0.0,0.02328403653091803,0.8140886337674955,0.7975320853638648,0.9952578177102693,0.9874284253632496,0.9085329167651393,0.0,0.0,0.0,0.003948240070995579,0.0,0.1141300730117206,0.01607854336222064,0.8105752984864372,0.0,0.03653037078677741,0.0,0.0011019332407357773,0.0,0.0,0.01679045853265672,0.9676295096170175,0.04337986209985086,0.0,0.0,0.06704725982309939,0.02777243373102847,0.006905260007739469,0.0,0.04677579524260411,0.018979708153751516,9.0
0.06366083742842116,0.0,0.0,0.0,0.0,0.0,0.0,0.01655775610883197,0.061150029964304776,0.0,0.9195099665639734,0.9662053881261992,0.9423756436674683,0.9464441132070329,0.025365711149528566,0.023545840430269457,0.0009596950539298943,0.0010563442239653633,0.2186919788612975,0.0,0.030543067207013955,0.01899022060408064,0.8694387152144805,0.1301770815175276,0.11251022569923709,0.02375133888139317,0.0,0.0,0.05070574114204699,0.7962817932357089,0.0,0.0006614957774120616,0.0953525729811463,0.0,0.040054226170210504,0.0,0.8367121385710714,0.07271608458320515,0.0,0.0,0.0,0.0,0.0,0.8090260029207359,0.0,0.0,0.00401518652685775,0.0,0.0,0.05397248878861573,0.7176740789987701,0.8106729710091616,0.9763646646521806,0.8500290725371318,0.7771978945332005,0.051462773939475605,0.0,0.162635890023242,0.0,0.013778010050285217,0.0034447127985414005,0.0617996716706796,0.0342791763476572,0.0,2.0
0.05213368811852799,0.028179751809057647,0.032984753594254256,0.06731786853380066,0.009579871179090548,0.006066958602605412,0.0,0.0,0.00030216703768760683,0.011832320132711441,0.0,0.0,0.1593076168577025,0.1130597649744978,0.022930088729437186,0.0,0.0,0.0,1.0,0.9743518220132833,1.0,0.7238741963916923,0.05782728520464636,0.12415189473861643,0.09536788940373157,0.8197397177377047,0.05707251708933887,0.0,0.07487169934061287,0.014540227486911398,0.8717865071899238,0.0,0.0,0.7481175291227161,0.1495364590658939,0.0657926531294447,0.015974060685912252,0.015556415841615183,0.8760739797438888,0.0,0.0,1.0,0.0,0.0,0.0,0.02188259733362736,0.9605118047814771,0.0,0.0330193092525271,0.8394040131508075,0.0,0.0486808123200684,0.0,0.0,0.8733756629008045,0.0,0.0,0.06034385428604146,0.7566105115456272,1.0,0.9115349999696803,0.8558650436904188,0.19146475959290418,0.0,0.0
0.1523996621531961,0.8197054670616201,0.050108788863568426,0.0,0.058960169816422436,0.006662805770204412,0.0,0.0,0.0,1.0,0.033721055327698875,0.0,0.0,0.0,0.0059784208966119495,0.02177245818487253,0.10514196226951356,0.697253533038998,0.0,0.01413557231518943,0.001454224308265811,0.28486762303123264,0.9896980734102088,0.0,0.03175549577968078,0.8352921449818281,0.9777436146658092,1.0,1.0,0.9377795260115154,1.0,0.0,0.0,0.00789423652876427,0.0,0.0,0.0,0.054163100481932215,0.9041175818616679,0.03733306346389525,0.068684693346644,0.0,0.02250329896465541,0.005540022381377131,0.0,0.02482924082485664,0.9507967336840776,0.1350256355938868,0.0,0.05648543445960024,0.020832431030026282,0.0,0.0,0.0,0.9044826546321159,0.0,0.0,0.014701271747946732,0.008855504037290879,0.0,0.0,0.0,0.01557669412741172,0.0,4.0
0.0,0.0,0.0,0.0,0.0,0.0,0.0,0.018917440528810225,0.0,0.0017914535827834536,0.7769762331478358,0.7613134133291434,0.6793458844258198,0.821788268102097,0.0,0.0,0.0,0.037798255608045284,0.0247926755607826,0.0,0.03937888943417678,0.0,0.6611492521412456,0.0,0.009807935964130238,0.0,0.0,0.02384509550835784,0.9066875568097892,0.8988903848158529,0.9544431050045327,0.0,0.09511553395523001,0.23744386142476348,0.0,0.054018337092442026,0.0,0.0,0.8197050332746623,0.01059394450168268,0.00897844223580923,0.0,0.0,0.0,0.0,0.012516483452981989,0.883566737663029,0.0,0.0,0.0,0.8708989038190275,0.8465257970594231,0.703549243431186,0.7491078474410697,0.0,0.20873975368617398,0.0066603651015247,0.0,0.0,0.0,0.055185765281491966,0.0,0.05434807749420816,0.004825309257723761,3.0
0.04271732081226506,0.019089200523092244,0.0,0.0998886986583972,0.0,0.0,0.0,0.07481237819555558,0.0,0.0,0.009797672013848936,0.012083458809327399,0.00999455894138902,0.0,0.01026610224091281,0.0,0.0,0.0,0.9172322035669502,0.9526687970190352,0.7574799894497142,0.9051093636774945,0.0,0.0,0.0574833059118317,0.971090260731543,0.0,0.008408165115456551,0.0,0.0,0.026171741029159003,0.03717031203174041,0.12989542522033226,1.0,0.7592523170619387,0.8362028150955789,0.9071088578054991,1.0,0.2706152611879326,0.02663411882759527,0.0,0.8813786058878733,0.0,0.07201723499381421,0.026304085646319825,0.03926258178539587,0.7038216755763653,0.05056380091559834,0.07781848542850188,0.9734886013969871,0.02949774749699053,0.0,0.026488459137209288,0.015943552997893636,1.0,0.0,0.0,0.017034147958769355,1.0,0.7477799470442509,1.0,0.9340837526604697,0.04351455518650556,0.01827294338632585,6.0
0.0,0.9943651591464264,0.032546063867722984,0.016281296707009826,0.0,0.0,0.0,0.041583334210014526,0.0,0.6876380706379648,0.01972759369178847,0.06630507097193793,0.0,0.05894281070987287,0.03258420849385859,0.0,0.041455479687563794,0.7631045895004319,0.0,0.02315091461394826,0.0,0.0,0.8260511864859569,0.009288482577209215,0.03702461938406419,0.8972430186215659,1.0,0.8328476436868729,0.8029101624766075,0.7789193602331893,1.0,0.0,0.07888622458695785,0.06825353868943428,0.0,0.047607315918953216,0.0,0.0,0.8689462993711696,0.0,0.0008621477702268299,0.0,0.08721497759749831,0.008106873578388022,0.0,0.0,0.8870134188130585,0.0,0.03608504128300046,0.0,0.05157054238865138,0.0,0.0,0.0,1.0,0.007173965727599887,6.29867872522123e-05,0.07351943906011589,0.055344612232764635,0.0,0.009784034907629075,0.0,0.0,0.01783964526834177,4.0
0.008101934389106174,0.053958835797869635,0.01148001860267277,0.07468298859245094,0.001380364952786315,0.06373465467002508,0.002582925241297657,0.05208188675012515,0.0,0.0,0.1306966261301362,0.0,0.0,0.0,0.09115896709376847,0.009669935249504274,0.060526642005581,0.0,0.68687451673229,0.7666909067450007,0.8353815809707817,0.9301017352130072,0.07245644815493042,0.021264975558981436,0.030679236004476793,0.9131286174269638,0.05029949315517212,0.047689756511959946,0.0,0.05187812014912116,0.7483363770649597,0.01587887659585707,0.06714731053533199,0.0,0.8622788003272077,0.9018361722864919,0.7469161167424134,0.8456972615111302,0.06826023332265178,0.013491339275233605,0.014945403614938272,0.819471580172032,0.0,0.05408308065024865,0.051128320173003367,0.009472267322004128,0.6890991904012782,0.0,0.11826482896029507,0.6462539813176909,0.044292836956899284,0.013950810321140178,0.071342741446603,0.0,0.7021561766727966,0.03343613582999448,0.0,0.011032876481981806,0.7240641824320926,0.9933493720590018,1.0,1.0,0.013277789982886626,0.045921462482143384,8.0
0.09824443691845851,0.0,0.04320439692002635,0.04211722683774416,0.0,0.09755483812605575,0.0,0.0,0.0,0.05084718524333681,0.0,0.08028453497950966,0.029464274927490847,0.2713110474744974,0.009475221024994563,0.0,0.0,0.057421119723375984,0.7988750003370506,0.6839545409712926,0.9032507891382592,1.0,0.0,0.03598555806751011,0.012325573475074526,0.8429658837841386,0.0,0.016900936883165598,0.046858843207079,0.007025852097033842,1.0,0.09558506212868934,0.10479226364372912,0.006242961899270018,0.9441156901817482,0.6700562454450029,0.8104792110056601,0.8240158990071543,0.8781679665174917,0.0,0.0,0.026379588778938187,0.0,0.04166879997262141,0.022843841486936273,0.25251587809346676,0.8802909407295796,0.002328189754013759,0.0,0.0,0.034884029273764404,0.05321142910037357,0.0,0.011469926510149836,0.9882600720187715,0.03302863539616776,0.001156680671320228,0.0,0.035850657094750986,0.031907931114878524,0.0,0.20029741129512318,0.010981295260878043,0.0001258875071827179,9.0
0.006550004391065752,0.04905452824209283,0.0,0.0,0.0,0.03233333000716012,0.05272345427768707,0.008775900495873451,0.035219493835957266,0.0,0.86441017260812,0.922171928358368,0.9697353299093079,0.763854376887522,0.0693744616060139,0.0,0.0,0.013632831887820406,0.0,0.02091760516663159,0.0,0.0066030433251463684,0.7587046044118569,0.08495410394396782,0.0,0.0,0.0,0.0,0.9188281797139191,0.7878125641119983,1.0,0.04685042217850982,0.00011593986973504156,0.0,0.005275723724594887,0.0,0.06285830318190382,0.0,0.9850865133981426,0.0,0.0,0.07685858805576151,0.0,0.021621643420577943,0.0699419089786069,0.1561845781694241,0.9130913407032113,0.0,0.0,0.0,0.9157859175470575,0.9956680265086724,0.7374673042861889,0.7050336503019212,0.0,0.0,0.0,0.14442636317373772,0.0,0.04216785354437291,0.01670844007800773,0.1651571598154435,0.023447425116194732,0.0,3.0
0.0,0.8781117040145738,0.975680168930148,0.6970673538126083,0.8144885730895066,0.693152409044565,1.0,0.03597535571666751,0.0,0.0,0.0003170240098157659,0.026575336737332256,0.02309441030245771,0.01241138979274796,0.7216532697605847,0.03699479186041484,0.0943581794607733,0.056208960361914764,0.07786215047021311,0.06791728467163843,0.0,0.8738584174005481,0.0,0.0,0.01307811338296131,0.0,0.02728220859431953,0.09269233206426042,0.882521006603255,0.06766446102025862,0.005675701117250625,0.04591062967819965,0.1359189659203836,0.06339751695324099,0.05016087511166524,0.8876257805129395,0.0,0.0,0.0033496039470989796,0.0,0.02098166937576312,0.03606787283551323,0.7845304294504937,0.0,0.0,0.262478208574038,0.0,0.026247082064384183,0.0,0.7834373088942975,0.0,0.0,0.007833055354863632,0.003047543359001712,0.0,0.09621814851535396,0.07622565643460483,0.045210109250816165,0.29202959164732356,0.0,0.0,0.0,0.0542728795034122,0.0,7.0
0.0,0.0,0.012428899536980087,0.0008643182737847338,0.0,0.0,0.04904557068343681,0.0,0.0,0.0,0.0,0.008826245019649417,0.0,0.08573476156133439,0.0,0.021336873248335473,0.0,0.03678421464412007,0.8454105910530143,0.8225635537863121,0.6525290456139392,1.0,0.04838883089623299,0.0,0.0,0.8937714649071083,0.0,0.0,0.024020213254336113,0.22213034485683786,0.8958968296576457,0.0,0.14442969825194715,0.9338661571507927,0.0,0.0,0.016417127061900943,0.0,0.9845598763447975,0.0,0.0,0.9023531239809496,0.03957777554496005,0.0,0.014859907547739692,0.024838882061490763,0.760020958837268,0.0,0.01090974662368976,0.7473860299186658,0.0,0.04221692761172399,0.0,0.11004524023560545,0.821129963643204,0.0,0.03429788296806236,0.0,0.7490799261654161,0.7880306462439822,0.6970587948582304,0.841703304478912,0.0,0.0,0.0
0.013814943120556082,0.0,0.010133697671703173,0.025113253431215607,0.011367223190736304,0.0,0.04911746844751405,0.0,0.0,0.0,0.0,0.0,0.05554878285931711,0.0,0.0286554342220681,0.0,0.0,0.0,0.9631523122761508,0.8210464420728564,0.746222937619415,0.7983820249020833,0.0,0.0,0.019263630177687105,0.868982985379719,0.0,0.026850926614863033,0.0,0.0,0.733558778733879,0.0,0.06745467490579164,0.7410985884239469,0.005671628554356628,0.0,0.0,0.036218829418323516,0.8041065161746803,0.01747016133939013,0.0,0.9642050355297243,0.09438608950070776,0.0050575433389150985,0.06933409332994778,0.06100365442460498,0.8035268914222392,0.0,0.0,0.8738757942289412,0.0,0.23770680339275033,0.0,0.02687103146227939,0.9216466176923392,0.014884419636731185,0.07979881577006727,0.0,0.7938572109084604,0.9863095422383336,0.770151859501873,0.8717962483008512,0.019883724000930924,0.0,0.0
0.0035012488466993567,1.0,0.9203622153362332,0.9583648831825594,0.9868814553482508,0.8345577874418761,0.7867985009483258,0.007692524148044649,0.01921639336157134,0.009489732564319337,0.08826863531301167,0.05108358140229485,0.0,0.07938245711484664,0.9231259907302322,0.024893068204612363,0.05736470636392474,0.09902991375649306,0.0,0.031920836020858365,0.0,0.7843975454019019,0.010029542784913954,0.03787744229259915,0.09103799761923714,0.0028747800064999503,0.0,0.05392167501968516,0.995043062232754,0.059321348593732115,0.03803839799383917,0.0622522526626768,0.02785290123972134,0.0,0.0,0.8822030350759933,0.0,0.03163493685389013,0.054328431291468915,0.0,0.017685366192302394,0.0,0.881046718969961,0.0,0.0,0.0,0.0,0.0,0.05974793156549127,0.7958029576482866,0.012183819066737829,0.0,0.10578285747939925,0.0,0.0,0.2208045542944315,0.0,0.0,0.0,0.03355881608560054,0.08453302278657263,0.0,0.04541857734384842,0.046056239193306876,7.0
0.033322097589084,0.7032521110837531,0.9503243492570963,0.9594945373441787,0.7308898755541905,0.9360184151498288,0.8688107620097546,0.0,0.0,0.04561419614535844,0.06572623599784332,0.0,0.019959608345054537,0.02494076876926143,1.0,0.018158012548030015,0.020805618412060065,0.0,0.016576260208204883,0.0,0.0,0.7983478700256189,0.0,0.0,0.0,0.054560598758122164,0.0,0.004632194295700637,0.7240803048098411,0.05988295013152265,0.0,0.0,0.0,0.004481915551399516,0.034946574220096935,0.8603725699173171,0.0,0.0,0.0,0.06260191239395697,0.06633343065929752,0.006569364049444493,0.8975879408141105,0.0,0.0,0.0,0.0,0.0,0.0,0.783028560520913,0.01837636486201691,0.0,0.0,0.0,0.0,0.021961085838074327,0.02002931307528498,0.0003558196083123909,0.0,0.0127530125409124,0.0,0.015406076006500045,0.0,0.06469196589939898,7.0
0.0,0.1057455619796308,0.061524486115614445,0.0,0.04247206233169034,0.0,0.0,0.0,0.0,0.17374089089430797,0.03046628893622721,0.0,0.0002570723906330896,0.0,0.0,0.0,0.0,0.0,0.8808436679198473,0.9256904590901807,0.7845305855535538,0.8701754482980759,0.0,0.0,0.1313548184417663,0.7760505351298805,0.05834130009922355,0.0,0.06624471662097507,0.0,0.7619143880462212,0.09845978346847434,0.0417749068681038,0.0,0.9431303573285543,1.0,0.9015941308075569,0.9140473125776718,0.0,0.0,0.01818960215230189,0.8883354377880568,0.0,0.0,0.012829254693023921,0.02859884928621142,0.9757958999346181,0.02655620914133948,0.3613530111263031,0.9309285534609231,0.0,0.025204010789671223,0.0,0.014545801854252758,0.8704911027165236,0.0,0.0064930442470584665,0.0,0.9030859492021291,0.8303589319532725,0.6782385719972253,0.8294650021327112,0.06350912586578174,0.06336955605659265,8.0
0.0,0.0008649386132998,0.016549649058342556,0.0,0.06032387293100175,0.10800384331561826,0.0,0.040810911670021585,0.0,0.007321922591742933,0.0,0.0,0.0,0.0,0.0,0.03735798019763421,0.0,0.02129198996727079,0.8832344267034512,0.7286980033133168,0.7894160625454643,0.9530712591610785,0.0,0.0,0.0,0.6678942029479573,0.009889868813837558,0.020634193922393393,0.0,0.04903046107378154,0.8830933823162849,0.0717037619924638,0.0,0.003304417242960045,0.8270668456211971,0.8630541307500507,0.8551801534209025,1.0,0.7823922888116285,0.0,0.0,0.0,0.037358177385371415,0.006020538748709774,0.02682115218361681,0.0,0.9004392570375467,0.032866846707395474,0.023241597053033566,0.003228162210135738,0.0,0.02552125226841442,0.0,0.0384208225539292,0.7983138806008443,0.0,0.0,0.03626247851386427,0.07866382748572559,0.0014446278341636804,0.06276816456417417,0.0,0.01000285753145234,0.152512257361251,9.0
0.0833326011167761,0.0,0.01584502682794892,0.08045853095353847,0.011394210217130068,0.07882144949464531,0.029934957607759917,0.0,0.021818134268177535,0.08547965330561173,0.045976292508197486,0.026429132277837587,0.0,0.0,0.027915287125916722,0.2747691221600291,0.20547919462747952,0.0,1.0,0.7703201187377693,0.9612238819229416,0.7262217790488389,0.04909578992029625,0.04585235973037017,0.024856651899173153,0.7897900132004689,0.0,0.01845720703156299,0.009866390120276429,0.0,0.0,0.0,0.01841646333321238,0.94429049122434,0.894825052771285,0.8193033891118562,0.7879836022501097,0.8173888042305228,0.0,0.015366374572203549,0.0,0.7235474098606166,0.0,0.0,0.04216169659803105,0.0,0.9022244268012296,0.0,0.12029465335938705,0.7974977850802543,0.0,0.058717942998657416,0.04789678612981512,0.040639513720572916,0.9465575153241476,0.0,0.1189488895363194,0.0367690877372132,0.8446207799617013,0.9025400059317594,0.9459156337869461,0.9608524964984756,0.054211230115253556,0.006478668714449427,6.0
0.0,0.02368624145458417,0.06076654274660758,0.07867192273075949,0.347415205542008,0.0,0.0,0.06601117081325415,0.0,0.017867485495949974,1.0,1.0,0.8715644257049581,0.9000712823117998,0.02212491395938801,0.0,0.0,0.015747730048062385,0.8614267051902982,0.022986122582157344,0.00026870289580467046,0.0,0.0,0.0,0.003965377987151901,0.046411337350866805,0.8039079971674131,1.0,0.9395637841963992,0.7535311126966354,0.0,0.027669523420137676,0.013345237232251644,0.0,0.09637747181615024,0.0,0.0,0.0,0.7298342377817446,0.014628122234802447,0.0,0.0,0.0,0.0,0.011808920037234853,0.0,0.8386504140009395,0.015878739530437745,0.0,0.016339964036958202,0.8380792539004592,1.0,0.8527479885241807,0.8584440222391703,0.06495058165978866,0.0,0.048272070405946194,0.1855297349404889,0.01315578877094608,0.0,0.0,0.04665211597956786,0.0266532696968058,0.0,5.0
0.03101210224951382,0.015494880606005818,0.0,0.009116728092272682,0.008890442337195366,0.0,0.0,0.0,0.0,0.0694296102698333,0.816159273411965,0.959513550400828,0.7614205957475666,0.7321508802980375,0.022259003903548374,0.0,0.0,0.0,0.09675553187410878,0.0,0.0,0.06665992397703696,0.8691037447286607,0.07050312020277627,0.09569337131781024,0.0,0.04420375073324588,0.0,0.7947116757604233,0.829331747753395,0.8664316042776207,0.08346115976360727,0.026272666972168873,0.02661579343066993,0.0,0.0023827318657663604,0.14712555556875925,0.0,0.9060475825168953,0.03556324659231266,0.0,0.0,0.0,0.028534511599214198,0.030640666243047544,0.08355872828161334,0.9937380455543665,0.0,0.04907524325899071,0.11616255011398743,0.7797121949467306,0.7972206084942857,0.6901392997398507,1.0,0.022936535761342903,0.10223625736693027,0.012522715064444946,0.0457846674677727,0.0,0.009061985092150933,0.061611666575078564,0.0,0.05369274411523989,0.0,3.0
0.0,0.0,0.0,0.0,0.011749136303004157,0.0,0.02147396689309318,0.0,0.004784888215332727,0.021264818820316726,0.0,0.0,0.003200515832379594,0.0,0.012964146750215589,0.0,0.0,0.09487710769025026,0.743683873924383,0.9729042715934375,0.811762972556978,0.9827429651902947,0.0668875735271829,0.0,0.0,1.0,0.0,0.025681575814849606,0.0,0.0,0.7882752516211713,0.0,0.0,0.0,0.8414412399404801,0.7459563231301877,0.97702339540149,1.0,0.926233382641824,0.0,0.07478560323157091,0.0,0.0,0.05579456480058298,0.038057085509192484,0.05228514338509643,0.8219966732058892,0.0,0.0,0.01124182630902102,0.017870788363991624,0.0,0.0,0.0,0.9037440687922956,0.0,0.06432221592001902,0.02726650283004832,0.10149680439373635,0.008983273249589314,0.06655192834992776,0.0,0.03411550705001869,0.0,9.0
0.0,0.0,0.011832783359411054,0.0,0.002867775514478246,0.0,0.0039022671845236273,0.0,0.0,0.0015876531417643694,0.0,0.0502388900788952,0.005646962972084212,0.0,0.0,0.0,0.0,0.0,0.9733871057441094,0.7750027386524387,0.9118206829872015,0.9754168992957395,0.048175598895577786,0.09631310299228463,0.22242607103089998,1.0,0.08281704495418774,0.0,0.07143040398117088,0.0,0.0,0.037510003025552206,0.0,1.0,1.0,0.7778037674966329,0.7482234006428783,0.825365226410153,0.0,0.0,0.0,0.8990856058442573,0.0,0.10025194572258218,0.0,0.0,1.0,0.024151711076540912,0.026404261073586056,0.671409420676901,0.034917695249117524,0.05855744242938359,0.07810040846581567,0.0124266551034907,0.7170581568925405,0.029161335111512796,0.0,0.04922499668735122,0.6319716316795907,0.7901575590763439,0.7096215740987889,0.8700118421659206,0.039695432248816484,0.0126925196237833,6.0
0.0,0.0,0.0,0.7292904174832333,0.0,0.026788333773585637,0.05097168793187719,0.055705688205100294,0.0,0.049061993442906404,0.002465337834296593,0.7531343814578421,0.0,0.0,0.0,0.01439110971914025,0.07124730370943681,0.0,0.0381682503664767,0.7222801865844372,0.0,0.0,0.0,0.0,0.0,0.0,0.0,0.83331272665227,0.0,0.0,0.05295622163988403,0.0,0.024333970100007873,0.0024823905168657647,0.0,1.0,0.0,0.01510919975564746,0.019960707262650503,0.003147696854669062,0.007207227913191685,0.002270737936628421,0.007848160704715472,0.9525524803528918,0.036440334050691796,0.0,0.0,0.040683529627169764,0.047631575059035966,0.0,0.02800730812176197,0.8274447600941538,0.0,0.03411027547352968,0.0,0.044200496111389036,0.0,0.03822330221601575,0.07502290436474332,0.839684560767374,0.1082351190027955,0.024981728006586795,0.006602620394888597,0.028484455801571412,1.0
0.010175319331683155,0.045620526717005144,0.08126158805992789,0.013625094898865549,0.0,0.046845018071681566,0.0,0.05990613506773943,0.03234811426865934,0.07436831439280689,0.00961931981358503,0.0,0.0,0.0,0.01868558756247071,0.004966180513656607,0.0,0.03365612604394013,0.9692604248391599,0.8305308599519664,0.911371911105924,0.8660486305942862,0.03473002828283544,0.0,0.0,1.0,0.0,0.052862579576618544,0.01764330478330901,0.0,0.0,0.0,0.02258292860642845,0.9483886954443462,1.0,1.0,0.8043083991861736,0.9648448072905466,0.0,0.0,0.09494387240767949,0.951374726531641,0.0041581547705679435,0.0,0.008874989424114894,0.0033949433723601333,0.9636102489944586,0.05308073780813655,0.023777016112714582,0.6710963721050037,0.038736075452416543,0.0,0.004373865340813818,0.0037704430327621624,0.7803994955844875,0.0,0.0,0.0,0.9546545335231326,0.767379398050318,0.9602078443753035,0.6623174584671357,0.0,0.1403514691011394,6.0
0.0,0.0,0.0,0.0,0.0,0.0,0.0,0.028023866591745612,0.07368867081153882,0.0011315748751278022,0.8596169849977632,0.8253517631226347,0.755389857730849,0.887618768022983,0.08636668670830483,0.03382465465523834,0.0,0.0,0.768108617324862,0.006920059116601704,0.0,0.006907308212524273,0.0,0.04373501243483327,0.0,0.07183384972347952,0.7442268991991081,0.7431319972639127,0.745883588130766,0.8299341408087089,0.0,0.0,0.0354135077181873,0.0,0.0031664551546041865,0.11091363169364377,0.0,0.0017099516155854007,0.8082631760237594,0.020110617438232347,0.0,0.009260679693269215,0.07591555522058994,0.0,0.053966804251181937,0.054662860524615636,0.7239922051062102,0.035985928973823626,0.0,0.0,0.7972286910130714,1.0,0.9302424476652807,0.7984196879510804,0.05265436262514524,0.03475370286740397,0.0953850722805674,0.0921719878425174,0.0,0.024088206838276983,0.0,0.0,0.050468121677339196,0.0,5.0
0.0,0.7951566699935687,0.0,0.0,0.18302678213415002,0.0,0.0,0.10642588978875263,0.010519691665560769,0.9064453073523554,0.0029714803874989434,0.060187738691094075,0.025842782579297147,0.04072745775343106,0.07561883089207204,0.059868633344358484,0.13452042244337556,0.9748033999650144,0.0,0.0,0.0,0.0,0.8225787284511478,0.07814827841663004,0.0,0.7207559006594226,0.9878739620980894,0.8132707482954215,0.9413874027390852,0.9716430084737117,0.778069985529137,0.09312391943230142,0.0,0.17801814320658593,0.0,0.0695306799711256,0.0,0.028755646099164818,0.7218275044203015,0.025850560252233774,0.25481529592587276,0.0,0.005059921095595818,0.0,0.0,0.0,0.8141479888022726,0.0,0.0,0.0,0.0415003385514175,0.0,0.05579657560607533,0.0,0.9809283002359565,0.0,0.0,0.32855084674224766,0.0,0.0,0.0,0.04024981944072655,0.03573405457478237,0.01222053152706265,4.0
0.0,0.04767507801848293,0.0,0.04385704635735718,0.10557958028902134,0.0,0.10480134153884653,0.0,0.054874757897384656,0.0,0.8996201844529709,0.9138369228187212,0.8501045775319545,0.7378694184693008,0.0,0.08439948241108129,0.0031430180065983833,0.24288156854047843,0.0,0.01817298256958791,0.0,0.053676679313461484,0.747842453371127,0.0,0.0,0.11738883245730487,0.018662477737722366,0.010924445620033557,0.017544793678289913,0.7849166074909665,0.0642383781620713,0.0,0.0,0.019241193171742436,0.0,0.035056988912173806,0.6775635935838842,0.0,0.0,0.03795578354379133,0.0,0.0,0.0,0.8622894236452404,0.0,0.002503583720816602,0.04924689927325375,0.0,0.007045575036342244,0.0,0.9911717508623527,0.7655512199414523,0.9473316556528815,0.7603270848871851,0.9059147424811818,0.050259973176227435,0.0,0.0,0.0,0.016076935863229492,0.0,0.02253134045359423,0.1345833784707331,0.0,2.0
0.0,0.017795644776415778,0.0,0.0,0.055654314013511764,0.0,0.0,0.0,0.0,0.0,0.003521436152060443,0.07080896649287155,0.02344136061040411,0.0,0.028459443685319653,0.02485357737537654,0.0,0.08703034803420713,0.9795778189743919,0.8791931178291086,1.0,0.994010947676454,0.10887995679322021,0.030298858313247874,0.0,0.8629512764682373,0.10269048630977827,0.00945718443309112,0.022030719247934503,0.0,0.9776750041785649,0.0,0.0,0.7605466891055572,0.1029182832021664,0.07740097707127645,0.009142145085037674,0.08213691069625839,0.647315120423485,0.057445762263196254,0.0004110762041600962,1.0,0.048912999942675395,0.04181874226318996,0.0,0.031135396955630296,0.7848073984148948,0.05990370689211583,0.009479276160167771,0.8673822953639803,0.0,0.008190347279469724,0.0,0.014055976374069438,0.9975104705746705,0.0,0.0,0.0001661985716463862,0.7263369032054545,0.7594350364535364,0.7686170406308872,0.7475681617678163,0.0015219905013147267,0.0128236933888916,0.0
0.0,0.02611168112030121,0.0,0.008829252755218679,0.003208574427620604,0.0,0.026031137726756248,0.0,0.030349608648665333,0.05688893170326498,0.03515707745798027,0.041500306879081815,0.04765953514019431,0.0,0.008838962321570066,0.0,0.0,0.034165611362240715,0.9613975981611924,0.8320305539189549,0.9455549523136711,0.9288732239055901,0.0,0.0,0.10105436808159401,0.8308815991405295,0.09060919500906588,0.0007614383972232792,0.008635363518904008,0.06640052690896024,0.9216083350625319,0.0,0.03097874753238676,0.862645840698078,0.034776790098527334,0.0,0.05322087205139883,0.12497133661452604,0.9322469056724307,0.0,0.0024488207134821666,0.8330250289083512,0.005488577701042899,0.0,0.0,0.25246268418801415,0.7921575861293885,0.0,0.011005592743122326,0.8565288952754403,0.0,0.0,0.011466138372332757,0.026966025515266497,0.626457278350667,0.08029707991862813,0.0,0.0,0.6751560502895562,0.9095242201809253,0.8252091589075117,1.0,0.0,0.0,0.0
0.0,0.0,0.03218268711262259,0.0,0.10784224654798774,0.0,0.0,0.027417914791880844,0.0,0.052144241846592054,0.7477417054360028,0.8974882514468049,0.9412445997085802,0.9122217246494502,0.0,0.0,0.019261799814782377,0.0021796812119182006,0.0,0.021498370125103583,0.0,0.04376225709446945,0.8630167805603055,0.0,0.0,0.029616248341561388,0.04345443071103684,0.01841989267492297,0.0,0.8665350752950428,0.0,0.0,0.019141224595056655,0.0,0.0,0.0,0.8785703622192024,0.0,0.2517441618918414,0.045172379545438325,0.0,0.07146547782327183,0.031068495937068202,0.8247301146595821,0.0,0.0,0.018385795015593422,0.006524909197599048,0.003260847750552925,0.10539311444789065,0.8576409798444627,0.7949574957420804,0.9422490896633411,0.8254724335467648,0.8027588684851532,0.0366330818494742,0.0,0.0,0.0,0.07612828699549856,0.0,0.010906773382853249,0.26011389884206687,0.05755594427567852,2.0
0.04940675342726013,0.09128797646626552,0.035727593754947,0.03290362027700528,0.0009647656645795282,0.0824944393247662,0.0,0.0818663965485935,0.0,0.0,0.0033717022165141858,0.0,0.0,0.0,0.0,0.0,0.040930892823775454,0.0,0.846702026812088,0.7509621621384035,0.8500993643567901,0.7649346422450125,0.0,0.041039138643822304,0.02597306621186121,0.9114414742206565,0.07725985370863042,0.0,0.0,0.0,0.08630348600702419,0.008425576706450286,0.0,0.8267364302154021,0.8141194236621654,0.8208611944750275,0.6973746368325647,0.971970754021493,0.01803680882502729,0.0,0.128545351122851,0.7525756991209576,0.0,0.08740846156919607,0.0,0.0,1.0,0.0,0.0,0.9678334767493844,0.0,0.268421788634953,0.0,0.0,0.7649535201228227,0.03166174493018014,0.0,0.03763995059634809,0.6904104353776306,0.7905359500916734,0.9279221119609241,0.7311669399302227,0.0092272205576195,0.0,6.0
0.029061144220499366,0.08364492703773908,0.02626954055989654,0.022209505248208812,0.0,0.003895759292228499,0.08974690051729456,0.1360673281382378,0.07072006783987726,0.06598643988548203,0.0218392714611996,0.02081649544040683,0.0,0.0,0.0803909437745416,0.02592173734519937,0.024095558720894403,0.032044138780823364,0.7485591887410225,0.9301920912460004,1.0,0.765429991224335,0.0,0.0,0.0,0.7374693167893913,0.007681591811628055,0.03797087382946498,0.03007869537223068,0.054947851921144535,0.0,0.0,0.0035592404384929624,0.9017248135351578,1.0,0.9552924608540794,0.9991409334394161,0.8726351396316371,0.0439487800601262,0.18863496256526935,0.05220079826268256,0.7366234659500548,0.0,0.0,0.0,0.04507141399658916,0.9737874195403736,0.030492023412481015,0.007034487342574213,1.0,0.0,0.0,0.010520723408075257,0.05367324147949788,0.7936674968367243,7.968686975376248e-05,0.04869330582629831,0.08662445970890335,0.9389289344163331,0.8591156825585479,0.7750748352388346,0.8181954007446233,0.021696950513280647,0.02782298531096249,6.0
0.0,0.8248783217160286,0.02269516838240583,0.06622620844705404,0.0,0.021901357706717008,0.04152662860362798,0.018252868451530502,0.0,0.9589275294451824,0.0,0.0049219043580487586,0.033255000327564135,0.0,0.0,0.0,0.0,0.7140088971332327,0.0,4.271454375225489e-05,0.1038742038601575,0.02227683323148187,0.8459627210031629,0.0056289109007923175,0.016755659143940834,0.9457878203819396,0.7017854940026729,0.8522435203375993,1.0,0.9206292283992549,0.8942216394435267,0.0,0.0,0.03615019656257463,0.0,0.028095030789730788,0.04588618120162645,0.012672141372598115,0.8798973550890101,0.006680701751333936,0.0826723925075765,0.0,0.0,0.0,0.0609257796238582,0.0,0.8737754531366411,0.0,0.0,0.0,0.0,0.056195170668442145,0.0,0.008891390858530433,0.7106644839870394,0.01622806113701231,0.0,0.0200566064059505,0.01435864890191608,0.06423973050332858,0.0,0.0,0.0,0.0,4.0
0.023541580922015116,0.0,0.0,0.022559342473185567,0.0,0.018842099448480087,0.0,0.007409262036022108,0.06014172106838708,0.07109494275724108,0.6748645220834549,0.82909342817628,0.8262113464641043,0.9009344297686022,0.0,0.0,0.036412576214349686,0.03198287352350139,0.8010849798330002,0.09303227907618779,0.0,0.04653622836535426,0.0,0.02673427420744333,0.0,0.016873009761818998,0.8644061414197011,0.9220441058285537,0.899523497871565,0.8878620721143844,0.02995743321244984,0.0,0.03261810707579374,0.0035526922247413406,0.11683538870179784,0.0,0.01397508346826487,0.007757965990667717,0.697270724447087,0.03212517691775026,0.0,0.0,0.0,0.0749153520234959,0.0,0.047076856427403314,0.6776981201239545,0.05730612202814403,0.11679117071756351,0.0,0.7747954798681992,0.8706135563560877,0.897117748255278,0.8126121810129233,0.010097191726248879,0.00019048874683954883,0.04550262043080103,0.04506179056314017,0.2613614342674163,0.0,0.0,0.0412896394565004,0.0,0.0,5.0
0.0,0.016391422672936546,0.0004476338987643455,0.0,0.06791838602347576,0.04864407257309105,0.0,0.0,0.017149447450272314,0.0436446947766268,0.014751610033928886,0.0,0.0,0.019959152139856152,0.0,0.05170264065180622,0.0,0.0,0.9671140930848331,0.8146511655509359,0.9934874428461861,1.0,0.08514054417402411,0.0,0.19649705239719722,0.9686341164127144,0.0,0.0,0.0,0.0,0.058352110431926535,0.02446311319435825,0.0,0.9272176689547305,0.8860512905448344,0.7548527160691262,0.847566194827955,0.7467092943870538,0.0,0.0,0.0,0.7442613613055225,0.0,0.051108720606405124,0.02920073579704864,0.07948620569965843,0.7978775553066644,0.0,0.007330379460192374,0.8690531538377322,0.0,0.0,0.0,0.004209195793803289,0.8206079623219791,0.0010052291560532286,0.0,0.0,0.804090563431077,0.7020772726728669,0.7292210463500194,0.9895654329435439,0.019698764697984563,0.0,6.0
0.0,0.8318915387378181,0.8333148728809437,0.7980435987785556,0.9034703373482619,0.8781205183662524,1.0,0.0,0.05521276412494909,0.0,0.0,0.005346465331047509,0.04501305304183383,0.041189699125067814,0.898355401529105,0.08043070230698851,0.0,0.08592914930264219,0.0,0.0,0.05465452490304439,0.9239811983959993,0.028690257496843032,0.0,0.0,0.049033597035051724,0.07744536858091564,0.0,0.8857523810285662,0.04483600837451412,0.0,0.0452143282444535,0.03770103790662379,0.0,0.02705175689625134,0.9003895262844293,0.03108780644197029,0.01921533617905742,0.0006791626741422201,0.0,0.0,0.058537902731665384,0.8199304817185429,0.0,0.0,0.042646276742294216,0.0,0.029348800494504432,0.0,0.7528067109085108,0.002553480928696847,0.0,0.0,0.0,0.007230930816321388,0.0,0.01594881640465238,0.0,0.0,0.0,0.05644532876338531,0.0,0.0,0.10159136914697149,7.0
0.07855430961910814,0.03316991944884286,0.06254209532070822,0.04151735800816716,0.039913445780411415,0.013021812781289225,0.03133256711104166,0.02841481630421845,0.0,0.008450259054539402,0.0,0.0,0.0,0.0,0.0,0.0,0.042623484290506976,0.030795264936085028,0.6320011766149827,0.8694953382137688,0.629565110929057,0.7347935559826579,0.0,0.012698557430616576,0.060277138052960415,0.9267785307819213,0.0,0.0,0.026452827141753607,0.23706240829674216,0.8014925992495179,0.04934442306068146,0.01899485648207485,0.01957007476074399,0.7582197021537337,1.0,0.7823135987114742,0.7833966802254959,0.0469214064282987,0.02077957485331767,0.0,0.8550000461967064,0.0,0.0,0.0718248625634985,0.0,0.871984354347702,0.011514227781877696,0.02168724324755103,0.7628056024904957,0.0,0.0,0.020043601590039747,0.0,0.7943540566972784,0.0,0.0,0.0,0.9539973054072962,0.8437728030079218,0.7440753746936353,0.8155736553168063,0.03711010985136939,0.0458581211956955,8.0
0.0,0.049229069099056284,0.02511683771974059,0.32135982050942313,0.0,0.0,0.04439678283126333,0.011308300451432543,0.0,0.0,0.0,0.0,0.0,0.0,0.030070324700412744,0.0,0.025399076553796487,0.06264789551538134,0.8014964042310675,0.9358867642625788,0.8508106429262886,0.9262604564930201,0.0,0.0,0.020883483372856282,1.0,0.0,0.0,0.0,0.0408732128494836,0.7682642614388264,0.005806107344462363,0.0,0.03682411930082072,0.8238412663213683,0.8091202808126794,0.8407265892857474,0.7153289937484181,0.861587216651812,0.0,0.2217860828924174,0.0,0.06718878761438975,0.05453179125393433,0.0,0.009641983381921636,0.8488255873304917,0.0057003067617276025,0.004255212102255527,0.0,0.0,0.0,0.0252052461844732,0.0,0.8099904477555762,0.021568109813935702,0.0,0.0,0.057642921320654995,0.025048533373118693,0.0,0.0,0.0,0.0,9.0
0.021676492610814342,0.0,0.005213799303068283,0.9477683184236253,0.0,0.0,0.0,0.012624762360074676,0.10752844017658421,0.06419497536849758,0.006017952620714081,0.6857499548301711,0.007016653596981626,0.023677816065525187,0.11267813154279159,0.060630738303945456,0.04292883583256263,0.07572099642515137,0.0,0.7839469240709238,0.020516797425932775,0.0,0.01044335069081323,0.05649135698726348,0.053701644895760584,0.038697423714409374,0.06353708399606907,0.8994586847611953,0.0,0.00122418095745855,0.0,0.03164869572434856,0.04916427637749931,0.0,0.0,0.8294658023256991,0.039518461557079165,0.0,0.0,0.008214468253706217,0.0,0.24267345164219775,0.015244017038917977,0.8048602642014466,0.0,0.004364394117559351,0.03970010048852199,0.0,0.05370812629553432,0.04376386480501171,0.05165049411161676,0.9959356745066239,0.07051426477290833,0.033663939447549904,0.03225208857160375,0.0,0.0,0.2905457697633276,0.0,0.988309835859407,0.01313118049779708,0.0,0.015542164126968058,0.028269053464551903,1.0
0.06468451956631634,0.3670462821993578,0.045190061825582634,0.06769935929623341,0.022447074918917318,0.0,0.028265993525125113,0.0004891518539360258,0.0,0.022205487027343998,0.043271281702414205,0.03289990257366667,0.0782141731275817,0.0,0.0,0.03947878432769564,0.0031420729095086343,0.0,0.904861342793328,0.7501159553573683,0.8957606428844251,0.7212334211339574,0.06940981913482165,0.017739626822595708,0.0005321205831875284,0.8326390826914203,0.004580727467600338,0.009368006817725975,0.019995132990092476,0.028961379254919695,0.896726407743593,0.0,0.0,0.052904733801995486,0.8438367195651628,0.9352849863885215,0.7405048817265494,0.7301998984226133,0.030028516766718513,0.02736316894180256,0.02145447687917817,0.7642647578254003,0.0576477870740864,0.0775746939875297,0.03443456894371106,0.0,0.9182125732538076,0.0,0.06895154808969976,0.9385304736234771,0.029583662770231174,0.02572032021881709,0.24892054060023577,0.0,0.8589272685352418,0.00601437286614272,0.019969295137706757,0.2251485967143594,0.7993226281578842,0.7579263492934388,0.9175832694541918,0.9355297261627804,0.0,0.010274883973341076,8.0
0.0901461869044152,0.06834371029001476,0.03796647137301853,0.05473543036434389,0.0,0.0,0.006744433360251413,0.0,0.0035564624870048143,0.09008811092742612,0.04823348718915624,0.058885633199775404,0.0429721626811394,0.021517683885991096,0.0,0.04983230289664945,0.0,0.0,0.8895528802216115,0.7532995611034571,0.8907868498768017,0.7930184758755341,0.0,0.06723047134281125,0.001791860814096386,0.8239210423752673,0.0,0.0,0.08778681528545014,0.04820010163468704,0.9986034014480343,0.042000392167222185,0.0,0.0,0.8104014432352353,0.8679101835260261,0.9416936262726961,1.0,0.7627442310539042,0.05787729108569326,0.0,0.02715792202193991,0.0,0.04615966724032622,0.017618824286935203,0.03500615239013949,0.94458944772106,0.0,0.014276420626722528,0.0,0.0,0.0,0.0,0.016090226333273044,0.7724027332254605,0.0,0.0,0.25832721482883664,0.0,0.0,0.0,0.07957955721956105,0.02072016305397406,0.005001158290602655,9.0
0.01088493680799233,0.2115910138903921,0.0,0.019763701062690736,0.006294357493951135,0.0,0.0,0.06737239334968267,0.0,0.0,0.7933758029144502,0.9966927230088517,0.8901228999812248,0.818919569306698,0.043901550649352215,0.0,0.0,0.0,0.12103370692013836,0.14175994415716825,0.0,0.0,0.7488121224997284,0.0,0.0,0.04844101482947198,0.0,0.0,0.9630084516314291,1.0,0.820933858895026,0.038499348366227176,0.0,0.019954216176666813,0.0,0.021280829720227875,0.0,0.0863475051808864,0.9813052350769235,0.03956203605053818,0.0257576745754465,0.0,0.0,0.06414918222006576,0.0,0.06993709014844933,0.8610494645629351,0.017698270486502743,0.0,0.0029370121626781293,0.7708722383274911,0.8759946973088105,0.8347162473302157,0.7238027942583386,0.007007749600030671,0.0,0.04315897822201782,0.0,0.05910917384007378,0.0,0.021380843286374886,0.026469884081295865,0.00860221385935272,0.005898627806018274,3.0
0.0,0.0,0.0,0.9411004751413914,0.0,0.11433352509004775,0.0,0.0,0.0,0.0,0.0,0.8651132702095942,0.0,0.0,0.07285224888923604,0.0,0.024547840096645967,0.04399091414809973,0.1730682103222303,0.9546248996701664,0.06790154989844775,0.016024815200767605,0.0,0.0,0.25668633633421356,0.0,0.0,0.752048041384982,0.017509891753869865,0.0,0.012168589941666025,0.14450277000030817,0.03307208980933473,0.0,0.013279686755756593,0.6624165250673816,0.048331583824371624,0.0,0.013350319479469948,0.03997684646985347,0.06085959387882792,0.0,0.0207686149413892,0.8429616655089809,0.0,0.03717822166246689,0.17456794244344143,0.07187879484249536,0.04776326537210153,0.052016784176335366,0.0,0.7224292607578897,0.0,0.004548460944539567,0.0,0.0,0.0,0.07411489696787284,0.0,0.977324523535692,0.23312587059394443,0.04533132907757823,0.014786657043922777,0.014123389598068779,1.0
0.0,0.02064207410394067,0.0,0.0058451635461381594,0.044381140010484044,0.0,0.0,0.1042010749582057,0.0,0.0,0.0,0.0,0.0,0.0,0.0,0.03279081582486828,0.0,0.0,0.8459145672257719,0.8298505082948345,0.8029352649240972,0.8218625574468943,0.0,0.0008911037010756956,0.0,0.9077534532989502,0.15428162320913116,0.05471414527988943,0.02818557542495267,0.08280610786822974,0.8696255553802491,0.06338154335054953,0.012667330287691667,0.036479474507846346,0.761267670602965,0.8706579615915861,0.7939347994569649,0.8651654959241656,0.0882430538077317,0.0,0.03702445222411664,0.9375084945539056,0.0,0.0,0.0,0.02087583764392166,0.9144009331072362,0.019276569082362527,0.0,0.8668280358693208,0.06976012418890874,0.13028820796822815,0.0,0.2721151565092967,0.9203127346039807,0.0755607952233251,0.0,0.0,0.8326263728323045,0.9026586854173432,0.7609291529379066,0.7502012994768246,0.04646225682653693,0.011652558469485286,8.0
0.04357879028113806,0.0,0.0,0.036463894003968426,0.0,0.0,0.0,0.08639481524644833,0.0,0.0,0.8541144364515109,0.8926898149975306,0.9482867869410286,0.6986936685094706,0.0,0.0,0.07521530349987943,0.0,0.0,0.0,0.0,0.0,0.962576886879405,0.02813208959626561,0.05864828833644249,0.007564791428532453,0.009072879465863628,0.0,0.047997882134272966,0.7787272937441837,0.0,0.0,0.0,0.028576538839505353,0.0,0.08937602819780956,0.8282447150018947,0.011406626500160581,0.0,0.0742272622754288,0.0,0.029919203445743694,0.04949594213131096,0.9883645008151597,0.14896543427102804,0.04831392967634491,0.002582940976516451,0.0,0.008867284361855686,0.006509034189364169,0.8983411125221,0.6855845905458641,0.7930626676419489,1.0,0.7564924749839084,0.017253472069476226,0.03885947805528317,0.007562748385121765,0.056521644767893925,0.04577715317409752,0.0,0.0,0.0,0.01978701238970777,2.0
0.0978401720204536,0.013939349148960781,0.04284815794221283,0.0,0.0,0.02593695680490198,0.0,0.0,0.07587844300265875,0.0,0.04215431509859045,0.050435581466819125,0.0,0.004516379893751375,0.0,0.053485781082677146,0.16858932192951417,0.0,0.8532113890898353,0.7089327779870677,0.7498877471521207,0.738827509139029,0.0,0.005813931703865535,0.0,1.0,0.0,0.02672403070663066,0.0,0.0,0.8144982133835479,0.0,0.0,0.005290454195561352,0.6153203518780513,0.7341983303796533,0.6656477675750222,0.8795760679688345,0.752977292237475,0.011177584949183757,0.22729683024562164,0.0,0.0,0.0,0.0,0.0,0.9772519252477693,0.0,0.03949021940642601,0.05814516477311654,0.0,0.0,0.026851079790367268,0.0,0.979182613380898,0.0,0.0,0.027801836717871783,0.007892940233035182,0.08117233767801804,0.0,0.06664249658132797,0.03125533111107486,0.0,9.0
0.02280218360960596,0.896090903152024,0.05505288403345951,0.0,0.0,0.0,0.09590751172547701,0.0,0.0,0.9458136761712341,0.0,0.12370083645574477,0.0,0.0,0.04844372073951218,0.1370018176200258,0.0599325590990641,0.7465382685476589,0.0,0.08173035963888256,0.0,0.0,0.7210959827554789,0.05550618892054135,0.04562298785980643,0.7686112592195077,0.7995172479765416,0.9520603818222828,0.732484347499246,0.7394236283920762,0.8648564718571412,0.0,0.00469573245182487,0.004953925169611883,0.03315298734096247,0.03449891668260435,0.0,0.0,0.8774084670156556,0.15491726116531482,0.04122445982876899,0.04761069510458965,0.0,0.0,0.0,0.10537893504290358,0.7543947285889352,0.0,0.056720828001707205,0.04588127103064286,0.0,0.035746145897182606,0.012080748618592362,0.014012393229785078,1.0,0.05033672010138595,0.10603752035106154,0.09484291358203066,0.0,0.0,0.013074759791368762,0.0,0.00069174620571659,0.005356072306392428,4.0
0.0,0.03228790714459266,0.0,0.0,0.045609017741943814,0.04164229814952879,0.0,0.004627323077011011,0.0,0.05471476251081277,0.0,0.0,0.008858409095024276,0.027230283774666277,0.0,0.07972884944062945,0.0,0.0,0.9163514144677445,0.7376961420621212,1.0,0.7717575268755852,0.0,0.05155368411723865,0.0,0.8425608292822332,0.047608700221674995,0.0,0.1858100280698371,0.0,0.7974865610751775,0.02139578465462841,0.0,0.011556645601671236,0.746113570019305,0.7011128862858719,0.859795993492572,0.8671727826887151,0.0,0.044662431367856525,0.0,0.9278344821086013,0.0,0.0,0.05997233065623593,0.011952659822299115,1.0,0.1251622847136218,0.04750302685906487,0.9280432874281019,0.004811148811498314,0.04354262577536353,0.024833632808624877,0.0,0.8762032138138132,0.0,0.0,0.0,0.7476275612511052,0.6479803865556706,0.7809041081254433,0.9489423606429814,0.04657984567939788,0.006722181272550285,8.0
0.007935324102214356,0.9414155268733365,0.0,0.07257448396827883,0.017542926830568756,0.0,0.008170223300898503,0.0,0.0,0.8929215445009606,0.13208343949756013,0.0758165405662734,0.0,0.0,0.0,0.0,0.0,0.8151198902374679,0.04382070619837572,0.0,0.007388117510715592,0.024270298357750263,0.8100484641937243,0.0,0.0,0.8229370947731829,0.9584644470813797,0.7577004025266371,0.7742947167794556,1.0,0.8312889261329434,0.11654537852109495,0.0,0.0,0.0,0.028666835033619737,0.22047453155764288,0.0,0.7491834317944074,0.0,0.0,0.0,0.0,0.011016368881455225,0.0,0.09842164555880593,0.9618589636096535,0.04620117114909714,0.10592307790588203,0.02126152402614101,0.0,0.0,0.0,0.024606096923300312,0.7002177058460957,0.06904070536915129,0.002642087659623783,0.001301978673314153,0.0,0.011461089962064495,0.0,0.22722264494365244,0.0,0.0,4.0
0.0,0.0,0.0,0.037688807900035086,0.027424681989324424,0.042834880748575235,0.0,0.05189737724007918,0.13462984425767466,0.0,0.7914980900550722,1.0,0.9276694244553004,0.7245483668124642,0.007261966878349392,0.0,0.0,0.0,0.7749726166282751,0.027963290939830323,0.27449718668701134,0.0,0.0,0.06150409768827965,0.0,0.05733862040409016,0.7708337202390745,0.9498829669439217,0.7585817331385643,0.7868022990329002,0.02119755322386731,0.009951037932830224,0.0,0.0,0.02730322846144545,0.047302977830143624,0.002431816808989593,0.0,0.9536121393297698,0.0,0.0316461703975436,0.0,0.04104745837240763,0.015274568386321226,0.0,0.015930493844884666,0.8570961275815464,0.023328996504376597,0.009052479988509587,0.0,0.913842685389851,0.8713527240351882,0.9728956858455351,0.9730782392120604,0.06284393804675237,0.009753048509120336,0.0,0.0,0.03877382466531841,0.051250162665284316,0.0,0.0,0.024704584010440563,0.0,5.0
0.255383200035285,0.018712493794038488,0.004144108747620651,0.0,0.0,0.039926607136643616,0.07400429900546834,0.05292837390085397,0.0,0.11583762032167812,0.8966159454966139,0.7992047283860214,0.6985158166492648,0.8724279895617646,0.012734212899184624,0.0,0.040512750069100746,0.013171264268854324,0.8564341431718472,0.003964087361512675,0.0,0.0,0.11552371429546685,0.02163709267266206,0.0064358666956196775,0.0,1.0,0.9105535719347703,0.7670484077208753,0.8349346444360521,0.02750266547208658,0.039372364607100495,0.02692457173423858,0.022864589104162517,0.038890197943579084,0.0,0.0,0.07928797048399783,1.0,0.0,0.015677525767279484,0.018182842047839223,0.00474473798654506,0.021972541443485514,0.013321141778814502,0.0,0.7788364927773409,0.0,0.0,0.3447961343095709,0.7459913004955476,0.8202293211700292,0.8271025214103659,0.8943254965038416,0.0,0.02536172061870075,0.0,0.05052417619186203,0.06700278973569145,0.018391340437686494,0.0,0.0,0.0015097648138559067,0.0,5.0
0.0,0.05765771970402167,0.04989517184106848,0.049752023413670285,0.058343066056857865,0.03042874861909139,0.02137825098375193,0.06779515332679568,0.0,0.03930460119870781,0.0,0.0,0.0,0.033320357742202225,0.09440841842862738,0.011168386547121283,0.0,0.0,0.7462168570999601,0.8960360786100316,0.6537894694796436,0.8594240615721972,0.18092096013627362,0.02213497081250962,0.0,0.7796120777095085,0.08840751314648464,0.08153003802892253,0.044299926162722186,0.0,0.9036088857146171,0.0,0.19258544311192521,0.8633368984482988,0.0,0.06101442840216318,0.004839954124300654,0.0,0.9246796457577088,0.08093522281752455,0.0,0.8308092215749162,0.02594904640542708,0.0,0.0,0.026676128822792813,0.7249757401616588,0.013235664904958476,0.03249883759621418,0.9268179511292329,0.06467257769491196,0.0,0.0,0.07027243863710375,1.0,0.007714958318055161,0.0,0.0,0.8762635134810758,0.6897784435888525,0.8875075831684786,0.7113842355421655,0.04856585666876645,0.017091229588392765,0.0
0.3251637683301823,0.0,0.02308323146786861,0.06578709890824425,0.0,0.03286879170096623,0.0,0.031146283549131168,0.0,0.0027664071634219065,0.9949121099964863,0.9267080366805207,0.7435116258207113,0.9180616363525067,0.07560580502735342,0.0,0.0,0.05685658845492925,0.0,0.0,0.0,0.0,0.7465073650431914,0.030409819971287017,0.013667988270266072,0.0,0.019521214305876923,0.00844326925495875,0.0,0.9833375803012048,0.0,0.0,0.005656639167666725,0.007427474024827518,0.17881403295134085,0.045295184767553724,0.9872913357002391,0.0,0.0,0.0042257452072561414,0.009116714248514688,0.0,0.0,0.9494364029827118,0.0,0.0121020276820945,0.0,0.0,0.0,0.05446426885007987,0.6985546418146078,0.848840642211155,0.8234506360616158,0.8900541352277949,0.7349338535376646,0.0,0.02250504722387476,0.0,0.05425990730878777,0.0,0.0,0.0,0.0,0.0,2.0
0.05426707202909023,0.029552045656802195,0.0,0.0,0.0,0.014393346107654945,0.0,0.10831897077203632,0.003024548081263233,0.0,0.8998005997620846,0.6673470614421061,0.901017741916441,0.8583129343783802,0.0,0.0,0.07194505949280265,0.0,0.0,0.08646288865905043,0.0,0.0,1.0,0.015830411911049527,0.007278279771253707,0.0,0.03192611278504834,0.0,0.9976425994505741,0.9232327611698556,1.0,0.037306764645277705,0.0,0.0,0.07028207089797849,0.0079416804580298,0.0,0.03941178026872226,0.8851008300505375,0.030858050551110402,0.0,0.0,0.0,0.04636908502097033,0.0,0.028321006882621687,0.8116653172086443,0.0,0.0,0.004541923018317012,1.0,0.9089293427628903,0.7871133208362785,0.7338133376401255,0.10406813168310242,0.02558144948990093,0.0,0.014267836027875467,0.06975145501443222,0.0,0.0,0.08053934901051901,0.0,0.04775026412888991,3.0
0.0,0.08506387990696947,0.10869621912646454,0.9180195929225324,0.024842449176635632,0.021654227358493094,0.014020651949288808,0.0,0.06072375663971119,0.0,0.0,0.7495412540922228,0.0,0.0,0.019392862553268844,0.0,0.0,0.0,0.07724846421360612,0.899024304513356,0.0,0.0,0.02240010650707758,0.0,0.027080054803261956,0.023881115176642622,0.0,0.8876684960392478,0.0,0.07842817021942497,0.03478761535606819,0.0,0.0789039290075009,0.033299953615497854,0.0002904282316376267,0.7010276582124457,0.1501353232263156,0.0,0.0,0.0,0.0,0.04584270169366829,0.009815040194462287,0.9193085645004845,0.0,0.0,0.0,0.0,0.04818471186709651,0.0,0.04835221019103686,0.836386595008353,0.0,0.1304731415021764,0.0,0.05865446569533688,0.0,0.01295170801954408,0.04347054960111829,0.8557265027312417,0.013253298089132429,0.03843055569110335,0.0,0.0,1.0
0.023332410146148206,0.015510837874605471,0.0,0.9461954815410857,0.0,0.048813997910194105,0.08726317151339488,0.041562835820842456,0.032701634278557115,0.0,0.034526933001200584,0.9464642847126298,0.0,0.0,0.026440615810166018,0.12380992675389974,0.0,0.0,0.0,0.7600748088556114,0.0,0.0,0.02400565024413589,0.021832075755267206,0.0011072810552737575,0.03821441103471118,0.03444223568797415,0.7734361385178803,0.0,0.0,0.013672853688732549,0.03526655552019712,0.0,0.09056680332271475,0.04600812664054794,0.9034984040338376,0.0,0.04313698582157327,0.029020393257328737,0.18803555762298305,0.0,0.020844488967204144,0.021935688546180145,0.8076517941262268,0.0,0.001556075932292787,0.0,0.0,0.0,0.0,0.0059801469211081685,0.7979067850703825,0.02918515932392591,0.0619957658385403,0.033493576886245296,0.11396860284246524,0.03374555731820304,0.01901609256740938,0.03174673769996616,0.7699756220531498,0.0,0.0,0.0757427518890447,0.0,1.0
0.0,0.010169238704017869,0.012311954365663569,0.02451527890706884,0.0,0.22625284986608632,0.01952766647585039,0.07179147488414041,0.0,0.0,0.03848900403064783,0.0,0.008038936364519082,0.013216658471230387,0.0,0.018829225652238546,0.0,0.0,0.7733348008117938,0.6943240218417492,1.0,1.0,0.03043195675860394,0.024366981323895427,0.0,0.9208543389255897,0.0,0.0,0.0,0.0,0.9933815841494482,0.025764547781347236,0.00899148203133867,0.8964817939562275,0.042354746191432716,0.0,0.0,0.0,0.9464771129542641,0.0,0.10336370369490962,0.7150985504665323,0.0,0.0,0.0010909101508045059,0.011577127685797248,0.9044670456196588,0.0,0.014071546859971846,0.6833426831941001,0.07331289351322544,0.021453973502231456,0.0,0.022636469660086134,0.7725727934834089,0.019674585767111733,0.019779220448714618,0.0,0.8728764383042652,1.0,0.7801147917912648,1.0,0.0,0.05954427270765033,0.0
0.0,0.0,0.0,0.13841220874282484,0.0,0.027563813046577165,0.1999853217713754,0.0,0.03334258709302331,0.0,0.7724836441632437,0.9980902320229882,0.9967389158696921,1.0,0.011272732548085718,0.0,0.0,0.0013308964175789007,0.8733157737901713,0.03431445379138294,0.0,0.08604180853004942,0.057947869478707295,0.0,0.0,0.0,0.9738297342991087,0.7593588696011451,0.730047654676452,0.8271364553941688,0.0,0.02691296132244486,0.03852680790399949,0.042342605462005155,0.0,0.0,0.033257424580263706,0.0,1.0,0.0,0.027215969270406943,0.06574658418298233,0.0,0.0,0.022244459125551633,0.031936716955153675,0.8885085403895036,0.03862336868374301,0.017368349308769796,0.04114376377630713,1.0,0.8830181114673583,0.8799332544217221,0.8337787444984667,0.0,0.0,0.01228646873583309,0.009219037627978056,0.0,0.0,0.0,0.0,0.04295174661925673,0.021184494023826852,5.0
0.09266605321291987,0.0,0.0,0.007088998384180433,0.0,0.0,0.13472698788984008,0.0,0.06565790155061645,0.025291808136971523,0.0,0.0,0.0,0.007876574964387711,0.0,0.0,0.05409827345651938,0.10059488258952241,0.7456822852417571,0.9563949505632953,0.9935254733659332,0.8481656097568614,0.0207963393194089,0.0,0.23878270115894007,1.0,0.0,0.05844372760914014,0.022781125869142813,0.0022530967853664,0.9567422109834514,0.040731807238793695,0.09820876757781782,0.7392346811769736,0.0,0.044882570302341086,0.0,0.035440746903065194,0.6306158087899352,0.0357465135229164,0.0,0.724119334273205,0.026792597507723805,0.0,0.0,0.0,0.9462058357124766,0.03774559820705198,0.04748489971159729,0.9201176845845731,0.0,0.0,0.03008478727250731,0.027827463049105633,0.7377323404265315,0.0,0.0,0.01794760758608126,0.8475276873084214,0.7986779742415395,1.0,0.7369265534682914,0.0,0.02153175481555655,0.0
0.0,0.0012011334426392736,0.023465316856188873,1.0,0.015977987147151537,0.0,0.0,0.04668251879619815,0.04163389815329237,0.0,0.25753014502608135,1.0,0.005192827351232185,0.0,0.0,0.12738529188778086,0.03483554844974326,0.0,0.05898409370693706,0.7092758278800347,0.0,0.009746579211272477,0.035446007710952764,0.0,0.05742012114869897,0.0,0.0,0.715035000172704,0.0,0.0397992050351747,0.0,0.0,0.03031303521886876,0.0,0.0,0.7990164671510835,0.0,0.026097451841441258,0.03372812825313521,0.031342317561569896,0.01486124999540586,0.0,0.0,0.8907824678305865,0.0,0.013216384827522756,0.0,0.019661763241883845,0.0,0.0,0.0,0.971476775138002,0.12423390706346578,0.009814706435524019,0.21129451337786048,0.03163076961066482,0.0,0.0,0.04925758933123758,0.9692420957152459,0.0006170662465238944,0.01447547441381606,0.0,0.0,1.0
0.0,0.8746853388663028,0.0,0.04286974784694913,0.0298162313354349,0.05473782789057211,0.01712855014185269,0.0,0.0,0.9324390462116289,0.0,0.0,0.1947947123813882,0.0,0.037791834893615005,0.0,0.0,0.9131273745600966,0.05213698582739548,0.02075218080482868,0.0,0.03897499846532191,0.7184247277969925,0.0,0.0,0.7696568443296983,0.765538553734816,0.663165720725082,0.6863774887638184,0.9464901264861724,0.6852551303844708,0.027912902836289416,0.0,0.026123830466514425,0.032701624632779966,0.06810288805122444,0.019070501030918834,0.04953129120224985,0.9537309543414197,0.0,0.11066147782932684,0.02819640838311049,0.0,0.0,0.0,0.0,0.9974442240387751,0.0,0.0,0.0,0.013530707320045422,0.058840283078271084,0.04350820192962061,0.03845053656028114,0.8188316350058212,0.08943238869873496,0.0,0.1765904336880602,0.05807442499685777,0.161376657980886,0.0,0.0,0.0,0.0,4.0
0.0,0.0,0.0,0.9550763698862281,0.07971392031534641,0.0066287631629466,0.0,0.020660811961890152,0.040314225379668084,0.021066556297923186,0.0,0.8728262122748085,0.0,0.0,0.05264821727282011,0.15977689938539674,0.011541643685896885,0.3324935480787378,0.021812055040857096,0.7707323975314773,0.0,0.0,0.0,0.0,0.0,0.0,0.10406723478726157,0.8115449714512606,0.0,0.0,0.0,0.12246648867993533,0.09195115295414076,0.0,0.12868381998092632,0.8444255951697952,0.0,0.00845184262410318,0.0,0.022302155773577855,0.0033062074960845443,0.0,0.035964780596358534,0.9490611233757893,0.0569772528876339,0.06559964029881066,0.0,0.0,0.0,0.01924779946924322,0.00964118755610108,0.8128552251577387,0.03637296131371947,0.0,0.014877292297437991,0.07079047326885428,0.031792031857627225,0.0,0.04492945722407585,0.8306432193480991,0.0,0.0,0.037134984798951325,0.060192157502527904,1.0
0.0,0.11745100156362914,0.0,1.0,0.04308899678705897,0.0,0.012742878583378607,0.0,0.07868710666808933,0.0,0.022069945156096407,0.8654318119835005,0.026548441450687518,0.02325522552613636,0.0,0.012484556157426462,0.0,0.0,0.009087736211363105,0.9034191427195137,0.0,0.08464565016221151,0.0,0.002979261718130004,0.0,0.0,0.0,0.7344865036477641,0.004572312824843809,0.0,0.0,0.028865439625847873,0.04871724141456696,0.0,0.0,1.0,0.0,0.0016750907847465591,0.035109755349300775,0.0430851974400941,0.06588522443882537,0.0,0.0,0.886080422505126,0.0325531047058595,0.0,0.04512413565078304,0.0,0.0016079987883999176,0.0,0.0,0.7913887003195643,0.0925515852425352,0.0,0.0,0.06325527280263174,0.0,0.23129216201736777,0.07940073114310398,0.8982614047575121,0.0,0.030121099832207357,0.0,0.007578310179380602,1.0
0.0,0.0,0.31315859706110943,0.0,0.0,0.046360617641965064,0.0,0.0,0.014987043599436723,0.02103034508890399,0.6891918379513408,0.8328259313024475,0.6736366204593047,0.973845956807573,0.04839416503077611,0.0,0.0,0.0,0.0,0.0,0.0,0.0,0.874102573784934,0.07624398000028627,0.0007167854527278671,0.03974477634373333,0.0,0.041314231928329545,0.9723486475797043,0.7458467747538755,0.7311724767784002,0.0320916048325669,0.020635289772077226,0.0,0.05256817904012704,0.00956869236605309,0.10465667261293576,0.0,1.0,0.054545937813480876,0.02520527625323729,0.0,0.10771028911270536,0.0,0.0,0.0,0.6551535754194575,0.0,0.0,0.0,1.0,0.83285917793749,0.9377581898066633,0.8950578365108434,0.03401643864122644,0.040716883842757456,0.0,0.0,0.01893131371269853,0.11334448761216044,0.03665718904523634,0.03708156753055107,0.02830774602864344,0.0,3.0
0.05454628005364694,0.07901186626370105,0.0,0.0,0.039289169003564946,0.0,0.0,0.0,0.05933659007371032,0.018782556990346398,0.01986528210121981,0.20002621898370407,0.06403919548351215,0.0,0.05780831661777595,0.037161737421791706,0.0,0.0,0.9206719840161579,0.6985939726048449,0.9009133457117429,0.7304139036437057,0.0,0.0,0.039780792076347535,0.9042525038018413,0.0,0.0,0.0,0.0,0.8725958338685702,0.03667968289907022,0.0,0.028859418304525365,0.8212470135870136,0.9158580247766662,0.7369768855498391,0.7380564895768764,0.0,0.0,0.006988138726356469,0.8428105858376741,0.0,0.013522951217044818,0.029235975508773767,0.08463396018145214,0.9140805503224971,0.0,0.07959442424699753,0.9817567942962798,0.06530369191558759,0.0,0.0,0.0,0.738174826495842,0.006715621141617648,0.06151933795033646,0.04741823099075759,0.9495730539718117,0.7990845571756521,0.7907276525542961,0.9638362601497468,0.07509643188676376,0.014173064630751643,8.0
0.03550908139137243,0.0,0.16356399920507958,0.0,0.029559701007202052,0.0,0.0,0.01047192562561182,0.0222807908077138,0.01400476817621532,0.0,0.06281865525785638,0.0,0.037496684130754646,0.05722023959400155,0.07715360558249618,0.0,0.07796039000279892,0.778218450086294,0.7824535053728722,0.9173655805716912,0.9568180541639021,0.0,0.0,0.0,0.7706589546074897,0.020234106037930043,0.2578543237927935,0.0,0.0,0.7532167530645408,0.0,0.0,0.00936687148349052,0.8752728072955229,0.6940947956022281,0.9312130750267907,0.7268205067858021,0.9118602788813375,0.0,0.009386792325430276,0.0,0.0,0.0,0.0017135911444465667,0.0,0.9909817076882628,0.0,0.0,0.0,0.013682221302282081,0.0,0.03420445258977361,0.029733367664623866,0.726257496147611,0.11646933504039136,0.0,0.0,0.015065820921900326,0.0,0.06164270516723689,0.0,0.0,0.06382529239761098,9.0
0.0,0.7326434413452595,0.7424419707916389,1.0,0.780727136088936,0.9594900445965268,0.8825662898863716,0.0,0.0,0.0,0.0,0.030046631257928547,0.0,0.008784617099275345,1.0,0.05484469051219335,0.011218020301246696,0.031390287492024535,0.07504736008912051,0.3012938080950886,0.02216787186917809,0.9953528798785554,0.06524798274476681,0.0,0.0081845142125776,0.007394035071314912,0.0,0.0,0.8298553318974075,0.05419684627999264,0.02944963713982541,0.0,0.008407644702124299,0.0,0.029868014572509784,0.9585714039586266,0.0,0.023416688328887873,0.05979518443456038,0.0,0.0,0.0,0.6605802138180921,0.0,0.21922180006257486,0.0,0.0,0.005092472803020009,0.0,0.8190030787973638,0.0,0.010475381920384157,0.012939450973536904,0.0,0.033827303289293696,0.0,0.04631061519895482,0.0,0.012239628646191603,0.04744789287006082,0.0818457142133254,0.0,0.09451110915049948,0.0,7.0
0.028655093915647484,0.9792471659455309,0.0,0.0,0.0,0.0,0.0,0.02417989912650462,0.0,0.8140361228938431,0.0,0.093491445051961,0.0608493456643322,0.028694243864081634,0.0,0.0,0.0,0.8875767397278058,0.0,0.0,0.10297233587157553,0.07156954511329841,0.8808838052866395,0.02067083265070038,0.02592695892882234,0.8653623073226985,0.944164720328514,1.0,0.8233270695554732,0.6838747547921049,0.7723984635608147,0.0,0.0,0.0,0.010308701898775013,0.011010053353895882,0.0,0.0008472770502813247,0.8428728801804168,0.0,0.0,0.04633743417570364,0.0,0.0,0.03708865526113371,0.0,1.0,0.0,0.10662210385314926,0.011418236463374067,0.038880905999948145,0.0,0.000546124420578828,0.06387105447765812,0.824834052378631,0.0,0.0,0.0,0.0,0.0,0.0,0.0,0.0,0.0,4.0
0.0,0.0,0.0,0.0,0.0,0.0,0.0,0.0,0.0,0.44999998807907104,0.44999998807907104,0.44999998807907104,0.44999998807907104,0.0,0.0,0.0,0.44999998807907104,1.0,1.0,1.0,1.0,0.44999998807907104,0.0,0.0,1.0,1.0,0.44999998807907104,0.44999998807907104,1.0,0.44999998807907104,0.44999998807907104,0.44999998807907104,1.0,0.44999998807907104,0.44999998807907104,1.0,1.0,0.44999998807907104,1.0,1.0,0.44999998807907104,1.0,1.0,1.0,1.0,1.0,1.0,0.44999998807907104,0.0,0.44999998807907104,0.44999998807907104,0.44999998807907104,0.44999998807907104,0.44999998807907104,0.44999998807907104,0.0,0.0,0.0,0.0,0.0,0.0,0.0,0.0,0.0,0
